text,where,bg,cs,da,de,el,es,fi,fr,hi,hr,hu,id,it,ja,ko,ms,nb,nl,pl,pt,pt-BR,ro,ru,sk,sr,sv,th,tr,uk,vi,zh
That page isn’t here,docs/404.html,Тази страница я няма,Tahle stránka tu není,Den side er her ikke,Diese Seite ist nicht hier,Aυτή η σελίδα δεν υπάρχει,Esa página no está aquí,Tätä sivua ei ole,Cette page n'existe pas,यह पृष्ठ यहाँ नहीं है,Ove stranice nema,Ez az oldal nincs itt,Halaman ini tidak ada,Questa pagina non esiste,ページが見つかりません,페이지를 찾을 수 없습니다,Halaman ini tiada di sini,Denne siden finnes ikke,Deze pagina bestaat niet,Ta strona nie istnieje,Esta página não está aqui,Esta página não está aqui,Pagina asta nu e aici,Эта страница не найдена,Táto stránka tu nie je,Ове странице нема,Sidan finns inte här,ไม่พบหน้านี้,Bu sayfa bulunamadı,Такої сторінки немає,Trang không tồn tại,页面不存在
"The link may be out of date, or the page may have moved. Everything below still works.",docs/404.html,Връзката може да е остаряла или страницата да е преместена. Всичко по-долу продължава да работи.,Odkaz může být zastaralý nebo se stránka přesunula. Všechno níže funguje dál.,"Linket kan være forældet, eller siden kan være flyttet. Alt herunder virker stadig.",Der Link ist möglicherweise veraltet oder die Seite wurde verschoben. Alles darunter funktioniert weiterhin.,Ο σύνδεσμος ενδέχεται να έχει λήξει ή η σελίδα μετακινήθηκε. Όλα τα παρακάτω εξακολουθούν να λειτουργούν.,Es posible que el enlace esté desactualizado o que la página se haya movido. Todo lo de abajo sigue funcionando.,Linkki voi olla vanhentunut tai sivu on siirretty. Kaikki alla oleva toimii edelleen.,Le lien est peut-être périmé ou la page a été déplacée. Tout ce qui suit fonctionne toujours.,"लिंक पुराना हो सकता है, या पृष्ठ स्थानांतरित हो गया होगा। नीचे दी गई सभी चीज़ें अभी भी काम कर रही हैं।",Poveznica je možda zastarjela ili je stranica premještena. Sve niže i dalje radi.,"Lehet, hogy a hivatkozás elavult, vagy az oldal átkerült máshová. Lentebb minden működik.","Tautan mungkin sudah kedaluwarsa, atau halaman mungkin telah dipindahkan. Semua di bawah ini tetap berfungsi.",Il link potrebbe essere obsoleto o la pagina potrebbe essere stata spostata. Tutto quello che trovi sotto funziona ancora.,リンクが古いか、ページが移動した可能性があります。以下の機能は引き続きご利用いただけます。,링크가 만료되었거나 페이지가 이동되었을 수 있습니다. 아래 navigation/기능은 정상 작동합니다.,"Pautan mungkin sudah lapuk, atau halaman itu telah dipindahkan. Semua yang di bawah masih berfungsi.","Lenken kan være utdatert, eller siden kan ha flyttet på seg. Alt nedenfor virker fortsatt.",De link is mogelijk verouderd of de pagina is verplaatst. Alles hieronder werkt nog steeds.,Link może essere nieaktualny lub strona została przeniesiona. Wszystko poniżej nadal działa.,A ligação pode estar desatualizada ou a página pode ter mudado de sítio. Tudo o que se segue continua a funcionar.,"O link pode estar desatualizado, ou a página pode ter mudado de lugar. Tudo o que vem abaixo continua funcionando.",Poate că linkul e învechit sau pagina s-a mutat. Tot ce e mai jos funcționează în continuare.,"Ссылка могла устареть, или страница была перемещена. Всё, что находится ниже, по-прежнему работает.",Odkaz môže byť zastaraný alebo sa stránka presunula. Všetko nižšie funguje ďalej.,Веза је можда застарела или је страница премештена. Све испод и даље ради.,Länken kan vara föråldrad eller så har sidan flyttats. Allt nedan fungerar fortfarande.,ลิงก์อาจเก่าเกินไป หรือหน้านี้อาจถูกย้ายไปแล้ว ทุกอย่างด้านล่างยังใช้งานได้ตามปกติ,Bağlantı güncel olmayabilir veya sayfa taşınmış olabilir. Aşağıdaki her şey çalışmaya devam etmektedir.,"Можливо, посилання застаріло або сторінку перенесено. Усе, що нижче, працює.",Liên kết có thể đã cũ hoặc trang đã được di chuyển. Mọi thứ bên dưới vẫn hoạt động bình thường.,链接可能已过期或页面已被移动。下面的内容仍可正常使用。
Go to the home page,docs/404.html,Към началната страница,Přejít na úvodní stránku,Gå til forsiden,Zur Startseite,Μετάβαση στην αρχική σελίδα,Ir a la página de inicio,Siirry etusivulle,Aller à la page d'accueil,होम पेज पर जाएं,Idi na početnu stranicu,Vissza a főoldalra,Buka halaman utama,Vai alla pagina principale,ホームへ戻る,홈페이지로 이동,Ke halaman utama,Gå til forsiden,Ga naar de homepage,Przejdź do strony głównej,Ir para a página inicial,Ir para a página inicial,Mergi la pagina principală,Перейти на главную,Prejsť na úvodnú stránku,Иди на почетну страницу,Gå till startsidan,ไปที่หน้าแรก,Ana sayfaya git,На головну,Đi đến trang chủ,返回首页
Download Lingueez,docs/404.html docs/_includes/pages/download.html,Изтеглете Lingueez,Stáhnout Lingueez,Hent Lingueez,Lingueez herunterladen,Λήψη του Lingueez,Descargar Lingueez,Lataa Lingueez,Télécharger Lingueez,Lingueez डाउनलोड करें,Preuzmi Lingueez,A Lingueez letöltése,Unduh Lingueez,Scarica Lingueez,Lingueez をダウンロード,Lingueez 다운로드,Muat turun Lingueez,Last ned Lingueez,Download Lingueez,Pobierz Lingueez,Transferir o Lingueez,Baixar o Lingueez,Descarcă Lingueez,Скачать Lingueez,Stiahnuť Lingueez,Преузми Lingueez,Ladda ner Lingueez,ดาวน์โหลด Lingueez,Lingueez'i İndir,Завантажити Lingueez,Tải xuống Lingueez,下载 Lingueez
Features,docs/404.html docs/_includes/nav.html,Възможности,Funkce,Funktioner,Funktionen,Χαρακτηριστικά,Características,Ominaisuudet,Fonctionnalités,विशेषताएं,Značajke,Funkciók,Fitur,Funzionalità,機能,주요 기능,Ciri-ciri,Funksjoner,Functies,Funkcje,Funcionalidades,Recursos,Funcții,Возможности,Funkcie,Могућности,Funktioner,ฟีเจอร์,Özellikler,Можливості,Tính năng,功能特性
E-reader plugin,docs/404.html,Приставка за електронен четец,Zásuvný modul pro čtečku,Udvidelse til e-bogslæser,E-Reader-Plugin,Πρόσθετο για e-reader,Plugin para e-reader,Lukulaitteen lisäosa,Plugin pour liseuse,ई-रीडर प्लگइन,Dodatak za e-čitač,E-könyv-olvasó bővítmény,Plugin e-reader,Plugin per e-reader,電子書籍リーダープラグイン,전자책 리더 플러그인,Pemalam pembaca e-buku,Tillegg for e-bokleser,E-reader plugin,Wtyczka do e-czytnika,Extensão para leitor de livros digitais,Extensão para leitor de e-books,Extensie pentru e-reader,Плагин для электронной книги,Doplnok pre čítačku,Додатак за е-читач,E-läsartillägg,ปลั๊กอินสำหรับเครื่องอ่านอีบุ๊ก,E-okuyucu eklentisi,Плагін для е-читача,Plugin cho máy đọc sách,电子书阅读器插件
Web app,docs/404.html docs/_includes/footer.html,Уеб приложение,Webová aplikace,Webapp,Web-App,Εφαρμογή Web,Aplicación web,Verkkosovellus,Application web,वेब ऐप,Web aplikacija,Webalkalmazás,Aplikasi web,App web,Web アプリ,웹 앱,Aplikasi web,Nettapp,Webapp,Aplikacja internetowa,Aplicação web,Aplicativo web,Aplicație web,Веб-приложение,Webová aplikácia,Веб апликација,Webbapp,เว็บแอป,Web uygulaması,Вебзастосунок,Ứng dụng Web,网页版应用
Privacy Policy,docs/404.html docs/_includes/footer.html,Политика за поверителност,Zásady ochrany osobních údajů,Privatlivspolitik,Datenschutzerklärung,Πολιτική Απορρήτου,Política de privacidad,Tietosuojaseloste,Politique de confidentialité,गोपनीयता नीति,Pravila privatnosti,Adatvédelmi tájékoztató,Kebijakan Privasi,Informativa sulla privacy,プライバシーポリシー,개인정보 처리방침,Dasar Privasi,Personvernerklæring,Privacybeleid,Polityka prywatności,Política de Privacidade,Política de Privacidade,Politica de confidențialitate,Политика конфиденциальности,Zásady ochrany osobných údajov,Политика приватности,Integritetspolicy,นโยบายความเป็นส่วนตัว,Gizlilik Politikası,Політика конфіденційності,Chính sách bảo mật,隐私政策
Email support,docs/404.html,Поддръжка по имейл,Podpora e-mailem,Support på e-mail,E-Mail-Support,Υποστήριξη μέσω email,Soporte por correo electrónico,Sähköpostituki,Support par e-mail,ईमेल सहायता,Podrška e-poštom,E-mailes támogatás,Dukungan email,Supporto via e-mail,メールサポート,이메일 지원,Sokongan e-mel,Støtte på e-post,E-mailondersteuning,Wsparcie e-mail,Apoio por e-mail,Suporte por e-mail,Asistență prin e-mail,Поддержка по эл. почте,Podpora e-mailom,Подршка путем е-поште,E-postsupport,ติดต่อฝ่ายสนับสนุนทางอีเมล,E-posta desteği,Написати в підтримку,Hỗ trợ qua email,电子邮件支持
Build vocabulary with confidence—across every language you learn.,docs/_includes/footer.html,"Трупайте речников запас уверено — на всеки език, който учите.","Budujte slovní zásobu s jistotou — v každém jazyce, který se učíte.","Byg ordforråd med selvtillid — på hvert eneste sprog, du lærer.","Bauen Sie Ihr Vokabular mit Selbstvertrauen auf – in jeder Sprache, die Sie lernen.",Χτίστε το λεξιλόγιό σας με αυτοπεποίθηση — σε κάθε γλώσσα που μαθαίνετε.,Construye tu vocabulario con confianza en cada idioma que aprendas.,"Kartuta sanastoasi varmoin mielin — jokaisella kielellä, jota opiskelet.","Enrichissez votre vocabulaire en toute confiance, dans chaque langue que vous apprenez.",विश्वास के साथ शब्दावली बनाएं—हर उस भाषा में जिसे आप सीखते हैं।,Gradite vokabular sigurno — na svakom jeziku koji učite.,"Építsd a szókincsed magabiztosan — minden nyelven, amit tanulsz.",Bangun kosakata dengan percaya diri—di setiap bahasa yang Anda pelajari.,"Costruisci il tuo vocabolario in sicurezza, in ogni lingua che impari.",学習中のあらゆる言語で、着実に語彙力を身につけましょう。,자신 있게 어휘를 늘려보세요 — 배우는 모든 언어에서.,Bina kosa kata dengan yakin — dalam setiap bahasa yang anda pelajari.,Bygg ordforråd med selvtillit — på hvert eneste språk du lærer.,Bouw met vertrouwen aan je woordenschat — in elke taal die je leert.,"Buduj słownictwo z pewnością siebie — w każdym języku, którego się uczysz.",Construa vocabulário com confiança — em cada língua que estuda.,Construa vocabulário com confiança — em cada idioma que você estuda.,Construiește-ți vocabularul cu încredere — în fiecare limbă pe care o înveți.,"Уверенно расширяйте словарный запас — для каждого языка, который вы изучаете.","Budujte slovnú zásobu s istotou — v každom jazyku, ktorý sa učíte.",Градите речник са сигурношћу — на сваком језику који учите.,Bygg upp ditt ordförråd med självförtroende – i alla språk du lär dig.,สร้างคลังคำศัพท์อย่างมั่นใจ — ในทุกภาษาที่คุณกำลังเรียน,Öğrendiğiniz her dilde kelime bilginizi güvenle geliştirin.,"Вивчайте лексику впевнено — незалежно від того, яку мову ви опановуєте.",Xây dựng vốn từ vựng tự tin — trên mọi ngôn ngữ bạn học.,自信积累词汇——轻松掌握您学习的每门语言。
Product,docs/_includes/footer.html,Продукт,Produkt,Produkt,Produkt,Προϊόν,Producto,Tuote,Produit,उत्पाद,Proizvod,Termék,Produk,Prodotto,製品,제품,Produk,Produkt,Product,Produkt,Produto,Produto,Produs,Продукт,Produkt,Производ,Produkt,ผลิตภัณฑ์,Ürün,Продукт,Sản phẩm,产品
Desktop,docs/_includes/footer.html docs/_includes/i18n-js.html docs/_includes/nav.html,Компютър,Počítač,Computer,Desktop,Επιφάνεια εργασίας,Escritorio,Tietokone,Bureau,डेस्कटॉप,Računalo,Számítógép,Desktop,Desktop,デスクトップ,데스크톱,Komputer,Datamaskin,Desktop,Desktop,Computador,Computador,Computer,Компьютер,Počítač,Рачунар,Skrivbord,คอมพิวเตอร์,Masaüstü,Комп’ютер,Máy tính,桌面端
Android,docs/_includes/footer.html docs/_includes/nav.html,Android,Android,Android,Android,Android,Android,Android,Android,एंड्रॉइड,Android,Android,Android,Android,Android,Android,Android,Android,Android,Android,Android,Android,Android,Android,Android,Android,Android,Android,Android,Android,Android,Android
KOReader plugin,docs/_includes/footer.html,Приставка за KOReader,Modul pro KOReader,KOReader-udvidelse,KOReader-Plugin,Πρόσθετο KOReader,Plugin para KOReader,KOReader-lisäosa,Plugin KOReader,KOReader प्लगइन,Dodatak za KOReader,KOReader-bővítmény,Plugin KOReader,Plugin per KOReader,KOReader プラグイン,KOReader 플러그인,Pemalam KOReader,KOReader-tillegg,KOReader-plugin,Wtyczka KOReader,Extensão KOReader,Extensão KOReader,Extensie KOReader,Плагин KOReader,Doplnok pre KOReader,Додатак за KOReader,KOReader-tillägg,ปลั๊กอิน KOReader,KOReader eklentisi,Плагін KOReader,Plugin KOReader,KOReader 插件
Resources,docs/_includes/footer.html,Ресурси,Zdroje,Ressourcer,Ressourcen,Πόροι,Recursos,Aineistot,Ressources,संसाधन,Resursi,Források,Sumber Daya,Risorse,リソース,리소스,Sumber,Ressurser,Bronmateriaal,Zasoby,Recursos,Recursos úteis,Resurse,Ресурсы,Zdroje,Ресурси,Resurser,แหล่งข้อมูล,Kaynaklar,Ресурси,Tài nguyên,资源
Download,docs/_includes/footer.html docs/_includes/nav.html docs/_includes/pages/home.html,Изтегляне,Stáhnout,Hent,Download,Λήψη,Descargar,Lataus,Télécharger,डाउनलोड,Preuzimanje,Letöltés,Unduh,Download,ダウンロード,다운로드,Muat turun,Nedlasting,Downloaden,Pobierz,Transferir,Download,Descărcare,Скачать,Stiahnuť,Преузимање,Ladda ner,ดาวน์โหลด,İndir,Завантажити,Tải xuống,下载
Source code,docs/_includes/footer.html,Изходен код,Zdrojový kód,Kildekode,Quellcode,Πηγαίος κώδικας,Código fuente,Lähdekoodi,Code source,सोर्स कोड,Izvorni kod,Forráskód,Kode sumber,Codice sorgente,ソースコード,소스 코드,Kod sumber,Kildekode,Broncode,Kod źródłowy,Código-fonte,Código-fonte,Cod sursă,Исходный код,Zdrojový kód,Изворни код,Källkod,ซอร์สโค้ด,Kaynak kodu,Вихідний код,Mã nguồn,源代码
Support the project,docs/_includes/footer.html docs/_includes/pages/home.html,Подкрепете проекта,Podpořte projekt,Støt projektet,Das Projekt unterstützen,Υποστηρίξτε το έργο,Apoyar el proyecto,Tue projektia,Soutenir le projet,परियोजना का समर्थन करें,Podržite projekt,Támogasd a projektet,Dukung proyek ini,Sostieni il progetto,プロジェクトを支援,프로젝트 후원하기,Sokong projek ini,Støtt prosjektet,Steun het project,Wesprzyj projekt,Apoie o projeto,Apoie o projeto,Susține proiectul,Поддержать проект,Podporte projekt,Подржите пројекат,Stöd projektet,สนับสนุนโครงการ,Projeyi destekleyin,Підтримати проєкт,Ủng hộ dự án,支持本项目
Legal,docs/_includes/footer.html,Правна информация,Právní informace,Juridisk,Rechtliches,Νομικά,Aviso legal,Lakiasiat,Mentions légales,कानूनी,Pravno,Jogi tudnivalók,Hukum & Legal,Note legali,法的情報,법적 공지,Perundangan,Juridisk,Juridisch,Kwestie prawne,Aspetos legais,Jurídico,Juridic,Юридическая информация,Právne informácie,Правне информације,Juridiskt,ข้อกฎหมาย,Yasal,Правова інформація,Pháp lý,法律声明
Terms,docs/_includes/footer.html,Условия,Podmínky,Vilkår,Nutzungsbedingungen,Όροι χρήσης,Términos y condiciones,Ehdot,Conditions d'utilisation,शर्तें,Uvjeti,Feltételek,Syarat & Ketentuan,Termini di servizio,利用規約,이용약관,Terma,Vilkår,Voorwaarden,Regulamin,Termos,Termos,Termeni,Условия использования,Podmienky,Услови,Villkor,ข้อกำหนด,Şartlar,Умови,Điều khoản,服务条款
Contact,docs/_includes/footer.html,Контакт,Kontakt,Kontakt,Kontakt,Επικοινωνία,Contacto,Yhteystiedot,Contact,संपर्क करें,Kontakt,Kapcsolat,Kontak,Contatti,お問い合わせ,문의하기,Hubungi,Kontakt,Contact,Kontakt,Contacto,Contato,Contact,Контакты,Kontakt,Контакт,Kontakt,ติดต่อ,İletişim,Контакти,Liên hệ,联系我们
Lingueez on a phone,tools/site/build_hero.py,Lingueez на телефон,Lingueez v telefonu,Lingueez på telefonen,Lingueez auf dem Smartphone,Το Lingueez στο κινητό,Lingueez en el teléfono,Lingueez puhelimessa,Lingueez sur smartphone,फोन पर Lingueez,Lingueez na mobitelu,A Lingueez telefonon,Lingueez di ponsel,Lingueez sullo smartphone,スマートフォン版 Lingueez,모바일 Lingueez,Lingueez pada telefon,Lingueez på telefonen,Lingueez op je telefoon,Lingueez na telefonie,O Lingueez no telemóvel,O Lingueez no celular,Lingueez pe telefon,Lingueez на смартфоне,Lingueez v telefóne,Lingueez на телефону,Lingueez på telefonen,Lingueez บนมือถือ,Telefonda Lingueez,Lingueez на смартфоні,Lingueez trên điện thoại,手机端 Lingueez
Today at a glance,tools/site/build_hero.py,Днешният ден накратко,Dnešek v kostce,Dagen i dag kort fortalt,Heute auf einen Blick,Η σημερινή εικόνα,Resumen de hoy,Tämä päivä lyhyesti,Aujourd'hui en un coup d'œil,आज का अवलोकन,Današnji dan ukratko,A mai nap röviden,Sekilas hari ini,Panoramica di oggi,今日の概要,오늘의 한눈에 보기,Hari ini secara ringkas,Dagen i dag kort fortalt,Vandaag in één oogopslag,Dzisiejsze podsumowanie,O dia de hoje num relance,O dia de hoje num relance,Ziua de azi pe scurt,Сегодня в кратком обзоре,Dnešok v skratke,Данашњи дан укратко,Dagen i korthet,สรุปวันนี้,Bugüne genel bakış,Огляд дня,Tổng quan hôm nay,今日概览
Your vocabulary,tools/site/build_hero.py,Вашите думи,Vaše slovní zásoba,Dit ordforråd,Ihr Vokabular,Το λεξιλόγιό σας,Tu vocabulario,Sinun sanastosi,Votre vocabulaire,आपकी शब्दावली,Vaš vokabular,A szókincsed,Kosakata Anda,Il tuo vocabolario,マイ語彙,내 어휘集,Kosa kata anda,Ordforrådet ditt,Jouw woordenschat,Twoje słownictwo,O seu vocabulário,Seu vocabulário,Vocabularul tău,Ваш словарный запас,Vaša slovná zásoba,Ваш речник,Ditt ordförråd,คลังคำศัพท์ของคุณ,Kelime bilginiz,Ваш словник,Vốn từ của bạn,您的词汇库
Review in your pocket,tools/site/build_hero.py,Преговор в джоба ви,Opakování v kapse,Repetition i lommen,Wiederholen für die Hosentasche,Επανάληψη στην τσέπη σας,Repasa en tu bolsillo,Kertausta taskussa,Révisez où que vous soyez,आपकी जेब में समीक्षा,Ponavljanje u džepu,Ismétlés a zsebedben,Ulasan di dalam saku Anda,Ripasso sempre a portata di mano,ポケットの中で復習,주머니 속의 복습,Ulang kaji dalam poket,Repetisjon i lomma,Herhalen in je broekzak,Powtórki w kieszeni,Revisão no bolso,Revisão no bolso,Recapitulare în buzunar,Повторение всегда под рукой,Opakovanie vo vrecku,Понављање у џепу,Öva i fickan,ทบทวนได้ในกระเป๋า,Cebinizde tekrar yapın,Повторення в кишені,Ôn tập ngay trên điện thoại,随身口袋复习
Test yourself,tools/site/build_hero.py docs/_includes/pages/mobile.html,Проверете се,Vyzkoušejte se,Test dig selv,Testen Sie sich selbst,Δοκιμάστε τις γνώσεις σας,Ponte a prueba,Testaa itsesi,Testez-vous,स्वयं का परीक्षण करें,Provjerite se,Tedd próbára magad,Uji diri Anda,Mettiti alla prova,テストする,자가 테스트,Uji diri anda,Test deg selv,Test jezelf,Sprawdź się,Ponha-se à prova,Teste você mesmo,Testează-te,Проверьте себя,Vyskúšajte sa,Проверите се,Testa dig själv,ทดสอบตัวเอง,Kendinizi test edin,Перевірте себе,Tự kiểm tra,自我测试
Listen hands-free,tools/site/build_hero.py docs/_includes/pages/home.html docs/_includes/pages/mobile.html,Слушайте в движение,Poslouchejte za chůze,Lyt undervejs,Freihändig anhören,Ακρόαση χωρίς χέρια,Escucha en modo manos libres,Kuuntele liikkeellä,Écoutez les mains libres,हैंड्स-फ्री सुनें,Slušajte u hodu,Hallgasd útközben,Dengarkan tanpa menggenggam,Ascolta a mani libere,ハンズフリーで聴く,핸즈프리로 듣기,Dengar sambil berjalan,Hør på underveis,Handsfree luisteren,Słuchaj bez użycia rąk,Ouça em movimento,Ouça enquanto anda,Ascultă din mers,Прослушивание без рук,Počúvajte počas chôdze,Слушајте у ходу,Lyssna handsfree,ฟังได้ระหว่างเดินทาง,Eller serbest dinleyin,Слухайте на ходу,Nghe rảnh tay,解放双手听词
See your progress,tools/site/build_hero.py,Вижте напредъка си,Sledujte svůj pokrok,Se hvordan det går,Fortschritt anzeigen,Δείτε την πρόοδό σας,Consulta tu progreso,"Katso, miten edistyt",Consultez vos progrès,अपनी प्रगति देखें,Pratite svoj napredak,"Nézd meg, hol tartasz",Lihat kemajuan Anda,Guarda i tuoi progressi,進捗を確認,학습 진도 확인,Lihat kemajuan anda,Se hvordan du ligger an,Bekijk je voortgang,Zobacz swoje postępy,Veja a sua evolução,Veja sua evolução,Vezi-ți progresul,Отслеживайте свой прогресс,Sledujte svoj pokrok,Пратите свој напредак,Se dina framsteg,ดูความคืบหน้า,İlerlemenizi görün,Дивіться свій прогрес,Xem tiến trình của bạn,查看您的进度
More about Android,tools/site/build_hero.py,Още за Android,Více o Androidu,Mere om Android,Mehr über Android,Περισσότερα για το Android,Más sobre Android,Lisää Androidista,En savoir plus sur Android,एंड्रॉइड के बारे में अधिक,Više o Androidu,Bővebben az Androidról,Lebih lanjut tentang Android,Scopri di più su Android,Android について詳しく,Android 버전 자세히 보기,Lagi tentang Android,Mer om Android,Meer over Android,Więcej o wersji na Androida,Mais sobre o Android,Mais sobre o Android,Mai multe despre Android,Подробнее об Android,Viac o Androide,Више о Android-у,Mer om Android,อ่านเพิ่มเติมเกี่ยวกับ Android,Android hakkında daha fazla bilgi,Детальніше про застосунок,Tìm hiểu thêm về Android,了解更多 Android 版信息
Lingueez on an e-reader,tools/site/build_hero.py,Lingueez на електронен четец,Lingueez ve čtečce,Lingueez på e-bogslæseren,Lingueez auf dem E-Reader,Το Lingueez σε e-reader,Lingueez en un e-reader,Lingueez lukulaitteella,Lingueez sur liseuse,ई-रीडर पर Lingueez,Lingueez na e-čitaču,A Lingueez e-könyv-olvasón,Lingueez di e-reader,Lingueez su e-reader,電子書籍リーダー版 Lingueez,전자책 리더 Lingueez,Lingueez pada pembaca e-buku,Lingueez på e-bokleseren,Lingueez op een e-reader,Lingueez na e-czytniku,O Lingueez no leitor de livros digitais,O Lingueez no leitor de e-books,Lingueez pe e-reader,Lingueez на ридере,Lingueez v čítačke,Lingueez на е-читачу,Lingueez på en e-läsare,Lingueez บนเครื่องอ่านอีบุ๊ก,E-okuyucuda Lingueez,Lingueez на е-читачі,Lingueez trên máy đọc sách,电子书阅读器端 Lingueez
Save a word from a book,tools/site/build_hero.py,Запазете дума от книга,Uložte slovo z knihy,Gem et ord fra bogen,Ein Wort aus einem Buch speichern,Αποθήκευση λέξης από βιβλίο,Guarda una palabra de un libro,Tallenna sana kirjasta,Enregistrez un mot depuis un livre,किताब से एक शब्द सहेजें,Spremite riječ iz knjige,Ments el egy szót a könyvből,Simpan kata dari buku,Salva una parola da un libro,本から単語を保存,책에서 단어 저장하기,Simpan perkataan daripada buku,Lagre et ord fra boka,Sla een woord op uit een boek,Zapisz słowo z książki,Guarde uma palavra do livro,Salve uma palavra do livro,Salvează un cuvânt dintr-o carte,Сохраняйте слова прямо из книг,Uložte slovo z knihy,Сачувајте реч из књиге,Spara ett ord från en bok,บันทึกคำจากหนังสือ,Kitaptan kelime kaydedin,Збережіть слово з книжки,Lưu một từ từ sách,阅读书籍时一键保存生词
Browse your saved words,tools/site/build_hero.py,Прегледайте запазените думи,Projděte uložená slova,Bladr i dine gemte ord,Gespeicherte Wörter durchsuchen,Περιήγηση στις αποθηκευμένες λέξεις,Explora tus palabras guardadas,Selaa tallentamiasi sanoja,Parcourez vos mots enregistrés,अपने सहेजे गए शब्दों को ब्राउज़ करें,Pregledajte spremljene riječi,Lapozd át a mentett szavakat,Jelajahi kata-kata tersimpan Anda,Sfoglia le parole salvate,保存した単語を閲覧,저장된 단어 둘러보기,Semak perkataan yang disimpan,Bla gjennom de lagrede ordene,Blader door je opgeslagen woorden,Przeglądaj zapisane słowa,Percorra as palavras guardadas,Percorra as palavras salvas,Răsfoiește cuvintele salvate,Просматривайте сохраненные слова,Prejdite si uložené slová,Прегледајте сачуване речи,Bläddra bland dina sparade ord,เปิดดูคำที่บันทึกไว้,Kaydedilen kelimelerinize göz atın,Перегляд збережених слів,Duyệt các từ đã lưu,浏览已保存的生词
Flashcards on the device,tools/site/build_hero.py,Флаш карти на самия четец,Kartičky přímo ve čtečce,Flashcards direkte på læseren,Karteikarten auf dem Gerät,Κάρτες flashcard στη συσκευή,Tarjetas didácticas en el dispositivo,Muistikortit itse lukulaitteella,Cartes mémoire sur l'appareil,फ़्लैशकार्ड डिवाइस पर,Flash kartice na samom čitaču,Tanulókártyák magán az olvasón,Kartu kilat di perangkat,Flashcard sul dispositivo,デバイス上の単語カード,기기에서 플래시카드 학습,Kad imbas terus pada pembaca,Flash-kort rett på leseren,Flitskaarten op het apparaat,Fiszki na urządzeniu,Cartões de memória no próprio leitor,Flashcards no próprio leitor,Cartonașe chiar pe cititor,Карточки прямо на устройстве,Kartičky priamo v čítačke,Флеш-картице на самом читачу,Flersvarskort på enheten,แฟลชการ์ดบนตัวเครื่องอ่าน,Cihazda bilgi kartları,Флешкартки на пристрої,Thẻ ghi nhớ (Flashcards) trên thiết bị,设备端抽词卡片
More about the e-reader,tools/site/build_hero.py,Още за електронния четец,Více o čtečce,Mere om e-bogslæseren,Mehr über den E-Reader,Περισσότερα για το e-reader,Más sobre el e-reader,Lisää lukulaitteesta,En savoir plus sur la liseuse,ई-रीडर के बारे में अधिक,Više o e-čitaču,Bővebben az e-könyv-olvasóról,Lebih lanjut tentang e-reader,Scopri di più sull'e-reader,電子書籍リーダーについて詳しく,전자책 리더 버전 자세히 보기,Lagi tentang pembaca e-buku,Mer om e-bokleseren,Meer over de e-reader,Więcej o wersji na e-czytnik,Mais sobre o leitor de livros digitais,Mais sobre o leitor de e-books,Mai multe despre e-reader,Подробнее о версии для ридера,Viac o čítačke,Више о е-читачу,Mer om e-läsaren,อ่านเพิ่มเติมเกี่ยวกับเครื่องอ่านอีบุ๊ก,E-okuyucu hakkında daha fazla bilgi,Детальніше про плагін,Tìm hiểu thêm về máy đọc sách,了解更多阅读器插件信息
Lingueez on the desktop app,tools/site/build_hero.py,Lingueez на компютър,Lingueez v počítači,Lingueez på computeren,Lingueez auf der Desktop-App,Το Lingueez στην εφαρμογή υπολογιστή,Lingueez en la aplicación de escritorio,Lingueez tietokoneella,Lingueez sur l'application bureau,डेस्कटॉप ऐप पर Lingueez,Lingueez na računalu,A Lingueez számítógépen,Lingueez di aplikasi desktop,Lingueez sull'app desktop,デスクトップアプリ版 Lingueez,데스크톱 앱 Lingueez,Lingueez pada komputer,Lingueez på datamaskinen,Lingueez op de desktop-app,Lingueez w aplikacji na komputer,O Lingueez no computador,O Lingueez no computador,Lingueez pe computer,Lingueez на ПК,Lingueez v počítači,Lingueez на рачунару,Lingueez på skrivbordsappen,Lingueez บนคอมพิวเตอร์,Masaüstü uygulamasında Lingueez,Lingueez на комп’ютері,Lingueez trên ứng dụng máy tính,桌面端应用 Lingueez
Build a deck,tools/site/build_hero.py docs/_includes/pages/home.html,Съставете тесте,Sestavte balíček,Byg en bunke,Ein Deck erstellen,Δημιουργία σετ καρτών,Crea un mazo,Kokoa pakka,Créer un paquet,एक डेक बनाएं,Složite špil,Állíts össze egy paklit,Buat dek,Crea un mazzo,デッキを作成,덱 만들기,Bina satu set kad,Sett sammen en bunke,Maak een leerset aan,Stwórz talię,Monte um baralho,Monte um baralho,Alcătuiește un pachet,Создавайте колоды,Zostavte balíček,Саставите шпил,Skapa en kortlek,สร้างชุดการ์ด,Deste oluşturun,Створіть колоду,Tạo bộ thẻ,创建词卡组
Practise a deck,tools/site/build_hero.py docs/_includes/pages/home.html,Упражнявайте тесте,Procvičte balíček,Træn en bunke,Ein Deck üben,Εξάσκηση σε σετ καρτών,Practica con un mazo,Harjoittele pakkaa,S'entraîner avec un paquet,एक डेक का अभ्यास करें,Vježbajte špil,Gyakorolj egy paklit,Latih dek,Esercitati con un mazzo,デッキを練習,덱 연습하기,Berlatih dengan satu set kad,Øv på en bunke,Oefen een leerset,Ćwicz talię,Pratique um baralho,Pratique um baralho,Exersează un pachet,Практикуйте колоды,Precvičte balíček,Вежбајте шпил,Öva på en kortlek,ฝึกด้วยชุดการ์ด,Deste pratik yapın,Практика колоди,Luyện tập bộ thẻ,练习词卡组
Read real texts,tools/site/build_hero.py,Четете истински текстове,Čtěte skutečné texty,Læs rigtige tekster,Echte Texte lesen,Διαβάστε πραγματικά κείμενα,Lee textos reales,Lue oikeita tekstejä,Lisez de vrais textes,वास्तविक पाठ पढ़ें,Čitajte prave tekstove,Olvass valódi szövegeket,Baca teks asli,Leggi testi reali,実際の文章を読む,실제 텍스트 읽기,Baca teks sebenar,Les ekte tekster,Lees authentieke teksten,Czytaj prawdziwe teksty,Leia textos a sério,Leia textos de verdade,Citește texte adevărate,Читайте реальные тексты,Čítajte skutočné texty,Читајте праве текстове,Läs riktiga texter,อ่านข้อความจริง,Gerçek metinler okuyun,Читайте справжні тексти,Đọc văn bản thực tế,阅读真实文本
See all features,tools/site/build_hero.py,Вижте всички възможности,Zobrazit všechny funkce,Se alle funktioner,Alle Funktionen anzeigen,Δείτε όλα τα χαρακτηριστικά,Ver todas las características,Katso kaikki ominaisuudet,Voir toutes les fonctionnalités,सभी सुविधाएं देखें,Pogledajte sve značajke,Nézd meg az összes funkciót,Lihat semua fitur,Vedi tutte le funzionalità,すべての機能を見る,모든 기능 보기,Lihat semua ciri,Se alle funksjonene,Bekijk alle functies,Zobacz wszystkie funkcje,Ver todas as funcionalidades,Ver todos os recursos,Vezi toate funcțiile,Все функции,Zobraziť všetky funkcie,Погледајте све могућности,Se alla funktioner,ดูฟีเจอร์ทั้งหมด,Tüm özellikleri görün,Усі можливості,Xem tất cả tính năng,查看所有功能
E-reader,docs/_includes/i18n-js.html docs/_includes/nav.html docs/_includes/pages/download.html,Електронен четец,Čtečka,E-bogslæser,E-Reader,E-reader,E-reader,Lukulaite,Liseuse,ई-रीडर,E-čitač,E-könyv-olvasó,E-reader,E-reader,電子書籍リーダー,전자책 리더,Pembaca e-buku,E-bokleser,E-reader,E-czytnik,Leitor de livros digitais,Leitor de e-books,E-reader,Читалка,Čítačka,Е-читач,E-läsare,เครื่องอ่านอีบุ๊ก,E-okuyucu,Е-читач,Máy đọc sách,电子书阅读器
Phone,docs/_includes/i18n-js.html,Телефон,Telefon,Telefon,Smartphone,Κινητό,Móvil,Puhelin,Téléphone,फ़ोन,Mobitel,Telefon,Ponsel,Telefono,スマートフォン,휴대폰,Telefon,Telefon,Telefoon,Telefon,Telemóvel,Celular,Telefon,Смартфон,Telefón,Телефон,Mobil,มือถือ,Telefon,Смартфон,Điện thoại,手机
"your whole vocabulary, on your computer",docs/_includes/i18n-js.html,целият ви речник — на компютъра,celá vaše slovní zásoba — v počítači,hele dit ordforråd — på computeren,"Ihr ganzes Vokabular, auf dem Computer","όλο το λεξιλόγιό σας, στον υπολογιστή σας","todo tu vocabulario, en tu ordenador",koko sanastosi — tietokoneellasi,"tout votre vocabulaire, sur votre ordinateur","आपकी पूरी शब्दावली, आपके कंप्यूटर पर",cijeli vaš vokabular — na računalu,a teljes szókincsed — a számítógépeden,"seluruh kosakata Anda, di komputer Anda","tutto il tuo vocabolario, sul tuo computer",語彙のすべてを、パソコンで,내 모든 어휘를 컴퓨터에서,seluruh kosa kata anda — pada komputer,hele ordforrådet ditt — på datamaskinen,"je hele woordenschat, op je computer","całe Twoje słownictwo, na komputerze",todo o seu vocabulário — no computador,todo o seu vocabulário — no computador,tot vocabularul tău — pe computer,весь ваш словарный запас на компьютере,celá vaša slovná zásoba — v počítači,цео ваш речник — на рачунару,"hela ditt ordförråd, på datorn",คลังคำศัพท์ทั้งหมดของคุณ — อยู่บนคอมพิวเตอร์,"tüm kelimeleriniz, bilgisayarınızda",увесь ваш словниковий запас на комп’ютері,"toàn bộ vốn từ vựng của bạn, trên máy tính",全部词汇，尽在电脑上
save words straight from the book you are reading,docs/_includes/i18n-js.html,"запазвайте думи направо от книгата, която четете","ukládejte slova rovnou z knihy, kterou čtete","gem ord direkte fra den bog, du sidder med","Wörter direkt aus dem Buch speichern, das Sie gerade lesen",αποθηκεύστε λέξεις κατευθείαν από το βιβλίο που διαβάζετε,guarda palabras directamente del libro que estás leyendo,"tallenna sanoja suoraan kirjasta, jota luet",enregistrez des mots directement depuis le livre que vous lisez,"जो किताब पढ़ रहे हैं, उसी से सीधे शब्द सहेजें",spremajte riječi ravno iz knjige koju čitate,"ments szavakat egyenesen abból a könyvből, amit olvasol",simpan kata langsung dari buku yang sedang Anda baca,salva parole direttamente dal libro che stai leggendo,読んでいる本から、そのまま単語を保存,읽고 있는 책에서 바로 단어 저장,simpan perkataan terus daripada buku yang sedang anda baca,lagre ord rett fra boka du sitter med,sla woorden op rechtstreeks uit het boek dat je leest,zapisuj słowa prosto z czytanej książki,guarde palavras diretamente do livro que está a ler,salve palavras direto do livro que você está lendo,salvează cuvinte direct din cartea pe care o citești,"сохраняйте слова прямо из книги, которую читаете","ukladajte slová rovno z knihy, ktorú čítate",чувајте речи право из књиге коју читате,spara ord direkt från boken du läser,บันทึกคำได้จากหนังสือที่กำลังอ่านโดยตรง,okuduğunuz kitaptan doğrudan kelime kaydedin,"зберігайте слова просто з книжки, яку читаєте",lưu từ ngay từ cuốn sách bạn đang đọc,从正在读的书里直接存词
"review anywhere, in your pocket",docs/_includes/i18n-js.html,"преговаряйте навсякъде, право от джоба","opakujte kdekoli, přímo z kapsy","repetér hvor som helst, lige fra lommen","überall wiederholen, direkt in der Tasche","επανάληψη οπουδήποτε, μέσα στην τσέπη σας","repasa donde quieras, en tu bolsillo","kertaa missä vain, suoraan taskusta","révisez partout, dans votre poche","कहीं भी दोहराएँ, आपकी जेब में","ponavljajte bilo gdje, ravno iz džepa","ismételj bárhol, egyenesen a zsebedből","ulangi di mana saja, cukup dari saku Anda","ripassa ovunque, direttamente in tasca",どこでも復習、ポケットの中で,"어디서나 복습, 주머니 속에서","ulang kaji di mana-mana, terus dari poket","repeter hvor som helst, rett fra lomma","overal herhalen, gewoon op zak","powtarzaj wszędzie, prosto z kieszeni","reveja onde quiser, mesmo a partir do bolso","revise em qualquer lugar, direto do bolso","recapitulează oriunde, direct din buzunar","повторяйте где угодно, прямо в кармане","opakujte kdekoľvek, priamo z vrecka","понављајте било где, право из џепа","repetera var som helst, direkt i fickan",ทบทวนได้ทุกที่ ตรงจากกระเป๋าเสื้อ,"cebinizde, her yerde tekrar edin","повторюйте будь-де, просто в кишені","ôn tập mọi nơi, ngay trong túi bạn",随时随地复习，就在口袋里
Pick a device to look closer,docs/_includes/i18n-js.html,"Изберете устройство, за да го разгледате отблизо",Vyberte zařízení a prohlédněte si ho zblízka,Vælg en enhed for at se den tættere på,"Wählen Sie ein Gerät, um es näher anzusehen",Επιλέξτε μια συσκευή για να δείτε από κοντά,Elige un dispositivo para verlo de cerca,"Valitse laite, niin näet sen lähempää",Choisissez un appareil pour le voir de plus près,करीब से देखने के लिए कोई डिवाइस चुनें,Odaberite uređaj da ga pogledate izbliza,"Válassz egy eszközt, hogy közelebbről is megnézd",Pilih perangkat untuk melihat lebih dekat,Scegli un dispositivo per guardarlo da vicino,デバイスを選ぶと詳しく見られます,기기를 선택하면 자세히 볼 수 있습니다,Pilih peranti untuk melihatnya dengan lebih dekat,Velg en enhet for å se nærmere på den,Kies een apparaat om het van dichtbij te bekijken,"Wybierz urządzenie, aby przyjrzeć się z bliska",Escolha um dispositivo para o ver de perto,Escolha um dispositivo para vê-lo de perto,Alege un dispozitiv ca să-l vezi de aproape,"Выберите устройство, чтобы рассмотреть поближе",Vyberte zariadenie a pozrite si ho zblízka,Изаберите уређај да га погледате изблиза,Välj en enhet för att titta närmare,เลือกอุปกรณ์เพื่อดูใกล้ ๆ,Yakından bakmak için bir cihaz seçin,"Оберіть пристрій, щоб роздивитися",Chọn một thiết bị để xem gần hơn,选择一台设备，看得更清楚
Open full size,docs/_includes/i18n-js.html,Отваряне в пълен размер,Otevřít v plné velikosti,Åbn i fuld størrelse,In voller Größe öffnen,Άνοιγμα σε πλήρες μέγεθος,Abrir a tamaño completo,Avaa täysikokoisena,Ouvrir en taille réelle,पूरे आकार में खोलें,Otvori u punoj veličini,Megnyitás teljes méretben,Buka ukuran penuh,Apri a dimensione intera,原寸で開く,원본 크기로 열기,Buka bersaiz penuh,Åpne i full størrelse,Op ware grootte openen,Otwórz w pełnym rozmiarze,Abrir em tamanho real,Abrir em tamanho real,Deschide la dimensiune completă,Открыть в полном размере,Otvoriť v plnej veľkosti,Отвори у пуној величини,Öppna i full storlek,เปิดขนาดเต็ม,Tam boyutta aç,Відкрити на весь екран,Mở kích thước đầy đủ,查看原图
Close,docs/_includes/i18n-js.html docs/_includes/signin-dialog.html,Затваряне,Zavřít,Luk,Schließen,Κλείσιμο,Cerrar,Sulje,Fermer,बंद करें,Zatvori,Bezárás,Tutup,Chiudi,閉じる,닫기,Tutup,Lukk,Sluiten,Zamknij,Fechar,Fechar,Închide,Закрыть,Zavrieť,Затвори,Stäng,ปิด,Kapat,Закрити,Đóng,关闭
Previous,docs/_includes/i18n-js.html,Назад,Předchozí,Forrige,Zurück,Προηγούμενο,Anterior,Edellinen,Précédent,पिछला,Prethodno,Előző,Sebelumnya,Precedente,前へ,이전,Sebelumnya,Forrige,Vorige,Poprzedni,Anterior,Anterior,Anterior,Назад,Predchádzajúce,Претходно,Föregående,ก่อนหน้า,Önceki,Попередній,Trước,上一张
Next,docs/_includes/i18n-js.html,Напред,Další,Næste,Weiter,Επόμενο,Siguiente,Seuraava,Suivant,अगला,Sljedeće,Következő,Berikutnya,Successivo,次へ,다음,Seterusnya,Neste,Volgende,Następny,Seguinte,Próximo,Următor,Вперёд,Ďalšie,Следеће,Nästa,ถัดไป,Sonraki,Наступний,Tiếp,下一张
Support,docs/_includes/nav.html,Поддръжка,Podpora,Support,Support,Υποστήριξη,Soporte,Tuki,Support,सहायता,Podrška,Támogatás,Dukungan,Supporto,サポート,지원,Sokongan,Støtte,Ondersteuning,Wsparcie,Apoio,Suporte,Asistență,Поддержка,Podpora,Подршка,Support,ฝ่ายสนับสนุน,Destek,Підтримати,Hỗ trợ,技术支持
GitHub,docs/_includes/nav.html,GitHub,GitHub,GitHub,GitHub,GitHub,GitHub,GitHub,GitHub,GitHub,GitHub,GitHub,GitHub,GitHub,GitHub,GitHub,GitHub,GitHub,GitHub,GitHub,GitHub,GitHub,GitHub,GitHub,GitHub,GitHub,GitHub,GitHub,GitHub,GitHub,GitHub,GitHub
Log in,docs/_includes/nav.html,Вход,Přihlásit se,Log ind,Anmelden,Σύνδεση,Iniciar sesión,Kirjaudu sisään,Se connecter,लॉग इन करें,Prijava,Bejelentkezés,Masuk,Accedi,ログイン,로그인,Log masuk,Logg inn,Inloggen,Zaloguj się,Iniciar sessão,Entrar,Autentificare,Войти,Prihlásiť sa,Пријава,Logga in,เข้าสู่ระบบ,Giriş yap,Увійти,Đăng nhập,登录
Free · Open source · No account required,docs/_includes/pages/download.html,Безплатно · Отворен код · Без регистрация,Zdarma · Otevřený kód · Bez registrace,Gratis · Open source · Ingen konto nødvendig,Kostenlos · Open Source · Kein Konto erforderlich,Δωρεάν · Ανοιχτού κώδικα · Δεν απαιτείται λογαριασμός,Gratuito · Código abierto · Sin necesidad de cuenta,Ilmainen · Avoin lähdekoodi · Ei tiliä tarvita,Gratuit · Open source · Aucun compte requis,मुफ़्त · ओपन सोर्स · किसी खाते की आवश्यकता नहीं,Besplatno · Otvoreni kod · Bez registracije,Ingyenes · Nyílt forráskódú · Fiók nélkül is,Gratis · Sumber terbuka · Tidak perlu akun,Gratuito · Open source · Nessun account richiesto,無料・オープンソース・アカウント登録不要,무료 · 오픈 소스 · 계정 불필요,Percuma · Sumber terbuka · Tanpa akaun,Gratis · Åpen kildekode · Ingen konto nødvendig,Gratis · Open source · Geen account nodig,Bezpłatne · Open source · Bez konieczności zakładania konta,Gratuito · Código aberto · Sem conta,Grátis · Código aberto · Sem conta,Gratuit · Sursă deschisă · Fără cont,Бесплатно · Открытый исходный код · Без регистрации,Zadarmo · Otvorený kód · Bez registrácie,Бесплатно · Отворен код · Без регистрације,Gratis · Öppen källkod · Inget konto krävs,ฟรี · โอเพนซอร์ส · ไม่ต้องสมัครบัญชี,Ücretsiz · Açık kaynak · Hesap gerekmez,Безкоштовно · Відкритий код · Без реєстрації,Miễn phí · Mã nguồn mở · Không cần tài khoản,免费 · 开源 · 无需注册账号
Your vocabulary lives on your own machine. Pick the way that suits you best.,docs/_includes/pages/download.html,"Речникът ви стои на собствения ви компютър. Изберете начина, който ви допада най-много.","Vaše slovní zásoba zůstává ve vašem počítači. Vyberte si způsob, který vám sedí nejlíp.","Dit ordforråd bliver på din egen maskine. Vælg den måde, der passer dig bedst.","Ihr Vokabular bleibt auf Ihrem eigenen Gerät. Wählen Sie den Weg, der am besten zu Ihnen passt.",Το λεξιλόγιό σας παραμένει στη δική σας συσκευή. Επιλέξτε τον τρόπο που σας ταιριάζει καλύτερα.,Tu vocabulario reside en tu propio dispositivo. Elige la opción que mejor se adapte a ti.,"Sanastosi pysyy omalla koneellasi. Valitse tapa, joka sopii sinulle parhaiten.",Votre vocabulaire reste sur votre propre appareil. Choisissez la méthode qui vous convient le mieux.,आपकी शब्दावली आपकी अपनी मशीन पर रहती है। वह तरीका चुनें जो आपको सबसे अच्छा लगता है।,Vaš vokabular ostaje na vašem računalu. Odaberite način koji vam najbolje odgovara.,"A szókincsed a saját gépeden marad. Válaszd azt a módot, amelyik neked a legjobban fekszik.",Kosakata Anda tersimpan di perangkat Anda sendiri. Pilih cara yang paling sesuai untuk Anda.,Il tuo vocabolario risiede sul tuo dispositivo. Scegli la modalità più adatta a te.,語彙データはお手元のデバイスに保存されます。最適な方法をお選びください。,단어장은 사용자 기기에 직접 저장됩니다. 가장 편리한 방식을 선택하세요.,Kosa kata anda kekal pada mesin anda sendiri. Pilih cara yang paling sesuai untuk anda.,Ordforrådet ditt blir liggende på din egen maskin. Velg måten som passer deg best.,Je woordenschat staat op je eigen apparaat. Kies de manier die het beste bij je past.,"Twoje słownictwo znajduje się na Twoim urządzeniu. Wybierz opcję, która najbardziej Ci odpowiada.",O seu vocabulário fica na sua própria máquina. Escolha a forma que mais lhe convém.,Seu vocabulário fica na sua própria máquina. Escolha o jeito que mais combina com você.,Vocabularul tău stă pe computerul tău. Alege modul care ți se potrivește cel mai bine.,Ваш словарный запас хранится на вашем устройстве. Выберите удобный способ.,"Vaša slovná zásoba zostáva vo vašom počítači. Vyberte si spôsob, ktorý vám najviac vyhovuje.",Ваш речник остаје на вашем рачунару. Изаберите начин који вам највише одговара.,Ditt ordförråd finns kvar på din egen enhet. Välj det sätt som passar dig bäst.,คลังคำศัพท์ของคุณอยู่ในเครื่องของคุณเอง เลือกวิธีที่เหมาะกับคุณที่สุด,Kelime bilginiz kendi cihazınızda saklanır. Size en uygun yöntemi seçin.,"Ваш словник зберігається на кожному вашому пристрої. Оберіть спосіб, який вам зручніший.",Dữ liệu từ vựng nằm ngay trên máy của bạn. Chọn phương thức phù hợp nhất với bạn.,您的词汇库保存在您自己的设备上。选择最适合您的安装方式。
Your device,docs/_includes/pages/download.html,Вашето устройство,Vaše zařízení,Din enhed,Ihr Gerät,Η συσκευή σας,Tu dispositivo,Sinun laitteesi,Votre appareil,आपका डिवाइस,Vaš uređaj,A te eszközöd,Perangkat Anda,Il tuo dispositivo,お使いのデバイス,사용자 기기,Peranti anda,Enheten din,Jouw apparaat,Twoje urządzenie,O seu dispositivo,Seu dispositivo,Dispozitivul tău,Ваше устройство,Vaše zariadenie,Ваш уређај,Din enhet,อุปกรณ์ของคุณ,Cihazınız,Ваш пристрій,Thiết bị của bạn,您的设备
Windows 10 or newer · 64-bit,docs/_includes/pages/download.html,Windows 10 или по-нов · 64-битов,Windows 10 nebo novější · 64bitový,Windows 10 eller nyere · 64-bit,Windows 10 oder neuer · 64-Bit,Windows 10 ή νεότερο · 64-bit,Windows 10 o posterior · 64 bits,Windows 10 tai uudempi · 64-bittinen,Windows 10 ou ultérieur · 64 bits,Windows 10 या नया · 64-बिट,Windows 10 ili noviji · 64-bitni,Windows 10 vagy újabb · 64 bites,Windows 10 atau yang lebih baru · 64-bit,Windows 10 o successivo · 64-bit,Windows 10 以降・64 ビット,Windows 10 이상 · 64비트,Windows 10 atau lebih baharu · 64-bit,Windows 10 eller nyere · 64-bit,Windows 10 of nieuwer · 64-bit,Windows 10 lub nowszy · 64-bit,Windows 10 ou posterior · 64 bits,Windows 10 ou mais recente · 64 bits,Windows 10 sau mai nou · pe 64 de biți,Windows 10 или новее · 64-разрядная,Windows 10 alebo novší · 64-bitový,Windows 10 или новији · 64-битни,Windows 10 eller nyare · 64-bitars,Windows 10 ขึ้นไป · 64 บิต,Windows 10 veya üzeri · 64-bit,Windows 10 або новіша · 64-біт,Windows 10 trở lên · 64-bit,Windows 10 或更高版本 · 64位
Recommended,docs/_includes/pages/download.html,Препоръчано,Doporučeno,Anbefalet,Empfohlen,Proteinomeno,Recomendado,Suositeltu,Recommandé,अनुशंसित,Preporučeno,Ajánlott,Direkomendasikan,Consigliato,推奨,권장,Disyorkan,Anbefalt,Aanbevolen,Zalecane,Recomendado,Recomendado,Recomandat,Рекомендуется,Odporúčané,Препоручено,Rekommenderas,แนะนำ,Önerilen,Рекомендовано,Khuyên dùng,推荐
Installs and stays up to date automatically.,docs/_includes/pages/download.html,Инсталира се и се обновява автоматично.,Nainstaluje se a aktualizuje se samo.,Installerer og opdaterer sig selv.,Installiert und aktualisiert sich automatisch.,Εγκαθίσταται και ενημερώνεται αυτόματα.,Se instala y se actualiza automáticamente.,Asentuu ja päivittyy itsestään.,S'installe et se met à jour automatiquement.,इंस्टॉल होता है और स्वचालित रूप से अपडेट रहता है।,Instalira se i ažurira samo.,Magától települ és magától frissül.,Terinstal dan diperbarui secara otomatis.,Si installa e si aggiorna automaticamente.,自動的にインストールされ、最新の状態に保たれます。,자동으로 설치되고 최신 상태로 유지됩니다.,Dipasang dan dikemas kini dengan sendirinya.,Installerer og oppdaterer seg selv.,Installeert en update automatisch.,Instaluje się i aktualizuje automatycznie.,Instala-se e atualiza-se sozinho.,Instala e se atualiza sozinho.,Se instalează și se actualizează singur.,Устанавливается и обновляется автоматически.,Nainštaluje sa a aktualizuje sa samo.,Инсталира се и ажурира само.,Installeras och uppdateras automatiskt.,ติดตั้งและอัปเดตให้เองโดยอัตโนมัติ,Otomatik olarak yüklenir ve güncellenir.,Встановлюється й оновлюється автоматично.,Tự động cài đặt và cập nhật.,自动安装并保持最新版本。
Same package from the terminal.,docs/_includes/pages/download.html,"Същият пакет, но от терминала.","Tentýž balíček, jen z terminálu.","Samme pakke, bare fra terminalen.",Dasselbe Paket über das Terminal.,Το ίδιο πακέτο από το τερματικό.,El mismo paquete desde la terminal.,"Sama paketti, mutta päätteestä.",Le même paquet depuis le terminal.,टर्मिनल से वही पैकेज।,"Isti paket, samo iz terminala.","Ugyanaz a csomag, csak terminálból.",Paket yang sama dari terminal.,Lo stesso pacchetto da terminale.,ターミナルから同じパッケージを利用可能。,터미널에서 동일한 패키지 설치.,"Pakej yang sama, cuma daripada terminal.","Samme pakke, bare fra terminalen.",Hetzelfde pakket via de terminal.,Ten sam pakiet z poziomu terminala.,"O mesmo pacote, mas a partir do terminal.","O mesmo pacote, só que pelo terminal.","Același pachet, dar din terminal.",Тот же пакет через терминал.,"Ten istý balík, len z terminálu.","Исти пакет, само из терминала.",Samma paket från terminalen.,แพ็กเกจเดียวกัน แต่สั่งจากเทอร์มินัล,Terminal üzerinden aynı paket.,Той самий пакунок із терміналу.,Cùng gói cài đặt từ dòng lệnh (terminal).,使用终端安装相同软件包。
Installer (.exe),docs/_includes/pages/download.html,Инсталатор (.exe),Instalátor (.exe),Installationsprogram (.exe),Installer (.exe),Πρόγραμμα εγκατάστασης (.exe),Instalador (.exe),Asennusohjelma (.exe),Installeur (.exe),इंस्टॉलर (.exe),Instalacijski program (.exe),Telepítő (.exe),Pemasang (.exe),Programma di installazione (.exe),インストーラー (.exe),설치 프로그램 (.exe),Pemasang (.exe),Installasjonsprogram (.exe),Installatiebestand (.exe),Instalator (.exe),Instalador (.exe),Instalador (.exe),Program de instalare (.exe),Установщик (.exe),Inštalátor (.exe),Инсталациони програм (.exe),Installerare (.exe),ตัวติดตั้ง (.exe),Yükleyici (.exe),Інсталятор (.exe),Bộ cài đặt (.exe),安装程序 (.exe)
Updates manually. Windows may warn that the publisher is unknown.,docs/_includes/pages/download.html,"Обновява се ръчно. Windows може да предупреди, че издателят е неизвестен.","Aktualizuje se ručně. Windows může varovat, že vydavatel není známý.","Opdateres manuelt. Windows advarer måske om, at udgiveren er ukendt.",Wird manuell aktualisiert. Windows warnt möglicherweise vor einem unbekannten Herausgeber.,Ενημερώνεται μη αυτόματα. Τα Windows ενδέχεται να προειδοποιήσουν ότι ο εκδότης είναι άγνωστος.,Se actualiza manualmente. Windows puede advertir que el editor es desconocido.,"Päivittyy käsin. Windows saattaa varoittaa, ettei julkaisijaa tunneta.",Mise à jour manuelle. Windows peut avertir que l'éditeur est inconnu.,मैन्युअल रूप से अपडेट होता है। Windows चेतावनी दे सकता है कि प्रकाशक अज्ञात है।,Ažurira se ručno. Windows može upozoriti da izdavač nije poznat.,"Kézzel frissül. A Windows figyelmeztethet, hogy a kiadó ismeretlen.",Pembaruan manual. Windows mungkin memperingatkan bahwa penerbit tidak dikenal.,Aggiornamento manuale. Windows potrebbe avvisare che l'editore è sconosciuto.,手動更新。Windows により発行元が不明である旨の警告が表示される場合があります。,수동으로 업데이트합니다. Windows에서 неизвестный издатель 경고가 표시될 수 있습니다.,Dikemas kini secara manual. Windows mungkin memberi amaran bahawa penerbitnya tidak dikenali.,Oppdateres manuelt. Windows kan advare om at utgiveren er ukjent.,Handmatig updaten. Windows kan waarschuwen dat de uitgever onbekend is.,Aktualizacje ręczne. System Windows może ostrzec o nieznanym wydawcy.,Atualiza-se manualmente. O Windows pode avisar que o editor é desconhecido.,Atualiza manualmente. O Windows pode avisar que o editor é desconhecido.,Se actualizează manual. Windows poate avertiza că editorul nu este cunoscut.,Обновляется вручную. Windows может предупредить об неизвестном издателе.,"Aktualizuje sa ručne. Windows môže varovať, že vydavateľ nie je známy.",Ажурира се ручно. Windows може упозорити да издавач није познат.,Uppdateras manuellt. Windows kan varna för att utfärdaren är okänd.,ต้องอัปเดตเอง Windows อาจเตือนว่าไม่รู้จักผู้เผยแพร่,"Manuel olarak güncellenir. Windows, yayıncının bilinmediği uyarısını verebilir.","Оновлюється вручну. Windows може попередити, що видавця не розпізнано.",Cập nhật thủ công. Windows có thể cảnh báo rằng nhà phát hành không xác định.,需手动更新。Windows 可能会提示未知发布者警告。
x86_64 · Any modern distribution,docs/_includes/pages/download.html,x86_64 · Всяка съвременна дистрибуция,x86_64 · Libovolná současná distribuce,x86_64 · Enhver moderne distribution,x86_64 · Jede moderne Distribution,x86_64 · Κάθε σύγχρονη διανομή,x86_64 · Cualquier distribución moderna,x86_64 · Mikä tahansa nykyaikainen jakelu,x86_64 · N'importe quelle distribution moderne,x86_64 · कोई भी आधुनिक डिस्ट्रीब्यूशन,x86_64 · Bilo koja suvremena distribucija,x86_64 · Bármely mai disztribúció,x86_64 · Distribusi modern apa pun,x86_64 · Qualsiasi distribuzione moderna,x86_64・主要なモダンディストリビューション,x86_64 · 모든 최신 배포판,x86_64 · Sebarang distribusi moden,x86_64 · Enhver moderne distribusjon,x86_64 · Elke moderne distributie,x86_64 · Dowolna nowoczesna dystrybucja,x86_64 · Qualquer distribuição atual,x86_64 · Qualquer distribuição atual,x86_64 · Orice distribuție modernă,x86_64 · Любой современный дистрибутив,x86_64 · Ľubovoľná súčasná distribúcia,x86_64 · Било која савремена дистрибуција,x86_64 · Alla moderna distributioner,x86_64 · ดิสโทรสมัยใหม่ทุกตัว,x86_64 · Tüm modern dağıtımlar,x86_64 · Будь-який сучасний дистрибутив,x86_64 · Mọi bản phân phối hiện đại,x86_64 · 适用于任何现代 Linux 发行版
AppImage,docs/_includes/pages/download.html,AppImage,AppImage,AppImage,AppImage,AppImage,AppImage,AppImage,AppImage,AppImage,AppImage,AppImage,AppImage,AppImage,AppImage,AppImage,AppImage,AppImage,AppImage,AppImage,AppImage,AppImage,AppImage,AppImage,AppImage,AppImage,AppImage,AppImage,AppImage,AppImage,AppImage,AppImage
One file — mark it executable and run it. Updates itself in place.,docs/_includes/pages/download.html,Един-единствен файл — направете го изпълним и го стартирайте. Обновява се сам.,Jediný soubor — nastavte mu právo ke spuštění a spusťte. Aktualizuje se sám.,Én enkelt fil — gør den eksekverbar og kør den. Den opdaterer sig selv.,Eine Datei – als ausführbar markieren und starten. Aktualisiert sich von selbst.,Ένα αρχείο — σημειώστε το ως εκτελέσιμο και τρέξτε το. Ενημερώνεται αυτόματα.,Un solo archivo: márcalo como ejecutable y ejecútalo. Se actualiza automáticamente.,Yksi ainoa tiedosto — merkitse se suoritettavaksi ja käynnistä. Päivittää itsensä.,Un seul fichier — rendez-le exécutable et lancez-le. Se met à jour sur place.,एक फ़ाइल — इसे निष्पादन योग्य (executable) के रूप में चिह्नित करें और चलाएं। स्वतः अपडेट होता है।,Jedna jedina datoteka — označite je izvršnom i pokrenite. Ažurira se sama.,Egyetlen fájl — állítsd futtathatóra és indítsd el. Magát frissíti.,Satu berkas — tandai sebagai dapat dieksekusi dan jalankan. Memperbarui dirinya sendiri secara langsung.,Un unico file: rendilo eseguibile e avviato. Si aggiorna automaticamente.,1 つのファイル — 実行権限を付与して実行するだけ。その場で自動更新されます。,단일 파일 — 실행 권한을 부여하고 실행하세요. 자체 업데이트를 지원합니다.,Satu fail sahaja — tandakan ia boleh laku dan jalankan. Ia mengemas kini dirinya sendiri.,Én eneste fil — gjør den kjørbar og start den. Den oppdaterer seg selv.,Één bestand — markeer het als uitvoerbaar en start het. Update zichzelf automatisch.,Jeden plik — oznacz jako wykonywalny i uruchom. Aktualizuje się automatycznie.,Um único ficheiro — marque-o como executável e execute-o. Atualiza-se sozinho.,Um arquivo só — marque como executável e rode. Ele se atualiza sozinho.,Un singur fișier — marchează-l ca executabil și pornește-l. Se actualizează singur.,Один файл — сделайте исполняемым и запускайте. Обновляется на месте.,Jediný súbor — nastavte mu právo na spustenie a spustite. Aktualizuje sa sám.,Једна једина датотека — означите је извршном и покрените. Ажурира се сама.,En fil — markera som körbar och kör. Uppdaterar sig själv på plats.,ไฟล์เดียวจบ — ตั้งให้รันได้แล้วเปิดใช้ ตัวมันอัปเดตให้เอง,Tek bir dosya — çalıştırılabilir olarak işaretleyin ve çalıştırın. Kendi kendini günceller.,Один файл — зробіть його виконуваним і запустіть. Оновлюється самостійно.,Một tệp duy nhất — đánh dấu cho phép chạy và khởi chạy. Tự động cập nhật tại chỗ.,单文件格式——赋予可执行权限即可运行。支持就地自我更新。
"Same AppImage, managed by <a href=""https://github.com/ivan-hc/AM"">AM</a> — or <code>appman -i lingueez</code> without root.",docs/_includes/pages/download.html,"Същият AppImage, но под грижите на <a href=""https://github.com/ivan-hc/AM"">AM</a> — или <code>appman -i lingueez</code> без root.","Tentýž AppImage, jen pod správou <a href=""https://github.com/ivan-hc/AM"">AM</a> — nebo <code>appman -i lingueez</code> bez roota.","Samme AppImage, bare håndteret af <a href=""https://github.com/ivan-hc/AM"">AM</a> — eller <code>appman -i lingueez</code> uden root.","Dasselbe AppImage, verwaltet von <a href=""https://github.com/ivan-hc/AM"">AM</a> – oder <code>appman -i lingueez</code> ohne Root-Rechte.","Το ίδιο AppImage, διαχειριζόμενο από το <a href=""https://github.com/ivan-hc/AM"">AM</a> — ή <code>appman -i lingueez</code> χωρίς δικαιώματα root.","Misma AppImage, gestionada por <a href=""https://github.com/ivan-hc/AM"">AM</a> — o <code>appman -i lingueez</code> sin root.","Sama AppImage, mutta <a href=""https://github.com/ivan-hc/AM"">AM</a>:n hallinnassa — tai <code>appman -i lingueez</code> ilman pääkäyttäjän oikeuksia.","Même AppImage, gérée par <a href=""https://github.com/ivan-hc/AM"">AM</a> — ou <code>appman -i lingueez</code> sans privilèges root.","वही AppImage, <a href=""https://github.com/ivan-hc/AM"">AM</a> द्वारा प्रबंधित — या बिना रूट के <code>appman -i lingueez</code>।","Isti AppImage, samo pod upravom <a href=""https://github.com/ivan-hc/AM"">AM</a> — ili <code>appman -i lingueez</code> bez roota.","Ugyanaz az AppImage, csak az <a href=""https://github.com/ivan-hc/AM"">AM</a> kezelésében — vagy <code>appman -i lingueez</code> rendszergazdai jog nélkül.","AppImage yang sama, dikelola oleh <a href=""https://github.com/ivan-hc/AM"">AM</a> — atau <code>appman -i lingueez</code> tanpa root.","Stessa AppImage, gestita da <a href=""https://github.com/ivan-hc/AM"">AM</a> — o con <code>appman -i lingueez</code> senza permessi di root.","同じ AppImage です。<a href=""https://github.com/ivan-hc/AM"">AM</a> または root 権限なしの <code>appman -i lingueez</code> で管理可能。","<a href=""https://github.com/ivan-hc/AM"">AM</a>으로 관리되는 동일한 AppImage — 또는 root 권한 없이 <code>appman -i lingueez</code> 실행.","AppImage yang sama, cuma diuruskan oleh <a href=""https://github.com/ivan-hc/AM"">AM</a> — atau <code>appman -i lingueez</code> tanpa root.","Samme AppImage, bare håndtert av <a href=""https://github.com/ivan-hc/AM"">AM</a> — eller <code>appman -i lingueez</code> uten root.","Hetzelfde AppImage, beheerd door <a href=""https://github.com/ivan-hc/AM"">AM</a> — of <code>appman -i lingueez</code> zonder root.","Ta sama AppImage, zarządzana przez <a href=""https://github.com/ivan-hc/AM"">AM</a> — lub <code>appman -i lingueez</code> bez uprawnień roota.","O mesmo AppImage, mas gerido pelo <a href=""https://github.com/ivan-hc/AM"">AM</a> — ou <code>appman -i lingueez</code> sem root.","O mesmo AppImage, só que gerenciado pelo <a href=""https://github.com/ivan-hc/AM"">AM</a> — ou <code>appman -i lingueez</code> sem root.","Același AppImage, dar administrat de <a href=""https://github.com/ivan-hc/AM"">AM</a> — sau <code>appman -i lingueez</code> fără root.","Тот же AppImage под управлением <a href=""https://github.com/ivan-hc/AM"">AM</a> — или <code>appman -i lingueez</code> без root-прав.","Ten istý AppImage, len pod správou <a href=""https://github.com/ivan-hc/AM"">AM</a> — alebo <code>appman -i lingueez</code> bez roota.","Исти AppImage, само под управом <a href=""https://github.com/ivan-hc/AM"">AM</a> — или <code>appman -i lingueez</code> без root-а.","Samma AppImage, hanterad av <a href=""https://github.com/ivan-hc/AM"">AM</a> — eller <code>appman -i lingueez</code> utan root.","AppImage ตัวเดียวกัน เพียงแต่จัดการผ่าน <a href=""https://github.com/ivan-hc/AM"">AM</a> — หรือใช้ <code>appman -i lingueez</code> โดยไม่ต้องเป็น root","<a href=""https://github.com/ivan-hc/AM"">AM</a> tarafından yönetilen aynı AppImage — veya root olmadan <code>appman -i lingueez</code>.","Той самий AppImage під керуванням <a href=""https://github.com/ivan-hc/AM"">AM</a> — або <code>appman -i lingueez</code> без root.","Cùng tệp AppImage, quản lý bởi <a href=""https://github.com/ivan-hc/AM"">AM</a> — hoặc <code>appman -i lingueez</code> không cần quyền root.","同样的 AppImage，由 <a href=""https://github.com/ivan-hc/AM"">AM</a> 管理，或无需 root 权限运行 <code>appman -i lingueez</code>。"
Flatpak bundle,docs/_includes/pages/download.html,Пакет Flatpak,Balíček Flatpak,Flatpak-pakke,Flatpak-Paket,Πακέτο Flatpak,Paquete Flatpak,Flatpak-paketti,Package Flatpak,फ़्लैटपैक बंडल,Flatpak paket,Flatpak csomag,Bundel Flatpak,Pacchetto Flatpak,Flatpak バンドル,Flatpak 번들,Bundel Flatpak,Flatpak-pakke,Flatpak-pakket,Pakiet Flatpak,Pacote Flatpak,Pacote Flatpak,Pachet Flatpak,Пакет Flatpak,Balík Flatpak,Flatpak пакет,Flatpak-paket,ชุดไฟล์ Flatpak,Flatpak paketi,Пакунок Flatpak,Gói Flatpak,Flatpak 软件包
Sandboxed. Install with <code>flatpak install</code> — updates manually.,docs/_includes/pages/download.html,В изолирана среда. Инсталирайте с <code>flatpak install</code> — обновява се ръчно.,V sandboxu. Nainstalujte přes <code>flatpak install</code> — aktualizuje se ručně.,Kører i sandkasse. Installér med <code>flatpak install</code> — opdateres manuelt.,Isoliert (Sandboxed). Mit <code>flatpak install</code> installieren – wird manuell aktualisiert.,Σε προστατευμένο περιβάλλον (sandbox). Εγκατάσταση με <code>flatpak install</code> — μη αυτόματη ενημέρωση.,En entorno aislado (sandbox). Instalar con <code>flatpak install</code> — actualiza manualmente.,Hiekkalaatikossa. Asenna komennolla <code>flatpak install</code> — päivittyy käsin.,Isolé (Sandbox). Installez avec <code>flatpak install</code> — mise à jour manuelle.,सैंडबॉक्स्ड। <code>flatpak install</code> के साथ इंस्टॉल करें — मैन्युअल रूप से अपडेट होता है।,U sandboxu. Instalirajte s <code>flatpak install</code> — ažurira se ručno.,Homokozóban fut. Telepítsd a <code>flatpak install</code> paranccsal — kézzel frissül.,Ditempatkan dalam sandbox. Instal dengan <code>flatpak install</code> — diperbarui secara manual.,In ambiente isolato (sandbox). Installa con <code>flatpak install</code> — aggiornamento manuale.,サンドボックス環境。<code>flatpak install</code> でインストール — 手動更新。,샌드박스 환경. <code>flatpak install</code>로 설치 — 수동 업데이트.,Dikotakpasirkan. Pasang dengan <code>flatpak install</code> — dikemas kini secara manual.,Kjører i sandkasse. Installer med <code>flatpak install</code> — oppdateres manuelt.,In een zandbak (sandboxed). Installeer met <code>flatpak install</code> — handmatig updaten.,W środowisku izolowanym (sandbox). Zainstaluj za pomocą <code>flatpak install</code> — aktualizacje ręczne.,Em ambiente isolado. Instale com <code>flatpak install</code> — atualiza-se manualmente.,Em sandbox. Instale com <code>flatpak install</code> — atualiza manualmente.,Izolat în sandbox. Instalează cu <code>flatpak install</code> — se actualizează manual.,Изолированная среда (песочница). Установка через <code>flatpak install</code> — обновляется вручную.,V sandboxe. Nainštalujte cez <code>flatpak install</code> — aktualizuje sa ručne.,У изолованом окружењу. Инсталирајте помоћу <code>flatpak install</code> — ажурира се ручно.,Isolerad miljö (sandbox). Installera med <code>flatpak install</code> — uppdateras manuellt.,ทำงานในแซนด์บ็อกซ์ ติดตั้งด้วย <code>flatpak install</code> — ต้องอัปเดตเอง,Korumalı alan (sandboxed). <code>flatpak install</code> ile yükleyin — manuel güncellenir.,Ізольований пакунок. Встановіть через <code>flatpak install</code> — оновлення вручну.,Môi trường cô lập (sandbox). Cài đặt bằng <code>flatpak install</code> — cập nhật thủ công.,沙盒隔离。使用 <code>flatpak install</code> 安装——需手动更新。
Phone or tablet · Google Play,docs/_includes/pages/download.html,Телефон или таблет · Google Play,Telefon nebo tablet · Google Play,Telefon eller tablet · Google Play,Smartphone oder Tablet · Google Play,Τηλέφωνο ή τάμπλετ · Google Play,Teléfono o tableta · Google Play,Puhelin tai tabletti · Google Play,Téléphone ou tablette · Google Play,फ़ोन या टैबलेट · Google Play,Mobitel ili tablet · Google Play,Telefon vagy tablet · Google Play,Ponsel atau tablet · Google Play,Smartphone o tablet · Google Play,スマートフォン / タブレット・Google Play,휴대폰 또는 태블릿 · Google Play,Telefon atau tablet · Google Play,Telefon eller nettbrett · Google Play,Telefoon of tablet · Google Play,Telefon lub tablet · Google Play,Telemóvel ou tablet · Google Play,Celular ou tablet · Google Play,Telefon sau tabletă · Google Play,Телефон или планшет · Google Play,Telefón alebo tablet · Google Play,Телефон или таблет · Google Play,Telefon eller surfplatta · Google Play,มือถือหรือแท็บเล็ต · Google Play,Telefon veya tablet · Google Play,Смартфон або планшет · Google Play,Điện thoại hoặc máy tính bảng · Google Play,手机或平板电脑 · Google Play
Get it on Google Play,docs/_includes/pages/download.html docs/_includes/pages/mobile.html,Изтеглете от Google Play,Stáhnout z Google Play,Hent den på Google Play,Jetzt bei Google Play,Αποκτήστε το στο Google Play,Consíguelo en Google Play,Lataa Google Playstä,Disponible sur Google Play,इसे Google Play पर प्राप्त करें,Preuzmite s Google Playa,Töltsd le a Google Playről,Dapatkan di Google Play,Disponibile su Google Play,Google Play で手に入れよう,Google Play에서 다운로드,Dapatkannya di Google Play,Last ned på Google Play,Download op Google Play,Pobierz z Google Play,Obtenha-o no Google Play,Baixe no Google Play,Descarcă din Google Play,Скачать в Google Play,Stiahnuť z Google Play,Преузмите са Google Play-а,Hämta på Google Play,ดาวน์โหลดบน Google Play,Google Play'den indirin,Завантажити в Google Play,Tải trên Google Play,前往 Google Play 下载
Same account as on your other devices — your vocabulary syncs automatically.,docs/_includes/pages/download.html,Същият акаунт като на другите ви устройства — речникът се синхронизира сам.,Stejný účet jako na ostatních zařízeních — slovní zásoba se synchronizuje sama.,Samme konto som på dine andre enheder — ordforrådet synkroniserer sig selv.,Dasselbe Konto wie auf Ihren anderen Geräten – Ihr Vokabular synchronisiert sich automatisch.,Ίδιος λογαριασμός με τις άλλες συσκευές σας — το λεξιλόγιό σας συγχρονίζεται αυτόματα.,Misma cuenta que en tus otros dispositivos: tu vocabulario se sincroniza automáticamente.,Sama tili kuin muilla laitteillasi — sanasto synkronoituu itsestään.,Même compte que sur vos autres appareils — votre vocabulaire se synchronise automatiquement.,आपके अन्य डिवाइस जैसा ही खाता — आपकी शब्दावली स्वचालित रूप से सिंक होती है।,Isti račun kao na ostalim uređajima — vokabular se sinkronizira sam.,"Ugyanaz a fiók, mint a többi eszközödön — a szókincs magától szinkronizálódik.",Akun yang sama dengan perangkat Anda yang lain — kosakata Anda disinkronkan secara otomatis.,Stesso account degli altri dispositivi: il tuo vocabolario si sincronizza automaticamente.,他のデバイスと同じアカウント — 語彙が自動で同期されます。,다른 기기와 동일한 계정 — 어휘가 자동으로 동기화됩니다.,Akaun yang sama seperti pada peranti anda yang lain — kosa kata disegerakkan dengan sendirinya.,Samme konto som på de andre enhetene dine — ordforrådet synkroniserer seg selv.,Hetzelfde account als op je andere apparaten — je woordenschat synchroniseert automatisch.,To samo konto co na innych urządzeniach — Twoje słownictwo synchronizuje się automatycznie.,A mesma conta dos seus outros dispositivos — o vocabulário sincroniza-se sozinho.,A mesma conta dos seus outros dispositivos — o vocabulário sincroniza sozinho.,Același cont ca pe celelalte dispozitive — vocabularul se sincronizează singur.,"Тот же аккаунт, что и на других устройствах, — ваш словарь синхронизируется автоматически.",Rovnaký účet ako na ostatných zariadeniach — slovná zásoba sa synchronizuje sama.,Исти налог као на осталим уређајима — речник се синхронизује сам.,Samma konto som på dina andra enheter — ditt ordförråd synkroniseras automatiskt.,บัญชีเดียวกับอุปกรณ์อื่นของคุณ — คลังคำศัพท์ซิงก์ให้เองโดยอัตโนมัติ,Diğer cihazlarınızla aynı hesap — kelime bilginiz otomatik olarak senkronize edilir.,"Той самий акаунт, що й на інших пристроях — словник синхронізується автоматично.",Cùng tài khoản với các thiết bị khác của bạn — từ vựng tự động đồng bộ.,与您其他设备使用同一账号——词汇库自动同步。
"KOReader · Kobo, Kindle, PocketBook and more",docs/_includes/pages/download.html,"KOReader · Kobo, Kindle, PocketBook и други","KOReader · Kobo, Kindle, PocketBook a další","KOReader · Kobo, Kindle, PocketBook og flere","KOReader · Kobo, Kindle, PocketBook und mehr","KOReader · Kobo, Kindle, PocketBook και άλλα","KOReader · Kobo, Kindle, PocketBook y más","KOReader · Kobo, Kindle, PocketBook ja muut","KOReader · Kobo, Kindle, PocketBook et plus","KOReader · Kobo, Kindle, PocketBook और बहुत कुछ","KOReader · Kobo, Kindle, PocketBook i drugi","KOReader · Kobo, Kindle, PocketBook és társai","KOReader · Kobo, Kindle, PocketBook, dan lainnya","KOReader · Kobo, Kindle, PocketBook e altri",KOReader・Kobo、Kindle、PocketBook などに対応,"KOReader · Kobo, Kindle, PocketBook 등 지원","KOReader · Kobo, Kindle, PocketBook dan lain-lain","KOReader · Kobo, Kindle, PocketBook og flere","KOReader · Kobo, Kindle, PocketBook en meer","KOReader · Kobo, Kindle, PocketBook i inne","KOReader · Kobo, Kindle, PocketBook e outros","KOReader · Kobo, Kindle, PocketBook e outros","KOReader · Kobo, Kindle, PocketBook și altele","KOReader · Kobo, Kindle, PocketBook и др.","KOReader · Kobo, Kindle, PocketBook a ďalšie","KOReader · Kobo, Kindle, PocketBook и други","KOReader · Kobo, Kindle, PocketBook med flera","KOReader · Kobo, Kindle, PocketBook และรุ่นอื่น ๆ","KOReader · Kobo, Kindle, PocketBook ve daha fazlası","KOReader · Kobo, Kindle, PocketBook та інші","KOReader · Kobo, Kindle, PocketBook và nhiều hơn nữa",KOReader · 支持 Kobo、Kindle、PocketBook 等设备
Get the KOReader plugin,docs/_includes/pages/download.html,Вземете приставката за KOReader,Získat modul pro KOReader,Hent KOReader-udvidelsen,KOReader-Plugin holen,Αποκτήστε το πρόσθετο KOReader,Obtener el plugin para KOReader,Hanki KOReader-lisäosa,Obtenir le plugin KOReader,KOReader प्लगइन प्राप्त करें,Nabavite dodatak za KOReader,Töltsd le a KOReader-bővítményt,Dapatkan plugin KOReader,Ottieni il plugin per KOReader,KOReader プラグインを取得,KOReader 플러그인 받기,Dapatkan pemalam KOReader,Hent KOReader-tillegget,Download de KOReader-plugin,Pobierz wtyczkę do KOReader,Obter a extensão KOReader,Baixar a extensão do KOReader,Ia extensia pentru KOReader,Получить плагин KOReader,Získať doplnok pre KOReader,Набавите додатак за KOReader,Hämta KOReader-tillägget,ดาวน์โหลดปลั๊กอิน KOReader,KOReader eklentisini alın,Отримати плагін KOReader,Tải plugin KOReader,获取 KOReader 插件
Long-press a word while you read and it lands in your vocabulary.,docs/_includes/pages/download.html,"Задръжте пръст върху дума, докато четете, и тя вече е в речника ви.",Podržte při čtení prst na slově a máte ho ve slovní zásobě.,"Hold fingeren på et ord, mens du læser, så ligger det i dit ordforråd.","Drücken Sie beim Lesen lange auf ein Wort, um es in Ihrem Vokabular zu speichern.",Πατήστε παρατεταμένα μια λέξη καθώς διαβάζετε και αποθηκεύεται αμέσως στο λεξιλόγιό σας.,Mantén presionada una palabra mientras lees y se guardará en tu vocabulario.,"Paina sanaa pitkään lukiessasi, niin se päätyy sanastoosi.",Appuyez longuement sur un mot pendant votre lecture pour l'ajouter à votre vocabulaire.,पढ़ते समय किसी शब्द को देर तक दबाएं और वह आपकी शब्दावली में शामिल हो जाएगा।,Dulje pritisnite riječ dok čitate i već je u vašem vokabularu.,"Nyomd hosszan a szót olvasás közben, és már a szókincsedben is van.",Tekan lama suatu kata saat Anda membaca dan kata tersebut akan tersimpan di kosakata Anda.,Tieni premuta una parola mentre leggi e verrà salvata nel tuo vocabolario.,読書中に単語を長押しするだけで、語彙リストに追加されます。,독서 중 단어를 긴 터치하면 어휘장에 바로 저장됩니다.,Tekan lama pada perkataan sewaktu membaca dan ia terus masuk ke dalam kosa kata anda.,"Hold fingeren på et ord mens du leser, så ligger det i ordforrådet ditt.",Druk lang op een woord tijdens het lezen en het wordt toegevoegd aan je woordenschat.,"Przytrzymaj słowo podczas czytania, a trafi ono do Twojego słownictwa.",Mantenha o dedo numa palavra enquanto lê e ela vai parar ao seu vocabulário.,Segure o dedo numa palavra enquanto lê e ela já cai no seu vocabulário.,Ține apăsat pe un cuvânt în timp ce citești și ajunge direct în vocabularul tău.,"Зажмите слово во время чтения, и оно мгновенно попадет в ваш словарь.",Podržte pri čítaní prst na slove a máte ho v slovnej zásobe.,Дуже притисните реч док читате и она је већ у вашем речнику.,Håll ned ett ord medan du läser så hamnar det i ditt ordförråd.,กดค้างที่คำระหว่างอ่าน แล้วคำนั้นก็เข้าคลังคำศัพท์ของคุณทันที,Okurken bir kelimeye uzun basın ve doğrudan kelime listenize eklensin.,Затисніть слово під час читання — і воно потрапить до вашого словника.,Nhấn giữ một từ trong khi đọc để lưu ngay vào vốn từ của bạn.,阅读时长按单词，即可直接加入您的词汇库。
All releases and changelogs on GitHub,docs/_includes/pages/download.html,Всички издания и описания на промените са в GitHub,Všechna vydání a seznamy změn najdete na GitHubu,Alle udgivelser og ændringslogge ligger på GitHub,Alle Veröffentlichungen und Änderungsprotokolle auf GitHub,Όλες οι εκδόσεις και τα αρχεία αλλαγών στο GitHub,Todas las versiones y registros de cambios en GitHub,Kaikki julkaisut ja muutoslokit löytyvät GitHubista,Toutes les versions et journaux de modifications sur GitHub,GitHub पर सभी रिलीज़ और परिवर्तन लॉग,Sva izdanja i popise promjena naći ćete na GitHubu,Az összes kiadás és változásnapló a GitHubon,Semua rilis dan log perubahan di GitHub,Tutte le versioni e le cronologie delle modifiche su GitHub,すべてのリリース情報と更新履歴は GitHub で確認可能,GitHub에서 모든 릴리스 및 변경 사항 확인,Semua keluaran dan log perubahan ada di GitHub,Alle utgivelser og endringslogger ligger på GitHub,Alle releases en changelogs op GitHub,Wszystkie wydania i dzienniki zmian na GitHubie,Todas as versões e registos de alterações estão no GitHub,Todas as versões e os registros de mudanças estão no GitHub,Toate versiunile și listele de modificări sunt pe GitHub,Все релизы и списки изменений на GitHub,Všetky vydania a zoznamy zmien nájdete na GitHube,Сва издања и спискове измена наћи ћете на GitHub-у,Alla releaser och ändringsloggar på GitHub,ดูรุ่นทั้งหมดและบันทึกการเปลี่ยนแปลงได้ที่ GitHub,Tüm sürümler ve değişiklik günlükleri GitHub'da,Усі випуски та журнали змін на GitHub,Tất cả các bản phát hành và nhật ký thay đổi trên GitHub,在 GitHub 上查看所有发布版本与更新日志
Free · Open-source vocabulary trainer,docs/_includes/pages/home.html,Безплатен тренажор за думи с отворен код,Trenažér slovíček zdarma a s otevřeným kódem,Gratis ordtræner med åben kildekode,Kostenloser · Open-Source-Vokabeltrainer,Δωρεάν · Εκπαιδευτής λεξιλογίου ανοιχτού κώδικα,Entrenador de vocabulario gratuito y de código abierto,"Ilmainen, avoimen lähdekoodin sanaharjoittelija",Entraîneur de vocabulaire gratuit et open source,मुफ़्त · ओपन-सोर्स शब्दावली ट्रेनर,Besplatan trener riječi otvorenog koda,"Ingyenes, nyílt forráskódú szótanuló",Pelatih kosakata gratis & sumber terbuka,Trainer di vocabolario gratuito e open-source,無料・オープンソースの単語学習ツール,무료 · 오픈 소스 어휘 학습기,"Pelatih kosa kata percuma, bersumber terbuka",Gratis ordtrener med åpen kildekode,Gratis · Open-source woordenschattrainer,Darmowy program open-source do nauki słownictwa,Treinador de vocabulário gratuito e de código aberto,Treinador de vocabulário grátis e de código aberto,"Antrenor de vocabular gratuit, cu sursă deschisă",Бесплатный тренажер словарного запаса с открытым исходным кодом,Tréner slovíčok zadarmo a s otvoreným kódom,Бесплатан тренер речи отвореног кода,Gratis · Gloseövare med öppen källkod,เครื่องมือฝึกคำศัพท์ฟรี โอเพนซอร์ส,Ücretsiz · Açık kaynaklı kelime çalışma uygulaması,Безкоштовний тренажер лексики з відкритим кодом,Trình luyện từ vựng miễn phí · Mã nguồn mở,免费 · 开源词汇训练工具
"Build a vocabulary that <span class=""accent"">actually stays with you</span>",docs/_includes/pages/home.html,"Изградете речников запас, който <span class=""accent"">наистина остава с вас</span>","Vybudujte si slovní zásobu, která <span class=""accent"">vám opravdu zůstane</span>","Byg et ordforråd, der <span class=""accent"">faktisk bliver hængende</span>","Bauen Sie ein Vokabular auf, das <span class=""accent"">wirklich hängen bleibt</span>","Χτίστε ένα λεξιλόγιο που <span class=""accent"">μένει πραγματικά μαζί σας</span>","Construye un vocabulario que <span class=""accent"">realmente se quede contigo</span>","Kartuta sanasto, joka <span class=""accent"">todella jää mieleen</span>","Développez un vocabulaire qui <span class=""accent"">reste vraiment gravé en mémoire</span>","ऐसी शब्दावली बनाएं जो <span class=""accent"">वास्तव में आपके साथ रहे</span>","Izgradite vokabular koji <span class=""accent"">stvarno ostaje s vama</span>","Építs olyan szókincset, amely <span class=""accent"">tényleg megmarad</span>","Bangun kosakata yang <span class=""accent"">benar-benar melekat pada Anda</span>","Costruisci un vocabolario che <span class=""accent"">ti resta davvero in mente</span>","<span class=""accent"">一生忘れない</span>語彙力を身につけよう","<span class=""accent"">평생 기억에 남는</span> 어휘를 구축하세요","Bina kosa kata yang <span class=""accent"">benar-benar melekat</span>","Bygg et ordforråd som <span class=""accent"">faktisk sitter</span>","Bouw een woordenschat op die <span class=""accent"">je echt bijblijft</span>","Buduj słownictwo, które <span class=""accent"">naprawdę z Tobą zostanie</span>","Construa um vocabulário que <span class=""accent"">fica mesmo consigo</span>","Construa um vocabulário que <span class=""accent"">fica mesmo com você</span>","Construiește-ți un vocabular care <span class=""accent"">chiar rămâne cu tine</span>","Сформируйте словарный запас, который <span class=""accent"">действительно останется с вами</span>","Vybudujte si slovnú zásobu, ktorá <span class=""accent"">vám naozaj zostane</span>","Изградите речник који <span class=""accent"">заиста остаје с вама</span>","Bygg ett ordförråd som <span class=""accent"">faktiskt stannar kvar</span>","สร้างคลังคำศัพท์ที่ <span class=""accent"">อยู่กับคุณได้จริง</span>","Gerçekten <span class=""accent"">akılda kalan</span> bir kelime bilgisi oluşturun","Створюйте словниковий запас, який <span class=""accent"">справді залишається з вами</span>","Xây dựng vốn từ vựng <span class=""accent"">thực sự ghi nhớ lâu dài</span>","打造<span class=""accent"">真正牢记不忘</span>的个人词汇库"
"Save words as you discover them, get instant translations, practise with audio, and track every word from first encounter to mastery. Read real articles in the app and add words straight from the page — on your computer, your phone and your e-reader.",docs/_includes/pages/home.html,"Запазвайте думите в мига, в който ги срещнете, получавайте превод начаса, упражнявайте се с озвучаване и следете всяка дума от първата среща до пълното ѝ овладяване. Четете истински статии直 в приложението и добавяйте думи направо от страницата — на компютъра, на телефона и на електронния си четец.","Ukládejte slova ve chvíli, kdy na ně narazíte, překlad máte hned, procvičujte s poslechem a sledujte každé slovo od prvního setkání až po zvládnutí. Čtěte skutečné články přímo v aplikaci a přidávejte slova rovnou ze stránky — v počítači, v telefonu i ve čtečce.","Gem ordene i samme øjeblik, du støder på dem, få oversættelsen med det samme, træn med lyd, og følg hvert ord fra første møde til det sidder helt fast. Læs rigtige artikler inde i appen, og tag ord med direkte fra siden — på computeren, telefonen og e-bogslæseren.","Speichern Sie Wörter beim Entdecken, erhalten Sie sofortige Übersetzungen, üben Sie mit Audio und verfolgen Sie jedes Wort vom ersten Sehen bis zur Beherrschung. Lesen Sie echte Artikel in der App und fügen Sie Wörter direkt von der Seite hinzu – auf Ihrem Computer, Smartphone und E-Reader.","Αποθηκεύστε λέξεις καθώς τις ανακαλύπτετε, λάβετε άμεσες μεταφράσεις, εξασκηθείτε με ήχο και παρακολουθήστε κάθε λέξη από την πρώτη επαφή έως την πλήρη κατάκτηση. Διαβάστε πραγματικά άρθρα στην εφαρμογή — στον υπολογιστή, το κινητό και το e-reader σας.","Guarda palabras a medida que las descubres, obtén traducciones instantáneas, practica con audio y haz un seguimiento de cada palabra desde el primer contacto hasta dominarla. Lee artículos reales en la aplicación y añade palabras directamente desde la página: en tu ordenador, teléfono y e-reader.","Tallenna sanat sillä hetkellä, kun ne vastaan tulevat, saat käännöksen heti, harjoittele äänen kanssa ja seuraa jokaista sanaa ensikohtaamisesta täyteen hallintaan. Lue oikeita artikkeleita sovelluksessa ja poimi sanat suoraan sivulta — tietokoneella, puhelimella ja lukulaitteella.","Enregistrez des mots au fur et meure de vos découvertes, obtenez des traductions instantanées, entraînez-vous avec l'audio et suivez chaque mot du premier coup d'œil jusqu'à sa maîtrise. Lisez de vrais articles dans l'application et ajoutez des mots directement depuis la page — sur votre ordinateur, téléphone et liseuse.","जैसे ही आप शब्दों की खोज करते हैं उन्हें सहेजें, तुरंत अनुवाद प्राप्त करें, ऑडियो के साथ अभ्यास करें, और पहली मुलाकात से लेकर महारत हासिल करने तक हर शब्द को ट्रैक करें। ऐप में वास्तविक लेख पढ़ें और सीधे पेज से शब्द जोड़ें — अपने कंप्यूटर, अपने फोन और अपने ई-रीडर पर।","Spremajte riječi u trenutku kad na njih naiđete, prijevod dobivate odmah, vježbajte uz izgovor i pratite svaku riječ od prvog susreta do potpunog usvajanja. Čitajte prave članke u samoj aplikaciji i dodajte riječi ravno sa stranice — na računalu, na mobitelu i na e-čitaču.","Mentsd a szavakat abban a pillanatban, ahogy rájuk találsz, a fordítás azonnal megérkezik, gyakorolj hanggal, és kísérd végig minden szó útját az első találkozástól a teljes elsajátításig. Olvass valódi cikkeket az alkalmazásban, és vegyél fel szavakat egyenesen az oldalról — a számítógépeden, a telefonodon és az e-könyv-olvasódon.","Simpan kata-kata saat Anda menemukannya, dapatkan terjemahan instan, berlatih dengan audio, dan lacak setiap kata dari pertemuan pertama hingga mahir. Baca artikel asli di dalam aplikasi dan tambahkan kata langsung dari halaman — di komputer, ponsel, dan e-reader Anda.","Salva le parole man mano che le trovi, ottieni traduzioni istantanee, esercitati con l'audio e segui ogni parola dal primo incontro fino al completo apprendimento. Leggi articoli reali nell'app e aggiungi parole direttamente dalla pagina — sul tuo computer, smartphone ed e-reader.",新しい単語に出会ったら presentation その場で保存。即座に翻訳し、音声で練習、出会いから定着までしっかり記録します。アプリ内で実際の記事を読み、ページから直接単語を追加 — PC、スマホ、電子書籍リーダーすべてで活用できます。,"단어를 발견하는 즉시 저장하고, 실시간 번역을 확인하며, 오디오로 연습하고, 첫 만남부터 완벽 숙달까지 모든 단어를 추적하세요. 앱에서 실제 기사를 읽고 페이지에서 바로 단어를 추가할 수 있습니다 — 컴퓨터, 휴대폰, 전자책 리더에서 모두 가능합니다.","Simpan perkataan sebaik sahaja anda menemuinya, dapatkan terjemahan serta-merta, berlatih dengan audio, dan ikuti setiap perkataan dari pertemuan pertama sehingga benar-benar dikuasai. Baca artikel sebenar dalam aplikasi dan tambah perkataan terus daripada halaman — pada komputer, telefon dan pembaca e-buku anda.","Lagre ordene i samme øyeblikk du støter på dem, få oversettelsen med én gang, øv med lyd, og følg hvert ord fra første møte til det sitter helt. Les ekte artikler inne i appen, og ta med ord rett fra siden — på datamaskinen, telefonen og e-bokleseren.","Sla woorden op zodra je ze tegenkomt, krijg direct vertalingen, oefen met audio en volg elk woord van eerste ontmoeting tot beheersing. Lees echte artikelen in de app en voeg woorden rechtstreeks toe vanaf de pagina — op je computer, telefoon en e-reader.","Zapisuj słowa w miarę ich odkrywania, uzyskuj natychmiastowe tłumaczenia, ćwicz z nagraniami audio i śledź każde słowo od pierwszego zetknięcia do opanowania. Czytaj prawdziwe artykuły w aplikacji i dodawaj słowa bezpośrednio ze strony — na komputerze, telefonie i e-czytniku.","Guarde as palavras no momento em que dá com elas, receba a tradução de imediato, pratique com áudio e acompanhe cada palavra desde o primeiro encontro até ao domínio pleno. Leia artigos a sério dentro da aplicação e acrescente palavras diretamente da página — no computador, no telemóvel e no leitor de livros digitais.","Salve as palavras no momento em que você esbarra nelas, receba a tradução na hora, pratique com áudio e acompanhe cada palavra do primeiro encontro até o domínio completo. Leia artigos de verdade dentro do app e adicione palavras direto da página — no computador, no celular e no leitor de e-books.","Salvează cuvintele în clipa în care le întâlnești, primești traducerea pe loc, exersează cu sunet și urmărește fiecare cuvânt de la prima întâlnire până la stăpânirea deplină. Citește articole adevărate chiar în aplicație și adaugă cuvinte direct din pagină — pe computer, pe telefon și pe e-reader.","Сохраняйте слова по мере чтения, получайте мгновенный перевод, тренируйтесь с аудио и отслеживайте путь каждого слова от знакомства до полного освоения. Читайте настоящие статьи прямо в приложении и добавляйте слова со страницы — на компьютере, телефоне и ридере.","Ukladajte slová vo chvíli, keď na ne natrafíte, preklad máte hneď, precvičujte s počúvaním a sledujte každé slovo od prvého stretnutia až po zvládnutie. Čítajte skutočné články priamo v aplikácii a pridávajte slová rovno zo stránky — v počítači, v telefóne aj v čítačke.","Чувајте речи у тренутку када на њих наиђете, превод добијате одмах, вежбајте уз изговор и пратите сваку реч од првог сусрета до потпуног усвајања. Читајте праве чланке у самој апликацији и додајте речи право са странице — на рачунару, на телефону и на е-читачу.","Spara ord när du upptäcker dem, få omedelbara översättningar, öva med ljud och följ varje ord från första mötet till bemästring. Läs riktiga artiklar i appen och lägg till ord direkt från sidan — på din dator, telefon och e-läsare.",บันทึกคำได้ทันทีที่เจอ พร้อมคำแปลในพริบตา ฝึกด้วยเสียง และติดตามทุกคำตั้งแต่เจอครั้งแรกจนถึงขั้นเชี่ยวชาญ อ่านบทความจริงในแอปแล้วเก็บคำจากหน้านั้นได้เลย — ทั้งบนคอมพิวเตอร์ มือถือ และเครื่องอ่านอีบุ๊กของคุณ,"Yeni kelimeleri keşfettikçe kaydedin, anında çeviri alın, sesli alıştırma yapın ve ilk karşılaşmadan uzmanlaşmaya kadar her kelimeyi takip edin. Uygulama içinde gerçek makaleler okuyun ve doğrudan sayfadan kelimeler ekleyin — bilgisayarınızda, telefonunuzda ve e-okuyucunuzda.","Зберігайте нові слова, отримуйте миттєві переклади, закріплюйте лексику за допомогою аудіо та відстежуйте шлях кожного слова від першого знайомства до повного засвоєння. Читайте справжні статті прямо в застосунку й додавайте слова зі сторінки — на комп’ютері, смартфоні та е-читачі.","Lưu từ ngay khi bạn bắt gặp, nhận bản dịch tức thì, luyện tập với âm thanh và theo dõi từng từ từ lần đầu gặp cho đến khi thành thạo. Đọc các bài báo thực tế trong ứng dụng và thêm từ trực tiếp từ trang web — trên máy tính, điện thoại và máy đọc sách.",在阅读中随时保存新词，获取即时翻译，配合语音练习，并追踪每个单词从初识到精通的全过程。直接在应用内阅读真实文章并从页面添加单词——支持电脑、手机及电子书阅读器。
Download for Windows,docs/_includes/pages/home.html,Изтегляне за Windows,Stáhnout pro Windows,Hent til Windows,Für Windows herunterladen,Λήψη για Windows,Descargar para Windows,Lataa Windowsille,Télécharger pour Windows,Windows के लिए डाउनलोड करें,Preuzmi za Windows,Letöltés Windowsra,Unduh untuk Windows,Scarica per Windows,Windows 版をダウンロード,Windows용 다운로드,Muat turun untuk Windows,Last ned for Windows,Download voor Windows,Pobierz dla Windows,Transferir para Windows,Baixar para Windows,Descarcă pentru Windows,Скачать для Windows,Stiahnuť pre Windows,Преузми за Windows,Ladda ner för Windows,ดาวน์โหลดสำหรับ Windows,Windows için indir,Завантажити для Windows,Tải xuống cho Windows,下载 Windows 版
Download for Linux,docs/_includes/pages/home.html,Изтегляне за Linux,Stáhnout pro Linux,Hent til Linux,Für Linux herunterladen,Λήψη για Linux,Descargar para Linux,Lataa Linuxille,Télécharger pour Linux,Linux के लिए डाउनलोड करें,Preuzmi za Linux,Letöltés Linuxra,Unduh untuk Linux,Scarica per Linux,Linux 版をダウンロード,Linux용 다운로드,Muat turun untuk Linux,Last ned for Linux,Download voor Linux,Pobierz dla Linux,Transferir para Linux,Baixar para Linux,Descarcă pentru Linux,Скачать для Linux,Stiahnuť pre Linux,Преузми за Linux,Ladda ner för Linux,ดาวน์โหลดสำหรับ Linux,Linux için indir,Завантажити для Linux,Tải xuống cho Linux,下载 Linux 版
Download for Android,docs/_includes/pages/home.html,Изтегляне за Android,Stáhnout pro Android,Hent til Android,Für Android herunterladen,Λήψη για Android,Descargar para Android,Lataa Androidille,Télécharger pour Android,Android के लिए डाउनलोड करें,Preuzmi za Android,Letöltés Androidra,Unduh untuk Android,Scarica per Android,Android 版をダウンロード,Android용 다운로드,Muat turun untuk Android,Last ned for Android,Download voor Android,Pobierz dla Androida,Transferir para Android,Baixar para Android,Descarcă pentru Android,Скачать для Android,Stiahnuť pre Android,Преузми за Android,Ladda ner för Android,ดาวน์โหลดสำหรับ Android,Android için indir,Завантажити для Android,Tải xuống cho Android,下载 Android 版
Open web app,docs/_includes/pages/home.html,Отворете уеб приложението,Otevřít webovou aplikaci,Åbn webappen,Web-App öffnen,Άνοιγμα εφαρμογής web,Abrir aplicación web,Avaa verkkosovellus,Ouvrir l'application web,वेब ऐप खोलें,Otvori web aplikaciju,Webalkalmazás megnyitása,Buka aplikasi web,Apri l'app web,Web アプリを開く,웹 앱打开,Buka aplikasi web,Åpne nettappen,Open webapp,Otwórz aplikację internetową,Abrir a aplicação web,Abrir o aplicativo web,Deschide aplicația web,Открыть веб-приложение,Otvoriť webovú aplikáciu,Отвори веб апликацију,Öppna webbapp,เปิดเว็บแอป,Web uygulamasını aç,Відкрити у браузері,Mở ứng dụng web,打开网页版应用
Add a word from any app,docs/_includes/pages/home.html,Добавете дума от кое да е приложение,Přidejte slovo z jakékoli aplikace,Tilføj et ord fra en hvilken som helst app,Wort aus jeder beliebigen App hinzufügen,Προσθήκη λέξης από οποιαδήποτε εφαρμογή,Añade una palabra desde cualquier aplicación,Lisää sana mistä tahansa sovelluksesta,Ajoutez un mot depuis n'importe quelle application,किसी भी ऐप से शब्द जोड़ें,Dodajte riječ iz bilo koje aplikacije,Vegyél fel szót bármelyik alkalmazásból,Tambahkan kata dari aplikasi apa pun,Aggiungi una parola da qualsiasi app,あらゆるアプリから単語を追加,모든 앱에서 단어 추가,Tambah perkataan daripada mana-mana aplikasi,Legg til et ord fra hvilken som helst app,Voeg een woord toe vanuit elke app,Dodaj słowo z dowolnej aplikacji,Acrescente uma palavra a partir de qualquer aplicação,Adicione uma palavra a partir de qualquer aplicativo,Adaugă un cuvânt din orice aplicație,Добавляйте слова из любого приложения,Pridajte slovo z hociktorej aplikácie,Додајте реч из било које апликације,Lägg till ett ord från vilken app som helst,เพิ่มคำจากแอปไหนก็ได้,Herhangi bir uygulamadan kelime ekleyin,Додайте слово з будь-якої програми,Thêm từ từ bất kỳ ứng dụng nào,从任意应用轻松添加生词
Translated the moment you save it,docs/_includes/pages/home.html,"Преведена в мига, в който я запазите",Přeloženo v okamžiku uložení,"Oversat i samme øjeblik, du gemmer det",Sofort beim Speichern übersetzt,Μεταφράζεται τη στιγμή που την αποθηκεύετε,Traducido al instante en que lo guardas,"Käännetty sillä hetkellä, kun tallennat sen",Traduit dès que vous l'enregistrez,आपके द्वारा सहेजे जाते ही अनूदित,Prevedena čim je spremite,"Lefordítva, abban a pillanatban, ahogy elmented",Diterjemahkan saat Anda menyimpannya,Tradotta nell'istante in cui la salvi,保存した瞬間に自動翻訳,저장하는 즉시 번역,Diterjemah sebaik sahaja anda menyimpannya,Oversatt i samme øyeblikk du lagrer det,Vertaald op het moment dat je het opslaat,Przetłumaczone w momencie zapisu,Traduzida no instante em que a guarda,Traduzida no instante em que você salva,Tradus din clipa în care îl salvezi,Перевод в момент сохранения,Preložené v okamihu uloženia,Преведена чим је сачувате,Översätts i samma stund som du sparar det,แปลให้ทันทีที่คุณกดบันทึก,Kaydettiğiniz anda çevrilir,Переклад одразу під час збереження,Được dịch ngay khoảnh khắc bạn lưu,保存瞬间自动完成翻译
AI-assisted definitions,docs/_includes/pages/home.html,Тълкувания с помощта на ИИ,Definice s pomocí AI,Forklaringer skrevet med AI,KI-unterstützte Definitionen,Ορισμοί με τη βοήθεια AI,Definiciones asistidas por IA,Tekoälyn kirjoittamat selitykset,Définitions assistées par IA,एआई-सहायता प्राप्त परिभाषाएं,Definicije uz pomoć umjetne inteligencije,MI-vel készült meghatározások,Definisi didukung AI,Definizioni assistite da IA,AI による定義サポート,AI 기반 단어 정의,Takrifan berbantukan AI,Forklaringer skrevet med KI,AI-ondersteunde definities,Definicje wspomagane przez AI,Definições escritas com IA,Definições escritas com IA,Definiții cu ajutorul AI,Определения с помощью ИИ,Definície s pomocou AI,Дефиниције уз помоћ вештачке интелигенције,AI-assisterade definitioner,คำนิยามที่ AI ช่วยเขียน,Yapay zeka destekli tanımlar,Визначення за допомогою ШІ,Định nghĩa hỗ trợ bởi AI,AI 辅助智能释义
Review with flashcards,docs/_includes/pages/home.html,Преговор с флаш карти,Opakování s kartičkami,Repetition med flashcards,Mit Karteikarten wiederholen,Επανάληψη με κάρτες flashcard,Repasa con tarjetas didácticas,Kertaus muistikorteilla,Révisez avec des cartes mémoire,फ़्लैशकार्ड के साथ समीक्षा करें,Ponavljanje uz flash kartice,Ismétlés tanulókártyákkal,Tinjau dengan kartu kilat,Ripassa con le flashcard,単語カードで復習,플래시카드로 복습,Ulang kaji dengan kad imbas,Repetisjon med flash-kort,Oefen met flitskaarten,Powtarzaj za pomocą fiszek,Revisão com cartões de memória,Revisão com flashcards,Recapitulare cu cartonașe,Повторение по карточкам,Opakovanie s kartičkami,Понављање уз флеш-картице,Repetera med flashkort,ทบทวนด้วยแฟลชการ์ด,Bilgi kartlarıyla tekrar yapın,Повторюйте за допомогою флешкарток,Ôn tập với thẻ ghi nhớ,使用间隔复习卡片巩固
Quiz yourself — choices or typing,docs/_includes/pages/home.html,Проверете се — избор или писане,Vyzkoušejte se — výběr nebo psaní,Test dig selv — valg eller indtastning,Testen Sie sich — Auswahl oder Eingabe,Δοκιμάστε τις γνώσεις σας — επιλογή ή πληκτρολόγηση,Ponte a prueba: opciones o escritura,Testaa itsesi — valinta vai kirjoitus,Testez-vous — choix ou saisie,स्वयं को परखें — विकल्प या टाइपिंग,Provjerite se — izbor ili upisivanje,Tedd próbára magad — választás vagy gépelés,Uji diri Anda — pilihan atau mengetik,Mettiti alla prova — scelta o digitazione,自分をテスト — 選択か入力か,스스로 시험하기 — 선택 또는 입력,Uji diri anda — pilihan atau menaip,Test deg selv — valg eller skriving,Test jezelf — keuze of typen,Sprawdź się — wybór albo wpisywanie,Ponha-se à prova — opções ou escrita,Teste você mesmo — opções ou digitação,Testează-te — alegere sau tastare,Проверьте себя — выбор или ввод,Vyskúšajte sa — výber alebo písanie,Проверите се — избор или куцање,Testa dig själv — alternativ eller skriva,ทดสอบตัวเอง — เลือกตอบหรือพิมพ์,Kendinizi test edin — seçenek ya da yazma,Перевірте себе — вибір або введення,Tự kiểm tra — chọn đáp án hay gõ chữ,自我测试 —— 选择还是输入
Read real articles in the app,docs/_includes/pages/home.html,Четете истински статии в приложението,Čtěte skutečné články přímo v aplikaci,Læs rigtige artikler inde i appen,Echte Artikel in der App lesen,Διαβάστε πραγματικά άρθρα στην εφαρμογή,Lee artículos reales en la aplicación,Lue oikeita artikkeleita sovelluksessa,Lisez de vrais articles dans l'application,ऐप में वास्तविक लेख पढ़ें,Čitajte prave članke u samoj aplikaciji,Olvass valódi cikkeket az alkalmazásban,Baca artikel asli di dalam aplikasi,Leggi articoli reali nell'app,アプリ内で実際の記事を読む,앱에서 실제 기사 읽기,Baca artikel sebenar dalam aplikasi,Les ekte artikler inne i appen,Lees echte artikelen in de app,Czytaj prawdziwe artykuły w aplikacji,Leia artigos a sério dentro da aplicação,Leia artigos de verdade dentro do app,Citește articole adevărate chiar în aplicație,Чтение реальных статей в приложении,Čítajte skutočné články priamo v aplikácii,Читајте праве чланке у самој апликацији,Läs riktiga artiklar i appen,อ่านบทความจริงได้ในแอป,Uygulamada gerçek makaleler okuyun,Читайте справжні статті в застосунку,Đọc các bài báo thực tế trong ứng dụng,应用内阅读真实文章
New,docs/_includes/pages/home.html,Ново,Nové,Ny,Neu,Νέες,Nuevo,Uusi,Nouveau,नया,Novo,Új,Baru,Nuovo,新規,신규,Baharu,Ny,Nieuw,Nowe,Novo,Novo,Nou,Новое,Nové,Ново,Nya,ใหม่,Yeni,Нове,Mới,生词
Reviewing,docs/_includes/pages/home.html,Преговаряне,Opakované,Repeteres,Wiederholen,Σε επανάληψη,En repaso,Kerrattava,En révision,समीक्षा जारी,Ponavljanje,Áttekintés alatt,Sedang Ditinjau,In ripasso,復習中,복습 중,Menyemak,Repeterer,Herhalen,W trakcie powtórek,A rever,Revisando,În curs de recapitulare,На повторении,Opakuje sa,Понављање,Repeteras,กำลังทบทวน,Tekrar ediliyor,Переглянуто,Đang ôn tập,复习中
Learning,docs/_includes/pages/home.html,Учене,Učení,Lærer,Lernen,Εκμάθηση,En aprendizaje,Opitaan,En cours d'apprentissage,सीख रहे हैं,Učenje,Tanulás,Sedang Dipelajari,In apprendimento,学習中,학습 중,Pembelajaran,Læring,Leren,W nauce,Aprendizagem,Aprendizado,Învățare,Изучается,Učenie,Учење,Inlärning,การเรียนรู้,Öğreniliyor,Вивчається,Đang học,学习中
Mastered,docs/_includes/pages/home.html,Овладени,Zvládnuto,Mestret,Gemeistert,Κατακτημένες,Dominado,Hallitut,Maîtrisé,महारत हासिल की,Svladano,Elsajátítva,Dikuasai,Padroneggiato,習得済み,마스터함,Dikuasai,Mestret,Beheerst,Opanowane,Dominado,Dominadas,Stăpânite,Освоено,Zvládnuté,Савладано,Bemästrade,เชี่ยวชาญแล้ว,Öğrenildi,Засвоєно,Đã thành thạo,已精通
"Every word follows a clear learning path. Review, listen, and reinforce vocabulary at your own pace while Lingueez tracks your progress automatically.",docs/_includes/pages/home.html,"Всяка дума върви по ясен път на учене. Преговаряйте, слушайте и затвърждавайте с ваше собствено темпо, а Lingueez сам отчита напредъка ви.","Každé slovo prochází jasnou cestou učení. Opakujte, poslouchejte a upevňujte si slovní zásobu svým tempem — Lingueez si váš pokrok hlídá sám.","Hvert ord følger en tydelig læringsvej. Repetér, lyt og få ordene til at sidde fast i dit eget tempo — Lingueez holder selv styr på fremgangen.","Jedes Wort folgt einem klaren Lernpfad. Wiederholen, hören und festigen Sie Ihr Vokabular in Ihrem eigenen Tempo, während Lingueez Ihren Fortschritt automatisch verfolgt.","Κάθε λέξη ακολουθεί μια σαφή πορεία εκμάθησης. Κάντε επανάληψη, ακούστε και ενισχύστε το λεξιλόγιό σας με τον δικό σας ρυθμό.","Cada palabra sigue un camino de aprendizaje claro. Repasa, escucha y refuerza el vocabulario a tu propio ritmo mientras Lingueez realiza un seguimiento de tu progreso automáticamente.","Jokainen sana kulkee selkeän oppimispolun. Kertaa, kuuntele ja vahvista sanastoa omaan tahtiisi — Lingueez seuraa edistymistäsi itsestään.","Chaque mot suit un parcours d'apprentissage clair. Révisez, écoutez et renforcez votre vocabulaire à votre rythme pendant que Lingueez suit vos progrès automatiquement.","प्रत्येक शब्द एक स्पष्ट सीखने के मार्ग का अनुसरण करता है। अपनी गति से शब्दावली की समीक्षा करें, सुनें और सुदृढ़ करें, जबकि Lingueez आपकी प्रगति को स्वचालित रूप से ट्रैक करता है।","Svaka riječ prolazi jasnim putem učenja. Ponavljajte, slušajte i utvrđujte vokabular vlastitim tempom, a Lingueez sam prati vaš napredak.","Minden szó világos tanulási úton halad végig. Ismételj, hallgass és rögzítsd a szavakat a saját tempódban — a Lingueez magától követi, hol tartasz.","Setiap kata mengikuti jalur pembelajaran yang jelas. Tinjau, dengarkan, dan perkuat kosakata sesuai kecepatan Anda sendiri sementara Lingueez melacak kemajuan Anda secara otomatis.","Ogni parola segue un percorso di apprendimento chiaro. Ripassa, ascolta e rafforza il tuo vocabolario al tuo ritmo, mentre Lingueez traccia automaticamente i tuoi progressi.",すべての単語が明確な学習ステップに従います。Lingueez が進捗を自動記録する中、自分のペースで復習・リスニング・定着を行いましょう。,"모든 단어는 명확한 학습 경로를 따릅니다. Lingueez가 진도를 자동으로 추적하는 동안 자신만의 속도로 어휘를 복습하고, 듣고, 강화하세요.","Setiap perkataan mengikut laluan pembelajaran yang jelas. Ulang kaji, dengar dan kukuhkan kosa kata mengikut rentak anda sendiri, sementara Lingueez menjejaki kemajuan anda dengan sendirinya.","Hvert ord følger en tydelig læringsvei. Repeter, hør på og få ordene til å sitte i ditt eget tempo — Lingueez holder selv styr på framgangen.","Elk woord volgt een duidelijk leertraject. Herhaal, luister en versterk je woordenschat op je eigen tempo, terwijl Lingueez je voortgang automatisch bijhoudt.","Każde słowo podąża jasną ścieżką nauki. Powtarzaj, słuchaj i utrwalaj słownictwo w własnym tempie, podczas gdy Lingueez automatycznie śledzi Twoje postępy.","Cada palavra segue um percurso de aprendizagem claro. Reveja, ouça e consolide o vocabulário ao seu ritmo, enquanto o Lingueez acompanha sozinho a sua evolução.","Cada palavra segue um caminho de aprendizado bem claro. Revise, escute e fixe o vocabulário no seu próprio ritmo, enquanto o Lingueez acompanha sua evolução sozinho.","Fiecare cuvânt urmează un drum limpede de învățare. Recapitulează, ascultă și consolidează în ritmul tău, iar Lingueez îți urmărește singur progresul.","Каждое слово проходит четкий путь обучения. Повторяйте, слушайте и закрепляйте слова в удобном темпе, пока Lingueez автоматически отслеживает ваш прогресс.","Každé slovo prechádza jasnou cestou učenia. Opakujte, počúvajte a upevňujte si slovnú zásobu vlastným tempom — Lingueez si váš pokrok stráži sám.","Свака реч пролази јасним путем учења. Понављајте, слушајте и учвршћујте речник сопственим темпом, а Lingueez сам прати ваш напредак.","Varje ord följer en tydlig inlärningsväg. Repetera, lyssna och stärk ditt ordförråd i din egen takt medan Lingueez spårar dina framsteg automatiskt.",ทุกคำเดินตามเส้นทางการเรียนรู้ที่ชัดเจน ทบทวน ฟัง และตอกย้ำคำศัพท์ในจังหวะของคุณเอง ส่วน Lingueez จะคอยติดตามความคืบหน้าให้เอง,"Her kelime net bir öğrenme yolunu izler. Lingueez ilerlemenizi otomatik olarak takip ederken kendi hızınızda tekrar edin, dinleyin ve kelimelerinizi pekiştirin.","Кожне слово проходить зрозумілий шлях навчання. Повторюйте, слухайте та закріплюйте лексику у власному темпі, а Lingueez автоматично відстежуватиме ваш прогрес.","Mỗi từ đều theo một lộ trình học rõ ràng. Ôn tập, nghe và củng cố từ vựng theo tốc độ của riêng bạn trong khi Lingueez tự động theo dõi tiến trình.",每个单词都有清晰的学习路径。按您自己的节奏复习、朗读和巩固词汇，Lingueez 将全自动追踪您的学习进度。
"Everything you need, in the order you need it",docs/_includes/pages/home.html,"Всичко необходимо — в реда, в който ви трябва","Všechno, co potřebujete, a v tom pořadí, v jakém to potřebujete","Alt hvad du har brug for, i den rækkefølge du har brug for det","Alles, was Sie brauchen – genau in der richtigen Reihenfolge","Όλα όσα χρειάζεστε, με τη σειρά που τα χρειάζεστε","Todo lo que necesitas, en el orden que lo necesitas","Kaikki tarvitsemasi, siinä järjestyksessä kuin sitä tarvitset","Tout ce dont vous avez besoin, dans l'ordre où vous en avez besoin","आपकी आवश्यकता की हर चीज़, आपकी आवश्यकता के क्रम में","Sve što vam treba, i to redom kojim vam treba","Minden, amire szükséged van, abban a sorrendben, ahogy szükséged van rá","Semua yang Anda butuhkan, dalam urutan yang Anda perlukan","Tutto ciò di cui hai bisogno, nell'ordine in cui ti serve",必要な機能を、必要な順番で,"필요한 모든 것을, 필요한 순서대로","Segala yang anda perlukan, mengikut urutan anda memerlukannya","Alt du trenger, i den rekkefølgen du trenger det","Alles wat je nodig hebt, in de juiste volgorde","Wszystko, czego potrzebujesz, w odpowiedniej kolejności","Tudo o que precisa, pela ordem por que precisa","Tudo de que você precisa, na ordem em que você precisa","Tot ce-ți trebuie, în ordinea în care îți trebuie",Всё необходимое в нужном порядке,"Všetko, čo potrebujete, a v poradí, v akom to potrebujete","Све што вам треба, и то редом којим вам треба","Allt du behöver, i den ordning du behöver det",ทุกอย่างที่คุณต้องการ เรียงตามลำดับที่คุณต้องใช้,"İhtiyacınız olan her şey, ihtiyacınız olan sırayla","Усе необхідне — у тому порядку, в якому потрібно","Mọi thứ bạn cần, theo đúng thứ tự bạn muốn",按需顺畅衔接，提供您所需的一切
"One place to capture a word, practise it until it sticks, and keep it — across every language you are learning.",docs/_includes/pages/home.html,"Едно място, където да уловите думата, да я упражнявате, докато залепне, и да я запазите — на всеки език, който учите.","Jedno místo, kde slovo zachytíte, procvičíte, dokud nesedne, a udržíte — napříč všemi jazyky, které se učíte.","Ét sted at fange ordet, træne det til det sidder, og beholde det — på hvert sprog du er i gang med.","Ein einziger Ort, um ein Wort zu erfassen, es zu üben, bis es sitzt, und es zu behalten – in jeder Sprache, die Sie lernen.","Ένα μέρος για να καταγράψετε μια λέξη, να την εξασκήσετε μέχρι να τη μάθετε και να τη διατηρήσετε — σε κάθε γλώσσα που μαθαίνετε.","Un solo lugar para capturar una palabra, practicarla hasta dominarla y conservarla, en todos los idiomas que estés aprendiendo.","Yksi paikka, jossa nappaat sanan talteen, harjoittelet sitä kunnes se pysyy, ja säilytät sen — jokaisella opiskelemallasi kielellä.","Un endroit unique pour capturer un mot, l'entraîner jusqu'à le retenir et le conserver — dans toutes les langues que vous apprenez.","शब्द को कैप्चर करने, याद होने तक उसका अभ्यास करने और उसे बनाए रखने के लिए एक ही स्थान — आपके द्वारा सीखी जा रही हर भाषा में।","Jedno mjesto na kojem riječ uhvatite, vježbate dok ne sjedne i zadržite je — na svakom jeziku koji učite.","Egyetlen hely, ahol elkapod a szót, addig gyakorlod, míg meg nem ragad, és meg is tartod — minden nyelven, amit tanulsz.","Satu tempat untuk menangkap kata, melatihnya hingga melekat, dan menyimpannya — di setiap bahasa yang Anda pelajari.","Un unico posto per salvare una parola, esercitarti finché non la ricordi e conservarla — in tutte le lingue che stai imparando.",単語を収集し、身につくまで練習し、記憶に定着させる — 学習中のすべての言語を 1 つの場所で。,"단어를 수집하고, 익숙해질 때까지 연습하고, 보관할 수 있는 단 하나의 공간 — 배우고 있는 모든 언어 지원.","Satu tempat untuk menangkap perkataan, melatihnya sehingga melekat, dan menyimpannya — merentas setiap bahasa yang anda pelajari.","Ett sted å fange ordet, øve på det til det sitter, og beholde det — på hvert språk du holder på med.","Één plek om een woord op te slaan, te oefenen tot het blijft hangen en te bewaren — voor elke taal die je leert.","Jedne miejsce, aby zapisać słowo, ćwiczyć je, aż utrwali się w pamięci, i zachować — w każdym języku, którego się uczysz.","Um só sítio para apanhar a palavra, praticá-la até ficar e mantê-la — em cada língua que está a estudar.","Um lugar só para capturar a palavra, praticar até ela grudar e guardá-la — em cada idioma que você estuda.","Un singur loc în care prinzi cuvântul, îl exersezi până se lipește și îl păstrezi — în fiecare limbă pe care o înveți.","Единое пространство, чтобы сохранить слово, закрепить его в памяти и сохранить навсегда — для каждого изучаемого языка.","Jedno miesto, kde slovo zachytíte, precvičíte, kým nesadne, a udržíte — vo všetkých jazykoch, ktoré sa učíte.","Једно место на којем реч ухватите, вежбате док не легне и задржите је — на сваком језику који учите.","Ett ställe för att fånga ett ord, öva på det tills det sitter, och behålla det — i alla språk du lär dig.",ที่เดียวสำหรับเก็บคำ ฝึกจนติดหัว และรักษาไว้ — ครบทุกภาษาที่คุณกำลังเรียน,"Bir kelimeyi yakalamak, zihninize yerleşene kadar pratik yapmak ve saklamak için tek bir yer — öğrendiğiniz tüm dillerde.","Одне місце, щоб додати слово, попрацювати з ним до повного засвоєння і зберегти його — для кожної мови, яку ви вивчаєте.","Một nơi duy nhất để lưu từ, luyện tập cho đến khi ghi nhớ và lưu giữ lâu dài — trên mọi ngôn ngữ bạn đang học.",集捕获生词、高效练习至熟练、永久保存于一体——覆盖您正在学习的每一门语言。
Capture,docs/_includes/pages/home.html,Улавяне,Zachytit,Fang,Erfassen,Καταγραφή,Capturar,Nappaa,Capturer,कैप्चर (सहेजना),Uhvatite,Elkapás,Tangkap,Cattura,収集,수집,Tangkap,Fang,Vastleggen,Zapisuj,Apanhar,Capturar,Prinde,Сбор,Zachytiť,Ухватите,Fånga,เก็บคำ,Yakalayın,Додавайте,Thu thập,收集
"Getting a word in, with its meaning already attached",docs/_includes/pages/home.html,Думата влиза вътре със значението си наготово,Slovo se dostane dovnitř rovnou i s významem,Ordet kommer ind med betydningen allerede på plads,Ein Wort direkt mit seiner Bedeutung erfassen,Προσθήκη λέξης με τη σημασία της ήδη συνδεδεμένη,Guarda una palabra directamente con su significado adjunto,Sana päätyy sisään merkityksineen päivineen,Enregistrer un mot en incluant directement sa signification,शब्द को उसके अर्थ के साथ तुरंत शामिल करना,Riječ ulazi unutra već sa svojim značenjem,A szó már a jelentésével együtt kerül be,"Memasukkan kata, beserta artinya secara langsung",Aggiungi una parola completo del suo significato,意味が追加された状態で単語を瞬時に保存,뜻이 자동으로 첨부된 단어 입력,Perkataan masuk lengkap dengan maknanya sekali,Ordet kommer inn med betydningen allerede på plass,"Sla een woord op, direct inclusief de betekenis",Wprowadzanie słowa z od razu dołączonym znaczeniem,A palavra entra já com o significado agarrado,A palavra entra já com o significado junto,Cuvântul intră înăuntru cu tot cu înțelesul lui,Быстрое добавление слов сразу с переводом,Slovo sa dostane dnu rovno aj s významom,Реч улази унутра већ са својим значењем,Spara ett ord med dess betydelse redan bifogad,คำเข้ามาพร้อมความหมายติดมาด้วยเลย,Anlamı önceden eklenmiş olarak bir kelimeyi kaydedin,Слово потрапляє до словника разом зі значенням,Thêm từ mới kèm theo ý nghĩa tích hợp sẵn,快速录入生词，自动附带准确释义
Add from anywhere,docs/_includes/pages/home.html,Добавяне отвсякъде,Přidávejte odkudkoli,Tilføj hvor som helst fra,Von überall hinzufügen,Προσθήκη από παντού,Añade desde cualquier lugar,Lisää mistä tahansa,Ajoutez depuis n'importe où,कहीं से भी जोड़ें,Dodajte odakle god želite,Vedd fel bárhonnan,Tambahkan dari mana saja,Aggiungi da qualsiasi luogo,どこから landed でも追加,어디서나 추가,Tambah dari mana-mana,Legg til hvor som helst fra,Voeg overal vandaan toe,Dodawaj z dowolnego miejsca,Acrescente a partir de qualquer lado,Adicione de onde quiser,Adaugă de oriunde,Добавление откуда угодно,Pridávajte odkiaľkoľvek,Додајте одакле год желите,Lägg till från var som helst,เพิ่มได้จากทุกที่,Her yerden ekleyin,Додавайте звідусіль,Thêm từ bất cứ đâu,随时随地轻松添加
Capture and translate words instantly from anywhere using a configurable global keyboard shortcut.,docs/_includes/pages/home.html,"Улавяйте и превеждайте думи начаса откъдето и да е — с клавишна комбинация по ваш избор, която работи навсякъде.","Zachyťte a přeložte slovo okamžitě odkudkoli — klávesovou zkratkou, kterou si nastavíte a která funguje všude.","Fang og oversæt ord med det samme, uanset hvor du er — med en genvejstast, du selv vælger, og som virker overalt.",Erfassen und übersetzen Sie Wörter sofort von überall aus mit einem anpassbaren globalen Tastaturkürzel.,Καταγράψτε και μεταφράστε λέξεις αμέσως από οποιοδήποτε σημείο χρησιμοποιώντας μια προσαρμόσιμη συντόμευση πληκτρολογίου.,Captura y traduce palabras al instante desde cualquier lugar utilizando un atajo de teclado global configurable.,"Nappaa ja käännä sanoja heti mistä tahansa — pikanäppäimellä, jonka määrität itse ja joka toimii kaikkialla.",Capturez et traduisez des mots instantanément de n'importe où grâce à un raccourci clavier global configurable.,एक कॉन्फ़िगर करने योग्य वैश्विक कीबोर्ड शॉर्टकट का उपयोग करके कहीं से भी तुरंत शब्दों को कैप्चर और अनुवाद करें।,"Uhvatite i prevedite riječ istog trena, odakle god bili — tipkovnim prečacem koji sami postavite i koji radi svugdje.","Kapj el és fordíts szavakat azonnal, bárhonnan — egy tetszés szerint beállítható gyorsbillentyűvel, ami mindenhol működik.",Tangkap dan terjemahkan kata secara instan dari mana saja menggunakan pintasan papan ketik global yang dapat disesuaikan.,Cattura e traduci istantaneamente le parole da qualsiasi punto utilizzando una scorciatoia da tastiera globale personalizzabile.,カスタマイズ可能なグローバルショートカットキーを使って、どこから landed でも即座に単語を収集・翻訳。,설정 가능한 글로벌 단축키를 사용하여 어디서나 단어를 즉시 수집하고 번역하세요.,"Tangkap dan terjemah perkataan serta-merta dari mana-mana sahaja, dengan pintasan papan kekunci yang anda tetapkan sendiri dan berfungsi di mana-mana.","Fang og oversett ord på flekken, uansett hvor du er — med en hurtigtast du velger selv, og som virker overalt.",Leg woorden overal direct vast en vertaal ze met een instelbare globale sneltoets.,Błyskawicznie zapisuj i tłumacz słowa z dowolnego miejsca za pomocą konfigurowalnego skrótu klawiszowego.,"Apanhe e traduza palavras de imediato, esteja onde estiver, com um atalho de teclado à sua escolha que funciona em todo o lado.","Capture e traduza palavras na hora, esteja onde estiver, com um atalho de teclado que você mesmo define e que funciona em qualquer lugar.","Prinde și tradu cuvinte pe loc, de oriunde te-ai afla, cu o scurtătură de tastatură pe care ți-o alegi singur și care merge peste tot.",Мгновенный захват и перевод слов откуда угодно с помощью настраиваемой комбинации клавиш.,"Zachyťte a preložte slovo okamžite odkiaľkoľvek — klávesovou skratkou, ktorú si nastavíte a ktorá funguje všade.","Ухватите и преведите реч истог трена, одакле год били — пречицом на тастатури коју сами подесите и која ради свуда.",Fånga och översätt ord omedelbart från var som helst med ett anpassningsbart globalt tangentbordskommando.,เก็บและแปลคำได้ทันทีจากทุกที่ ด้วยปุ่มลัดบนแป้นพิมพ์ที่คุณตั้งเองและใช้ได้ทุกโปรแกรม,Yapılandırılabilir genel bir klavye kısayolu kullanarak her yerden anında kelimeler yakalayın ve çevirin.,Додавайте та перекладайте слова миттєво з будь-якої програми за допомогою налаштовуваної глобальної гарячої клавіші.,Lưu và dịch từ tức thì từ bất kỳ đâu bằng phím tắt toàn hệ thống có thể cấu hình.,使用可自定义的全局快捷键，随时随地即时捕获并翻译生词。
Translation &amp; AI definitions,docs/_includes/pages/home.html,Превод и тълкувания с ИИ,Překlad a definice od AI,Oversættelse og AI-forklaringer,Übersetzung & KI-Definitionen,Μετάφραση &amp; Ορισμοί AI,Traducción y definiciones por IA,Käännös ja tekoälyselitykset,Traduction & définitions IA,अनुवाद और एआई परिभाषाएँ,Prijevod i definicije uz AI,Fordítás és MI-meghatározások,Terjemahan &amp; definisi AI,Traduzione e definizioni IA,翻訳と AI 定義,번역 및 AI 정의,Terjemahan dan takrifan AI,Oversettelse og KI-forklaringer,Vertaling &amp; AI-definities,Tłumaczenie i definicje AI,Tradução e definições por IA,Tradução e definições por IA,Traducere și definiții AI,Перевод и ИИ-определения,Preklad a definície od AI,Превод и дефиниције уз AI,Översättning &amp; AI-definitioner,คำแปลและคำนิยามจาก AI,Çeviri ve Yapay Zeka Tanımları,Переклад і визначення від ШІ,Dịch thuật &amp; Định nghĩa AI,翻译与 AI 深度释义
"Words arrive already translated, with optional DeepL for accuracy and OpenAI or Gemini for definitions and examples.",docs/_includes/pages/home.html,"Думите пристигат вече преведени, а по желание DeepL добавя точност, докато OpenAI или Gemini дописват тълкувания и примери.",Slova přicházejí už přeložená; DeepL můžete zapnout kvůli přesnosti a OpenAI nebo Gemini dopíšou definice a příklady.,"Ordene lander allerede oversat; DeepL kan slås til for præcisionens skyld, og OpenAI eller Gemini skriver forklaringer og eksempler.","Wörter werden direkt übersetzt gespeichert, optional mit DeepL für Präzision und OpenAI oder Gemini für Definitionen und Beispiele.","Οι λέξεις καταφθάνουν ήδη μεταφρασμένες, με προαιρετικό DeepL για ακρίβεια και OpenAI ή Gemini για ορισμούς και παραδείγματα.","Las palabras se guardan ya traducidas, con DeepL opcional para mayor precisión y OpenAI o Gemini para definiciones y ejemplos.","Sanat saapuvat valmiiksi käännettyinä; tarkkuutta voi hakea DeepL:llä, ja OpenAI tai Gemini kirjoittaa selitykset ja esimerkit.","Les mots sont directement enregistrés avec leur traduction, avec DeepL en option pour la précision et OpenAI ou Gemini pour les définitions et exemples.","शब्द पहले से अनूदित आते हैं, सटीकता के लिए वैकल्पिक DeepL और परिभाषाओं और उदाहरणों के लिए OpenAI या Gemini के साथ।","Riječi stižu već prevedene; DeepL možete uključiti radi preciznosti, a OpenAI ili Gemini dopisuju definicije i primjere.","A szavak már lefordítva érkeznek; a pontosságért bekapcsolhatod a DeepL-t, a meghatározásokat és példákat pedig az OpenAI vagy a Gemini írja meg.","Kata tersimpan dalam keadaan sudah diterjemahkan, dengan pilihan DeepL untuk akurasi serta OpenAI atau Gemini untuk definisi dan contoh.","Le parole vengono salvate già tradotte, con DeepL opzionale per la massima precisione e OpenAI o Gemini per definizioni ed esempi.",単語は自動翻訳されて追加されます。精度を高める DeepL や、定義・例文生成用の OpenAI / Gemini も利用可能。,"단어가 자동으로 번역되어 저장되며, 정확도를 위한 DeepL 및 정의·예문을 위한 OpenAI/Gemini 옵션을 제공합니다.","Perkataan tiba dalam keadaan sudah diterjemah; DeepL boleh dihidupkan demi ketepatan, manakala OpenAI atau Gemini menulis takrifan dan contoh.","Ordene kommer ferdig oversatt; DeepL kan slås på for presisjonens skyld, og OpenAI eller Gemini skriver forklaringer og eksempler.","Woorden worden direct vertaald ingevoerd, met optioneel DeepL voor nauwkeurigheid en OpenAI of Gemini voor definities en voorbeeldzinnen.","Słowa trafiają do bazy już przetłumaczone, z opcjonalnym DeepL dla dokładności oraz OpenAI lub Gemini dla definicji i przykładów.","As palavras chegam já traduzidas, com o DeepL à disposição para mais rigor e o OpenAI ou o Gemini a escrever definições e exemplos.","As palavras chegam já traduzidas, com o DeepL disponível para mais precisão e o OpenAI ou o Gemini escrevendo definições e exemplos.","Cuvintele sosesc deja traduse; poți adăuga DeepL pentru acuratețe, iar OpenAI sau Gemini scriu definiții și exemple.","Слова добавляются уже с переводом, с возможностью подключения DeepL для точности и OpenAI или Gemini для подробных определений и примеров.",Slová prichádzajú už preložené; DeepL môžete zapnúť kvôli presnosti a OpenAI alebo Gemini dopíšu definície a príklady.,"Речи стижу већ преведене; DeepL можете укључити ради прецизности, а OpenAI или Gemini дописују дефиниције и примере.","Ord anländer färdigöversatta, med valfri DeepL för precision och OpenAI eller Gemini för definitioner och exempel.",คำที่เข้ามาถูกแปลไว้ให้แล้ว จะเปิด DeepL เพื่อความแม่นยำก็ได้ ส่วน OpenAI หรือ Gemini ช่วยเขียนคำนิยามและตัวอย่างประโยค,Kelimeler zaten çevrilmiş olarak gelir; doğruluk için isteğe bağlı DeepL ve tanımlar ile örnekler için OpenAI veya Gemini kullanılabilir.,"Слова зберігаються вже з перекладом; DeepL за бажанням підвищує точність, а OpenAI чи Gemini додають визначення та приклади.","Từ vựng được lưu kèm bản dịch, tích hợp DeepL cho độ chính xác cao và OpenAI hoặc Gemini cho định nghĩa và ví dụ.",新增单词即刻带翻译，支持 DeepL 提供精准翻译，以及 OpenAI 或 Gemini 生成详细释义与例句。
Texts reader,docs/_includes/pages/home.html,Четец на текстове,Čtečka textů,Tekstlæser,Text-Reader,Αναγνώστης κειμένων,Lector de textos,Tekstinlukija,Lecteur de textes,टेक्स्ट रीडर,Čitač tekstova,Szövegolvasó,Pembaca teks,Lettore di testi,テキストリーダー,텍스트 리더,Pembaca teks,Tekstleser,Tekstlezer,Czytnik tekstów,Leitor de textos,Leitor de textos,Cititor de texte,Чтение текстов,Čítačka textov,Читач текстова,Textläsare,ตัวอ่านข้อความ,Metin okuyucu,Читач текстів,Trình đọc văn bản,文章与文本阅读器
"Read articles, Wikipedia and RSS in the app and save words straight from the texts — or have AI write a text from the words you are learning.",docs/_includes/pages/home.html,"Четете статии, Уикипедия и RSS в приложението и запазвайте думи направо от текста — или оставете ИИ да напише текст от думите, които учите.","Čtěte články, Wikipedii a RSS přímo v aplikaci a ukládejte slova rovnou z textu — nebo si nechte od AI napsat text ze slov, která se právě učíte.","Læs artikler, Wikipedia og RSS inde i appen, og gem ord direkte fra teksten — eller lad AI skrive en tekst ud fra de ord, du er i gang med.","Lesen Sie Artikel, Wikipedia und RSS in der App und speichern Sie Wörter direkt aus den Texten – oder lassen Sie die KI einen Text aus den Wörtern erstellen, die Sie gerade lernen.","Διαβάστε άρθρα, Wikipedia και RSS στην εφαρμογή και αποθηκεύστε λέξεις απευθείας από τα κείμενα — ή αφήστε την AI να γράψει ένα κείμενο από τις λέξεις που μαθαίνετε.","Lee artículos, Wikipedia y RSS en la aplicación y guarda palabras directamente desde los textos, o haz que la IA escriba un texto con las palabras que estás aprendiendo.","Lue artikkeleita, Wikipediaa ja RSS-syötteitä sovelluksessa ja tallenna sanat suoraan tekstistä — tai anna tekoälyn kirjoittaa teksti niistä sanoista, joita juuri nyt opettelet.","Lisez des articles, Wikipedia et des flux RSS dans l'application et enregistrez des mots directement depuis les textes — ou laissez l'IA rédiger un texte à partir des mots que vous apprenez.","ऐप में लेख, विकिपीडिया और आरएसएस पढ़ें और सीधे टेक्स्ट से शब्द सहेजें — या एआई से उन शब्दों से एक टेक्स्ट लिखवाएं जिन्हें आप सीख रहे हैं।","Čitajte članke, Wikipediju i RSS u aplikaciji i spremajte riječi ravno iz teksta — ili neka vam AI napiše tekst od riječi koje trenutačno učite.","Olvass cikkeket, Wikipédiát és RSS-t az alkalmazásban, és ments szavakat egyenesen a szövegből — vagy írass az MI-vel szöveget azokból a szavakból, amiket épp tanulsz.","Baca artikel, Wikipedia, dan RSS di dalam aplikasi lalu simpan kata langsung dari teks — atau minta AI menulis teks berdasarkan kata-kata yang sedang Anda pelajari.","Leggi articoli, Wikipedia e feed RSS nell'app e salva le parole direttamente dai testi — oppure lascia che l'IA scriva un testo usando le parole che stai imparando.",アプリ内で記事、Wikipedia、RSS を読み、文章から直接単語を保存。学習中の単語を使って AI に文章を作成させることもできます。,"앱에서 기사, 위키백과, RSS를 읽고 텍스트에서 바로 단어를 저장하거나, AI가 현재 배우고 있는 단어로 글을 작성하도록 하세요.","Baca artikel, Wikipedia dan suapan RSS dalam aplikasi dan simpan perkataan terus daripada teks — atau biarkan AI menulis teks daripada perkataan yang sedang anda pelajari.","Les artikler, Wikipedia og RSS inne i appen, og lagre ord rett fra teksten — eller la KI skrive en tekst ut fra ordene du holder på med.","Lees artikelen, Wikipedia en RSS in de app en sla woorden direct op uit de tekst — of laat AI een tekst schrijven met de woorden die je leert.","Czytaj artykuły, Wikipedię i kanały RSS w aplikacji i zapisuj słowa bezpośrednio z tekstów — lub pozwól AI napisać tekst ze słów, których się obecnie uczysz.","Leia artigos, a Wikipédia e feeds RSS na aplicação e guarde palavras diretamente do texto — ou deixe a IA escrever um texto a partir das palavras que anda a estudar.","Leia artigos, a Wikipédia e feeds RSS no app e salve palavras direto do texto — ou deixe a IA escrever um texto com as palavras que você está estudando.","Citește articole, Wikipedia și fluxuri RSS în aplicație și salvează cuvinte direct din text — sau lasă AI-ul să-ți scrie un text din cuvintele pe care le înveți acum.","Читайте статьи, Википедию и RSS прямо в приложении и сохраняйте слова прямо из текста — или попросите ИИ сгенерировать текст из изучаемых слов.","Čítajte články, Wikipédiu a RSS priamo v aplikácii a ukladajte slová rovno z textu — alebo si nechajte od AI napísať text zo slov, ktoré sa práve učíte.","Читајте чланке, Википедију и RSS у апликацији и чувајте речи право из текста — или нека вам AI напише текст од речи које тренутно учите.","Läs artiklar, Wikipedia och RSS i appen och spara ord direkt från texterna — eller låt AI skriva en text baserad på orden du håller på att lära dig.",อ่านบทความ Wikipedia และฟีด RSS ในแอป แล้วบันทึกคำจากตัวข้อความได้เลย — หรือให้ AI แต่งข้อความจากคำที่คุณกำลังเรียนอยู่,"Uygulama içinde makaleler, Wikipedia ve RSS okuyun ve doğrudan metinlerden kelimeler kaydedin — veya yapay zekanın öğrendiğiniz kelimelerden bir metin yazmasını sağlayın.","Читайте статті, Вікіпедію та RSS у застосунку й зберігайте слова прямо з текстів — або дозвольте ШІ написати текст зі слів, які ви вивчаєте.","Đọc bài báo, Wikipedia và tin RSS ngay trong ứng dụng và lưu từ trực tiếp từ bài đọc — hoặc để AI viết đoạn văn từ những từ bạn đang học.",在应用内直接阅读新闻文章、维基百科及 RSS 订阅并快速摘录生词，或让 AI 根据您正在学习的词汇自动撰写定制文章。
Practise,docs/_includes/pages/home.html,Упражняване,Procvičit,Træn,Üben,Εξάσκηση,Practicar,Harjoittele,S'entraîner,अभ्यास,Vježbajte,Gyakorlás,Latih,Esercitati,練習,연습,Berlatih,Øv,Oefenen,Ćwicz,Praticar,Praticar,Exersează,Практика,Precvičiť,Вежбајте,Öva,ฝึกฝน,Pratik yapın,Практикуйте,Luyện tập,练习
Turning a word you have seen into one you know,docs/_includes/pages/home.html,Как видяната дума става позната дума,"Jak se ze slova, které jste viděli, stane slovo, které umíte","Sådan bliver et ord, du har set, til et ord, du kan",Ein gesehenes Wort in ein beherrschtes Wort verwandeln,Μετατρέψτε μια λέξη που έχετε δει σε μια λέξη που γνωρίζετε,Convierte una palabra que has visto en una que realmente conoces,Näin nähdystä sanasta tulee osattu sana,Transformer un mot aperçu en un mot maîtrisé,देखे गए शब्द को जाने हुए शब्द में बदलना,Kako riječ koju ste vidjeli postaje riječ koju znate,Így lesz a látott szóból tudott szó,Mengubah kata yang pernah Anda lihat menjadi kata yang Anda kuasai,Trasforma una parola che hai visto in una parola che conosci,見たことがある単語を「知っている単語」へ,눈으로 본 단어를 아는 단어로 변환,Bagaimana perkataan yang anda lihat menjadi perkataan yang anda tahu,Slik blir et ord du har sett til et ord du kan,Verander een woord dat je hebt gezien in een woord dat je kent,"Zamieniaj słowo, które widziałeś, w słowo, które naprawdę znasz",Como uma palavra que viu se torna uma palavra que sabe,Como uma palavra que você viu vira uma palavra que você sabe,Cum devine un cuvânt pe care l-ai văzut un cuvânt pe care îl știi,Превращение знакомого слова в освоенное,"Ako sa zo slova, ktoré ste videli, stane slovo, ktoré viete",Како реч коју сте видели постаје реч коју знате,Förvandla ett ord du har sett till ett ord du kan,เปลี่ยนคำที่เคยเห็นให้กลายเป็นคำที่คุณรู้จริง,Gördüğünüz bir kelimeyi bildiğiniz bir kelimeye dönüştürün,Побачене слово стає освоєним,Biến một từ bạn từng gặp thành từ bạn thực sự làm chủ,将一面之缘的词汇转化为熟练掌握的知识
Flashcards &amp; spaced repetition,docs/_includes/pages/home.html,Флаш карти и интервално повторение,Kartičky a opakování s odstupem,Flashcards og intervalgentagelse,Karteikarten & Spaced Repetition,Κάρτες flashcard &amp; επανάληψη σε διαστήματα,Tarjetas y repetición espaciada,Muistikortit ja välistetty kertaus,Cartes mémoire & répétition espacée,फ़्लैशकार्ड और अंतराल दोहराव (Spaced Repetition),Flash kartice i ponavljanje s razmacima,Tanulókártyák és szakaszos ismétlés,Kartu kilat &amp; pengulangan berkala,Flashcard e ripetizione dilazionata,単語カードと分散学習,플래시카드 및 간격 반복,Kad imbas dan ulangan berjarak,Flash-kort og intervallrepetisjon,Flitskaarten &amp; gespreide herhaling,Fiszki i powtórki odstępowe,Cartões de memória e repetição espaçada,Flashcards e repetição espaçada,Cartonașe și repetiție la intervale,Карточки и интервальные повторения,Kartičky a opakovanie s odstupom,Флеш-картице и понављање у размацима,Flashkort &amp; repeterad inlärning (Spaced Repetition),แฟลชการ์ดและการทบทวนแบบเว้นระยะ,Bilgi Kartları ve Aralıklı Tekrar,Флешкартки й інтервальні повторення,Thẻ ghi nhớ &amp; Lặp lại ngắt quãng (Spaced repetition),记忆卡片与间隔复习
Build a deck from any filter and review it with spaced repetition that brings each word back just before you forget it.,docs/_includes/pages/home.html,"Съставете тесте по кой да е филтър и го преговаряйте с интервално повторение, което връща всяка дума точно преди да сте я забравили.","Sestavte balíček podle libovolného filtru a opakujte ho s odstupy, které slovo vrátí přesně chvíli předtím, než byste ho zapomněli.","Byg en bunke ud fra et hvilket som helst filter, og repetér den med intervaller, der henter hvert ord tilbage lige før du ville have glemt det.","Erstellen Sie ein Deck aus jedem Filter und wiederholen Sie es mit vertilter Wiederholung (Spaced Repetition), die jedes Wort kurz vor dem Vergessen zurückholt.",Δημιουργήστε ένα σετ καρτών από οποιοδήποτε φίλτρο και κάντε επανάληψη με διαστήματα που επαναφέρει κάθε λέξη μόλις πριν την ξεχάσετε.,"Crea un mazo desde cualquier filtro y repásalo con repetición espaciada, que te muestra cada palabra justo antes de que la olvides.","Kokoa pakka millä tahansa suodattimella ja kertaa se välistetysti niin, että jokainen sana palaa juuri ennen kuin unohtaisit sen.","Créez un paquet à partir de n'importe quel filtre et révisez-le avec la répétition espacée, qui ramène chaque mot juste avant que vous ne l'oubliiez.",किसी भी फ़िल्टर से एक डेक बनाएं और अंतराल दोहराव के साथ इसकी समीक्षा करें जो प्रत्येक शब्द को आपके भूलने से ठीक पहले वापस लाता है।,Složite špil po bilo kojem filtru i ponavljajte ga s razmacima koji svaku riječ vraćaju taman prije nego što biste je zaboravili.,"Állíts össze paklit bármelyik szűrő alapján, és ismételd szakaszos ismétléssel, amely minden szót épp azelőtt hoz vissza, hogy elfelejtenéd.",Buat dek dari filter mana pun dan tinjau dengan pengulangan berkala yang menampilkan kembali setiap kata tepat sebelum Anda meupakannya.,"Crea un mazzo da qualsiasi filtro e ripassalo con la ripetizione dilazionata, che ti ripropone ogni parola poco prima che tu la dimentichi.",任意のフィルターでデッキを作成し、忘れそうになる直前に単語を再提示する分散学習システムで復習。,"필터를 통해 덱을 만들고, 단어를 잊어버리기 직전에 다시 보여주는 간격 반복 시스템으로 복습하세요.",Bina satu set kad daripada mana-mana penapis dan ulang kajinya dengan ulangan berjarak yang membawa setiap perkataan kembali betul-betul sebelum anda melupakannya.,"Sett sammen en bunke ut fra et hvilket som helst filter, og repeter den med intervaller som henter hvert ord tilbake like før du ville glemt det.",Maak een leerset op basis van elk filter en herhaal met gespreide herhaling die elk woord terugbrengt vlak voordat je het zou vergeten.,"Stwórz talię na основе dowolnego filtra i powtarzaj ją za pomocą powtórek odstępowych, które przypominają każde słowo tuż przed tym, jak je zapomnisz.","Monte um baralho a partir de qualquer filtro e reveja-o com repetição espaçada, que traz cada palavra de volta mesmo antes de a esquecer.","Monte um baralho a partir de qualquer filtro e revise com repetição espaçada, que traz cada palavra de volta pouco antes de você esquecê-la.","Alcătuiește un pachet după orice filtru și recapitulează-l cu repetiție la intervale, care aduce fiecare cuvânt înapoi exact înainte să-l uiți.","Создавайте колоды с любыми фильтрами и повторяйте их по системе интервальных повторений — слово появится прямо перед тем, как вы успеете его забыть.","Zostavte balíček podľa ľubovoľného filtra a opakujte ho s odstupmi, ktoré slovo vrátia presne chvíľu predtým, než by ste ho zabudli.",Саставите шпил по било ком филтеру и понављајте га у размацима који сваку реч враћају таман пре него што бисте је заборавили.,Skapa en kortlek från valfritt filter och repetera med spaced repetition som tar tillbaka varje ord precis innan du glömmer det.,สร้างชุดการ์ดจากตัวกรองใดก็ได้ แล้วทบทวนแบบเว้นระยะ ซึ่งจะดึงแต่ละคำกลับมาพอดีก่อนที่คุณจะลืม,Herhangi bir filtreden bir deste oluşturun ve unutmak üzere olduğunuz an her kelimeyi geri getiren aralıklı tekrar yöntemiyle gözden geçirin.,"Створюйте колоду за будь-яким фільтром і повторюйте її за системою інтервальних повторень, яка повертає слово саме перед тим, як ви його забудете.","Tạo bộ thẻ từ bất kỳ bộ lọc nào và ôn tập với phương pháp lặp lại ngắt quãng, nhắc lại từ ngay trước khi bạn kịp quên.",按任意筛选条件生成词卡组，结合科学的间隔复习算法，在您即将遗忘的前一刻精准提醒复习。
Quiz &amp; recall practice,docs/_includes/pages/home.html,Тест и упражнение за припомняне,Kvíz a procvičování vybavování,Quiz og genkaldelsesøvelse,Quiz & Abfrage aus dem Gedächtnis,Κουίζ &amp; εξάσκηση ανάκλησης,Cuestionario y práctica de recuerdo,Tietovisa ja muistista palauttaminen,Quiz & exercice de rappel,प्रश्नोत्तरी और याद करने का अभ्यास,Kviz i vježba prisjećanja,Kvíz és a felidézés gyakorlása,Kuis &amp; latihan mengingat,Quiz ed esercizio di richiamo,クイズと思い出す練習,퀴즈 및 인출 연습,Kuiz dan latihan mengingat,Quiz og gjenkallingsøvelse,Quiz &amp; actief ophalen,Quiz i ćwiczenie przypominania,Questionário e prática de evocação,Quiz e prática de evocação,Test și exercițiu de reamintire,Тест и проверка памяти,Kvíz a precvičovanie vybavovania,Квиз и вежба присећања,Quiz &amp; återkallningsövning,แบบทดสอบและการฝึกนึกคำ,Test ve hatırlama alıştırması,Тест і перевірка пам’яті,Trắc nghiệm &amp; luyện nhớ lại,测验与回忆练习
"Answer instead of rating yourself — pick the word from four options or type it out. Typos and accents are forgiven, and every answer feeds the same spaced repetition.",docs/_includes/pages/home.html,"Отговаряйте, вместо да оценявате себе си — изберете думата от четири възможности или я напишете. Дребните печатни грешки и диакритичните знаци се прощават, а всеки отговор захранва същото интервално повторение.","Odpovídejte, místo abyste se hodnotili — vyberte slovo ze čtyř možností, nebo ho napište. Překlepy a diakritika se promíjejí a každá odpověď se propisuje do stejného opakování s odstupem.","Svar i stedet for at bedømme dig selv — vælg ordet blandt fire muligheder, eller skriv det. Slåfejl og accenter tilgives, og hvert svar går ind i den samme intervalgentagelse.","Antworten statt sich selbst bewerten — wählen Sie das Wort aus vier Optionen oder tippen Sie es ein. Tippfehler und Akzente werden verziehen, und jede Antwort fließt in dieselbe Spaced Repetition ein.","Απαντήστε αντί να βαθμολογείτε τον εαυτό σας — διαλέξτε τη λέξη από τέσσερις επιλογές ή πληκτρολογήστε την. Τα ορθογραφικά λάθη και οι τόνοι συγχωρούνται, και κάθε απάντηση τροφοδοτεί την ίδια επανάληψη σε διαστήματα.","Responde en lugar de calificarte — elige la palabra entre cuatro opciones o escríbela. Se perdonan las erratas y los acentos, y cada respuesta alimenta la misma repetición espaciada.","Vastaa sen sijaan että arvioisit itseäsi — valitse sana neljästä vaihtoehdosta tai kirjoita se. Lyöntivirheet ja tarkkeet annetaan anteeksi, ja jokainen vastaus syöttää samaa välistettyä kertausta.","Répondez au lieu de vous auto-évaluer — choisissez le mot parmi quatre propositions ou saisissez-le. Les fautes de frappe et les accents sont pardonnés, et chaque réponse alimente la même répétition espacée.","स्वयं को आँकने के बजाय उत्तर दें — चार विकल्पों में से शब्द चुनें या उसे लिखें। टाइपिंग की छोटी गलतियाँ और मात्राएँ क्षम्य हैं, और हर उत्तर उसी अंतराल दोहराव को आगे बढ़ाता है।","Odgovarajte umjesto da ocjenjujete sami sebe — odaberite riječ od četiri mogućnosti ili je upišite. Tipfeleri i dijakritika se ne kažnjavaju, a svaki odgovor napaja isto ponavljanje s razmacima.","Válaszolj ahelyett, hogy magadat osztályozod — válaszd ki a szót négy lehetőség közül, vagy írd be. Az elütéseket és az ékezeteket elnézi, és minden válasz ugyanabba a szakaszos ismétlésbe folyik be.","Menjawab, bukan menilai diri sendiri — pilih kata dari empat opsi atau ketik sendiri. Salah ketik dan tanda aksen dimaafkan, dan setiap jawaban mengisi pengulangan berkala yang sama.","Rispondi invece di valutarti — scegli la parola fra quattro opzioni o digitala. Errori di battitura e accenti sono perdonati, e ogni risposta alimenta la stessa ripetizione dilazionata.",自己採点ではなく、実際に答えます。4つの選択肢から選ぶか、自分で入力しましょう。打ち間違いやアクセント記号は許容され、どの解答も同じ分散学習に反映されます。,"스스로 채점하는 대신 직접 답하세요. 네 개의 보기에서 고르거나 직접 입력합니다. 오타와 악센트는 넘어가고, 모든 답은 같은 간격 반복에 반영됩니다.","Menjawab, bukan menilai diri sendiri — pilih perkataan daripada empat pilihan atau taip sendiri. Kesilapan menaip dan tanda aksen dimaafkan, dan setiap jawapan menyuap ulangan berjarak yang sama.","Svar i stedet for å vurdere deg selv — velg ordet blant fire alternativer, eller skriv det. Skrivefeil og aksenter tilgis, og hvert svar mates inn i den samme intervallrepetisjonen.","Antwoorden in plaats van jezelf beoordelen — kies het woord uit vier opties of typ het. Typfouten en accenten worden vergeven, en elk antwoord voedt dezelfde gespreide herhaling.","Odpowiadaj, zamiast oceniać samego siebie — wybierz słowo z czterech opcji albo je wpisz. Literówki i znaki diakrytyczne są wybaczane, a każda odpowiedź napędza te same powtórki odstępowe.","Responda em vez de se avaliar — escolha a palavra entre quatro opções ou escreva-a. Erros de escrita e acentos são perdoados, e cada resposta alimenta a mesma repetição espaçada.","Responda em vez de se avaliar — escolha a palavra entre quatro opções ou digite-a. Erros de digitação e acentos são perdoados, e cada resposta alimenta a mesma repetição espaçada.","Răspunde în loc să te autoevaluezi — alege cuvântul dintre patru opțiuni sau scrie-l. Greșelile de tastare și diacriticele sunt iertate, iar fiecare răspuns alimentează aceeași repetiție la intervale.","Отвечайте, а не оценивайте себя — выберите слово из четырёх вариантов или введите его. Опечатки и диакритика прощаются, а каждый ответ идёт в те же интервальные повторения.","Odpovedajte namiesto toho, aby ste sa hodnotili — vyberte slovo zo štyroch možností alebo ho napíšte. Preklepy a diakritika sa prehliadnu a každá odpoveď sa zapisuje do toho istého opakovania s odstupom.","Одговарајте уместо да оцењујете себе — изаберите реч од четири могућности или је упишите. Грешке у куцању и дијакритика се не кажњавају, а сваки одговор напаја исто понављање у размацима.","Svara i stället för att bedöma dig själv — välj ordet bland fyra alternativ eller skriv det. Stavfel och accenter förlåts, och varje svar går in i samma repeterade inlärning.",ตอบเองแทนที่จะให้คะแนนตัวเอง — เลือกคำจากสี่ตัวเลือกหรือพิมพ์เอง ระบบยกโทษให้การพิมพ์ผิดเล็กน้อยและเครื่องหมายเสริมสัทอักษร และทุกคำตอบจะป้อนเข้าการทบทวนแบบเว้นระยะเดียวกัน,Kendinizi puanlamak yerine yanıtlayın — kelimeyi dört seçenek arasından seçin ya da yazın. Yazım hataları ve şapkalı harfler bağışlanır ve her yanıt aynı aralıklı tekrarı besler.,"Відповідайте, а не оцінюйте себе — виберіть слово з чотирьох варіантів або введіть його. Друкарські помилки та діакритика прощаються, і кожна відповідь живить ті самі інтервальні повторення.","Trả lời thay vì tự đánh giá — chọn từ trong bốn đáp án hoặc tự gõ ra. Lỗi gõ nhỏ và dấu thanh được bỏ qua, và mọi câu trả lời đều dồn vào cùng một lịch lặp lại ngắt quãng.",直接作答，而不是给自己打分——从四个选项中选出这个词，或者自己输入。拼写小错和变音符号都不算错，每次作答都会汇入同一套间隔复习。
Read-aloud &amp; MP3,docs/_includes/pages/home.html,Четене на глас и MP3,Předčítání a MP3,Oplæsning og MP3,Vorlesen & MP3,Μεγαφωνική ανάγνωση &amp; MP3,Lectura en voz alta y MP3,Ääneen luku ja MP3,Lecture à voix haute & MP3,रीड-अलाउड और एमपी3,Čitanje naglas i MP3,Felolvasás és MP3,Pembacaan suara &amp; MP3,Lettura ad alta voce e MP3,読み上げ機能と MP3,음성 읽기 및 MP3,Bacaan kuat dan MP3,Opplesing og MP3,Voorlezen &amp; MP3,Lektor i pliki MP3,Leitura em voz alta e MP3,Leitura em voz alta e MP3,Citire cu voce tare și MP3,Озвучка и MP3,Čítanie nahlas a MP3,Читање наглас и MP3,Uppläsning &amp; MP3,อ่านออกเสียงและ MP3,Sesli Okuma ve MP3,Озвучення та MP3,Đọc thành tiếng &amp; Xuất MP3,语音朗读与 MP3 导出
"Reinforce vocabulary through audio with customizable repetition, pacing, and MP3 export.",docs/_includes/pages/home.html,"Затвърждавайте думите на слух — с повторения, темпо по ваш вкус и износ в MP3.","Upevňujte si slovíčka poslechem — s vlastním počtem opakování, tempem a exportem do MP3.","Få ordene til at sidde fast gennem lyd — med antal gentagelser, tempo og MP3-eksport helt som du vil have det.","Festigen Sie Ihr Vokabular durch Audio mit anpassbarer Wiederholung, Tempo und MP3-Export.","Ενισχύστε το λεξιλόγιο μέσω ήχου με προσαρμόσιμη επανάληψη, ρυθμό και εξαγωγή MP3.","Refuerza el vocabulario a través del audio con repetición personalizable, ritmo y exportación a MP3.","Vahvista sanastoa kuuntelemalla — toistokerrat, tahti ja MP3-vienti oman mielesi mukaan.","Renforcez votre vocabulaire grâce à l'audio avec répétition personnalisable, rythme et export MP3.","अनुकूलन योग्य दोहराव, गति और एमपी3 निर्यात के साथ ऑडियो के माध्यम से शब्दावली को सुदृढ़ करें।",Utvrdite riječi slušanjem — uz broj ponavljanja i tempo po svojoj mjeri te izvoz u MP3.,"Rögzítsd a szavakat hallás után — tetszőleges ismétlésszámmal, tempóval és MP3-exporttal.","Perkuat kosakata melalui audio dengan pengulangan, kecepatan, dan ekspor MP3 yang dapat disesuaikan.","Rafforza il vocabolario tramite l'audio con ripetizioni personalizzabili, ritmo regolabile ed esportazione MP3.",再生回数やスピードを調整できる音声機能や MP3 エクスポートで、リスニングから語彙を定着。,"사용자 맞춤 반복, 속도 조절, MP3 내보내기 기능을 갖춘 오디오로 어휘를 강화하세요.","Kukuhkan kosa kata melalui audio — dengan bilangan ulangan, rentak dan eksport MP3 mengikut kehendak anda.","Få ordene til å sitte gjennom lyd — med antall repetisjoner, tempo og MP3-eksport helt som du vil ha det.","Versterk je woordenschat via audio met aanpasbare herhaling, tempo en MP3-export.","Utrwalaj słownictwo za pomocą nagrań audio z konfigurowalną liczbą powtórzeń, tempem i eksportem do MP3.","Consolide o vocabulário pelo ouvido — com o número de repetições, o ritmo e a exportação para MP3 à sua medida.","Fixe o vocabulário pelo ouvido — com número de repetições, ritmo e exportação em MP3 do seu jeito.","Consolidează vocabularul prin ascultare — cu repetiții, ritm pe gustul tău și export în MP3.","Закрепляйте слова на слух с настраиваемым количеством повторов, темпом и экспортом в MP3.","Upevňujte si slovíčka počúvaním — s vlastným počtom opakovaní, tempom a exportom do MP3.",Учврстите речи слушањем — уз број понављања и темпо по својој мери и извоз у MP3.,"Stärk ordförrådet genom ljud med anpassningsbar repetition, tempo och MP3-export.",ตอกย้ำคำศัพท์ด้วยเสียง ปรับจำนวนครั้ง จังหวะ และส่งออกเป็น MP3 ได้ตามใจ,"Ayarlanabilir tekrar, hız ve MP3 dışa aktarma özellikli sesli içeriklerle kelime bilginizi pekiştirin.","Закріплюйте лексику через аудіо з налаштовуваними повторами, темпом відтворення та експортом у MP3.","Củng cố từ vựng qua âm thanh với tùy chỉnh lặp lại, tốc độ và xuất tệp MP3.",通过可自定义重复次数、语速的语音朗读强化记忆，并支持导出为 MP3 音频文件。
Progress &amp; statistics,docs/_includes/pages/home.html,Напредък и статистика,Pokrok a statistiky,Fremgang og statistik,Fortschritt & Statistiken,Πρόοδος &amp; στατιστικά,Progreso y estadísticas,Edistyminen ja tilastot,Progrès & statistiques,प्रगति और आँकड़े,Napredak i statistika,Haladás és statisztika,Kemajuan &amp; statistik,Progressi e statistiche,進捗と統計,진도 및 통계,Kemajuan dan statistik,Framgang og statistikk,Voortgang &amp; statistieken,Postępy i statystyki,Evolução e estatísticas,Evolução e estatísticas,Progres și statistici,Прогресс и статистика,Pokrok a štatistiky,Напредак и статистика,Framsteg &amp; statistik,ความคืบหน้าและสถิติ,İlerleme ve İstatistikler,Прогрес і статистика,Tiến trình &amp; Thống kê,进度与统计数据
"Watch vocabulary growth, streaks, status breakdown and definition coverage on one dashboard.",docs/_includes/pages/home.html,"Следете растежа на речника, поредните дни, разпределението по статус и покритието с тълкувания — всичко на едно табло.","Sledujte růst slovní zásoby, série dní, rozložení podle stavu i pokrytí definicemi — vše na jednom přehledu.","Følg ordforrådets vækst, dine stimer, fordelingen på status og hvor mange ord der har en forklaring — det hele på ét overblik.","Verfolgen Sie Vokabelwachstum, Serien, Status-Aufschlüsselung und Definitionsabdeckung auf einem Dashboard.","Παρακολουθήστε την ανάπτυξη του λεξιλογίου, τα σερί, την ανάλυση κατάστασης και την κάλυψη ορισμών σε έναν πίνακα ελέγχου.","Observa el crecimiento de tu vocabulario, rachas, desglose de estados y cobertura de definiciones en un solo panel.","Seuraa sanaston karttumista, päiväputkia, tilajakaumaa ja selitysten kattavuutta — kaikki yhdellä näkymällä.","Suivez la croissance de votre vocabulaire, vos séries, la répartition par statut et la couverture des définitions sur un seul tableau de bord.","एक ही डैशबोर्ड पर शब्दावली की वृद्धि, निरंतरता (streaks), स्थिति विवरण और परिभाषा कवरेज देखें।","Pratite rast vokabulara, nizove dana, raspodjelu po statusu i pokrivenost definicijama — sve na jednoj nadzornoj ploči.","Kövesd a szókincs gyarapodását, a sorozatokat, az állapotok megoszlását és a meghatározások lefedettségét — mindezt egyetlen áttekintőn.","Pantau pertumbuhan kosakata, rekor harian, rincian status, dan cakupan definisi dalam satu dasbor.","Monitora la crescita del vocabolario, le serie consecutive, la suddivisione degli stati e la copertura delle definizioni in un'unica dashboard.",語彙の増加、連続学習日数、ステータス内訳、定義のカバー率を 1 つのダッシュボードで確認。,"단어장 성장, 연속 학습 일수, 상태별 현황, 정의 커버리지를 하나의 대시보드에서 확인하세요.","Pantau pertumbuhan kosa kata, rentetan hari, pecahan mengikut status dan liputan takrifan — semuanya pada satu papan pemuka.","Følg veksten i ordforrådet, rekkene dine, fordelingen på status og hvor mange ord som har en forklaring — alt på én oversikt.","Bekijk je woordenschatgroei, reeksen, statusverdeling en definitiedekking op één dashboard.","Obserwuj wzrost słownictwa, serie nauki, podział na statusy i pokrycie definicji na jednym panelu.","Acompanhe o crescimento do vocabulário, as sequências de dias, a repartição por estado e a cobertura das definições — tudo num só painel.","Acompanhe o crescimento do vocabulário, as sequências de dias, a divisão por status e a cobertura das definições — tudo num painel só.","Urmărește creșterea vocabularului, seriile de zile, împărțirea pe stări și acoperirea cu definiții — totul pe un singur tablou de bord.","Отслеживайте рост словарного запаса, серии дней, распределение по статусам и покрытие определений на одном экране.","Sledujte rast slovnej zásoby, série dní, rozdelenie podľa stavu aj pokrytie definíciami — všetko na jednom prehľade.","Пратите раст речника, низове дана, расподелу по статусу и покривеност дефиницијама — све на једној контролној табли.","Följ ordförrådets tillväxt, sviter, statusfördelning och täckning av definitioner i en och samma översikt.",ดูการเติบโตของคลังคำศัพท์ สถิติวันต่อเนื่อง สัดส่วนตามสถานะ และความครอบคลุมของคำนิยาม ครบในแดชบอร์ดเดียว,"Kelime artışını, serileri, durum dağılımını ve tanım kapsamını tek bir panoda izleyin.","Стежте за зростанням словника, серіями, розподілом за статусами й покриттям визначень на одній панелі.","Theo dõi sự phát triển vốn từ, chuỗi ngày học, mức độ bao phủ định nghĩa và phân bố trạng thái trên một bảng điều khiển.",在一个清晰仪表盘上实时查看词汇量增长、连续学习天数、掌握状态分布及释义覆盖率。
Keep,docs/_includes/pages/home.html,Запазване,Udržet,Behold,Behalten,Διατήρηση,Conservar,Säilytä,Conserver,सहेज कर रखें,Zadržite,Megtartás,Simpan,Conserva,保持・管理,보관,Simpan,Behold,Behouden,Zachowaj,Manter,Guardar,Păstrează,Сохранение,Udržať,Задржите,Behåll,เก็บรักษา,Kalıcı kılın,Зберігайте,Lưu giữ,留存
"Your vocabulary stays organised, backed up and yours",docs/_includes/pages/home.html,"Речникът ви остава подреден, архивиран и ваш","Vaše slovní zásoba zůstane uspořádaná, zazálohovaná a vaše","Dit ordforråd bliver ved med at være ordnet, sikkerhedskopieret og dit","Ihr Vokabular bleibt organisiert, gesichert und gehört Ihnen","Το λεξιλόγιό σας παραμένει οργανωμένο, με δημιουργία αντιγράφων ασφαλείας και δικό σας","Tu vocabulario se mantiene organizado, con copia de seguridad y siempre tuyo","Sanastosi pysyy järjestyksessä, varmuuskopioituna ja sinun","Votre vocabulaire reste organisé, sauvegardé et vous appartient","आपकी शब्दावली व्यवस्थित, बैकअप की गई और आपकी अपनी रहती है","Vaš vokabular ostaje uredan, sigurno pohranjen i vaš","A szókincsed rendezett marad, biztonságban van, és a tiéd","Kosakata Anda tetap teratur, tercadangkan, dan milik Anda sepenuhnya","Il tuo vocabolario rimane organizzato, protetto da backup e sempre tuo",語彙データは整理され、バックアップされ、あなたの手に,깔끔하게 정리되고 백업되는 나만의 어휘장,"Kosa kata anda kekal tersusun, tersandar dan milik anda","Ordforrådet ditt blir liggende ordnet, sikkerhetskopiert og ditt","Je woordenschat blijft georganiseerd, beveiligd met back-ups en van jou","Twoje słownictwo pozostaje uporządkowane, zabezpieczone i zawsze Twoje","O seu vocabulário fica arrumado, com cópia de segurança e é seu","Seu vocabulário continua organizado, com backup e seu","Vocabularul tău rămâne ordonat, salvat și al tău","Ваш словарь всегда упорядочен, сохранен и принадлежит только вам","Vaša slovná zásoba zostane usporiadaná, zálohovaná a vaša","Ваш речник остаје уредан, сачуван и ваш","Ditt ordförråd förblir organiserat, säkerhetskopierat och ditt eget",คลังคำศัพท์ของคุณเป็นระเบียบ มีสำรองข้อมูล และเป็นของคุณ,"Kelime bilginiz düzenli, yedeklenmiş ve tamamen size ait kalır","Ваш словник упорядкований, збережений і належить вам","Vốn từ vựng của bạn luôn ngăn nắp, an toàn và thuộc về bạn",您的词汇库保持井井有条，支持自动备份，完全归您所有
"Words, tags &amp; definitions",docs/_includes/pages/home.html,"Думи, етикети и тълкувания","Slova, štítky a definice","Ord, tags og forklaringer","Wörter, Tags & Definitionen","Λέξεις, ετικέτες &amp; ορισμοί","Palabras, etiquetas y definiciones","Sanat, tunnisteet ja selitykset","Mots, étiquettes & définitions","शब्द, टैग और परिभाषाएँ","Riječi, oznake i definicije","Szavak, címkék és meghatározások","Kata, tag &amp; definisi","Parole, tag e definizioni",単語・タグ・定義,"단어, 태그 및 정의","Perkataan, tag dan takrifan","Ord, etiketter og forklaringer","Woorden, tags &amp; definities","Słowa, tagi i definicje","Palavras, etiquetas e definições","Palavras, tags e definições","Cuvinte, etichete și definiții","Слова, теги и определения","Slová, štítky a definície","Речи, ознаке и дефиниције","Ord, taggar &amp; definitioner",คำศัพท์ แท็ก และคำนิยาม,"Kelimeler, Etiketler ve Tanımlar","Слова, теги й визначення","Từ vựng, thẻ nhãn &amp; định nghĩa",单词、标签与释义
"Organize vocabulary with tags, favorites, definitions, and learning statuses to keep everything structured and searchable.",docs/_includes/pages/home.html,"Подреждайте думите с етикети, любими, тълкувания и статуси на учене, за да е всичко структурирано и лесно за търсене.","Třiďte slovní zásobu štítky, oblíbenými, definicemi a stavy učení, aby vše zůstalo přehledné a snadno dohledatelné.","Hold styr på ordforrådet med tags, favoritter, forklaringer og læringsstatusser, så alt bliver ved med at være overskueligt og til at søge i.","Organisieren Sie Ihr Vokabular mit Tags, Favoriten, Definitionen und Lernstatus, um alles strukturiert und durchsuchbar zu halten.","Οργανώστε το λεξιλόγιο με ετικέτες, αγαπημένα, ορισμούς και καταστάσεις εκμάθησης, ώστε όλα να παραμένουν οργανωμένα και εύκολα αναζητήσιμα.","Organiza el vocabulario con etiquetas, favoritos, definiciones y estados de aprendizaje para mantener todo estructurado y accesible.","Järjestä sanastoa tunnisteilla, suosikeilla, selityksillä ja oppimistiloilla, niin kaikki pysyy jäsentyneenä ja helposti haettavana.","Organisez votre vocabulaire avec des étiquettes, des favoris, des définitions et des statuts d'apprentissage pour garder tout structuré et facile à chercher.","सब कुछ व्यवस्थित और खोजने योग्य रखने के लिए टैग, पसंदीदा, परिभाषाओं और सीखने की स्थितियों के साथ शब्दावली को व्यवस्थित करें।","Posložite vokabular oznakama, favoritima, definicijama i statusima učenja da sve ostane pregledno i lako pretraživo.","Rendszerezd a szókincsed címkékkel, kedvencekkel, meghatározásokkal és tanulási állapotokkal, hogy minden áttekinthető és kereshető maradjon.","Atur kosakata dengan tag, favorit, definisi, dan status pembelajaran agar semuanya tetap terstruktur dan mudah dicari.","Organizza il vocabolario con tag, preferiti, definizioni e stati di apprendimento per mantenere tutto strutturato e facile da cercare.",タグ、お気に入り、定義、学習ステータスで語彙を整理し、いつでも検索可能な状態に維持。,"태그, 즐겨찾기, 정의, 학습 상태로 어휘를 체계적으로 정리하고 검색할 수 있습니다.","Susun kosa kata dengan tag, kegemaran, takrifan dan status pembelajaran supaya semuanya kekal berstruktur dan mudah dicari.","Hold orden på ordforrådet med etiketter, favoritter, forklaringer og læringsstatuser, så alt forblir oversiktlig og lett å søke i.","Organiseer je woordenschat met tags, favorieten, definities en leerstatussen om alles gestructureerd en doorzoekbaar te houden.","Organizuj słownictwo za pomocą tagów, ulubionych, definicji i statusów nauki, aby wszystko było uporządkowane i łatwe do wyszukania.","Organize o vocabulário com etiquetas, favoritos, definições e estados de aprendizagem, para que tudo se mantenha estruturado e fácil de pesquisar.","Organize o vocabulário com tags, favoritos, definições e status de aprendizado, para que tudo fique estruturado e fácil de pesquisar.","Organizează-ți vocabularul cu etichete, favorite, definiții și stări de învățare, ca totul să rămână structurat și ușor de căutat.","Организуйте слова с помощью тегов, избранного, определений и статусов обучения для удобного поиска.","Trieďte slovnú zásobu štítkami, obľúbenými, definíciami a stavmi učenia, aby všetko zostalo prehľadné a ľahko dohľadateľné.","Сложите речник ознакама, омиљеним ставкама, дефиницијама и статусима учења да све остане прегледно и лако за претрагу.","Organisera ordförrådet med taggar, favoriter, definitioner och inlärningsstatus för att hålla allt strukturerat och sökbart.",จัดระเบียบคำศัพท์ด้วยแท็ก รายการโปรด คำนิยาม และสถานะการเรียนรู้ เพื่อให้ทุกอย่างเป็นระบบและค้นหาง่าย,"Her şeyi yapılandırılmış ve aranabilir tutmak için kelimelerinizi etiketler, favoriler, tanımlar ve öğrenme durumları ile düzenleyin.","Організовуйте лексику за допомогою тегів, обраного, визначень і статусів навчання, щоб усе залишалося впорядкованим і зручним для пошуку.","Quản lý từ vựng với thẻ nhãn, từ yêu thích, định nghĩa và trạng thái học tập để mọi thứ luôn rõ ràng và dễ tìm kiếm.",通过标签、收藏、释义及学习状态灵活组织词汇，确保所有内容结构清晰、随时可查。
Sync &amp; backups,docs/_includes/pages/home.html,Синхронизация и архиви,Synchronizace a zálohy,Synkronisering og sikkerhedskopier,Synchronisation & Sicherungen,Συγχρονισμός &amp; Αντίγραφα ασφαλείας,Sincronización y copias de seguridad,Synkronointi ja varmuuskopiot,Synchronisation & sauvegardes,सिंक और बैकअप,Sinkronizacija i sigurnosne kopije,Szinkronizálás és mentések,Sinkronisasi &amp; cadangan,Sincronizzazione e backup,同期とバックアップ,동기화 및 백업,Penyegerakan dan sandaran,Synkronisering og sikkerhetskopier,Synchronisatie &amp; back-ups,Synchronizacja i kopie zapasowe,Sincronização e cópias de segurança,Sincronização e backups,Sincronizare și copii de siguranță,Синхронизация и бэкапы,Synchronizácia a zálohy,Синхронизација и резервне копије,Synkronisering &amp; säkerhetskopior,การซิงก์และการสำรองข้อมูล,Senkronizasyon ve Yedeklemeler,Синхронізація та копії,Đồng bộ &amp; Sao lưu,数据同步与备份
"Protect your learning data with automatic backups, recovery tools, and optional cloud synchronization.",docs/_includes/pages/home.html,"Пазете данните си с автоматични архиви, средства за възстановяване и синхронизация в облака по желание.","Chraňte si data z učení automatickými zálohami, nástroji pro obnovu a volitelnou synchronizací do cloudu.","Beskyt dine læringsdata med automatiske sikkerhedskopier, gendannelsesværktøjer og valgfri synkronisering i skyen.","Schützen Sie Ihre Lerndaten mit automatischen Backups, Wiederherstellungstools und optionaler Cloud-Synchronisation.","Προστατέψτε τα δεδομένα εκμάθησης με αυτόματα αντίγραφα ασφαλείας, εργαλεία ανάκτησης και προαιρετικό συγχρονισμό στο cloud.","Protege tus datos de aprendizaje con copias de seguridad automáticas, herramientas de recuperación y sincronización opcional en la nube.","Suojaa oppimistietosi automaattisilla varmuuskopioilla, palautustyökaluilla ja valinnaisella pilvisynkronoinnilla.","Protégez vos données d'apprentissage grâce aux sauvegardes automatiques, aux outils de récupération et à la synchronisation cloud en option.","स्वचालित बैकअप, पुनर्प्राप्ति उपकरण और वैकल्पिक क्लाउड सिंक के साथ अपने सीखने के डेटा को सुरक्षित रखें।","Zaštitite podatke o učenju automatskim sigurnosnim kopijama, alatima za oporavak i neobaveznom sinkronizacijom u oblak.","Óvd a tanulási adataidat automatikus mentésekkel, helyreállító eszközökkel és választható felhőszinkronizálással.","Lindungi data pembelajaran Anda dengan pemulihan cadangan otomatis, alat pemulihan, dan sinkronisasi awan opsional.","Proteggi i tuoi dati di apprendimento con backup automatici, strumenti di ripristino e sincronizzazione cloud opzionale.",自動バックアップ、復元ツール、オプションのクラウド同期で学習データを安全に保護。,"자동 백업, 복구 도구 및 선택적 클라우드 동기화로 학습 데이터를 안전하게 보호하세요.","Lindungi data pembelajaran anda dengan sandaran automatik, alat pemulihan dan penyegerakan awan secara pilihan.","Beskytt læringsdataene dine med automatiske sikkerhetskopier, gjenopprettingsverktøy og valgfri synkronisering i skyen.","Bescherm je leergegevens met automatische back-ups, hersteltools en optionele cloudsynchronisatie.","Chroń swoje dane do nauki za pomocą automatycznych kopii zapasowych, narzędzi do odzyskiwania i opcjonalnej synchronizacji w chmurze.","Proteja os seus dados de aprendizagem com cópias de segurança automáticas, ferramentas de recuperação e sincronização na nuvem à sua escolha.","Proteja seus dados de estudo com backups automáticos, ferramentas de recuperação e sincronização na nuvem opcional.","Protejează-ți datele de învățare cu copii de siguranță automate, instrumente de recuperare și sincronizare opțională în cloud.","Защитите данные своего обучения с помощью автоматических бэкапов, инструментов восстановления и облачной синхронизации.","Chráňte si údaje z učenia automatickými zálohami, nástrojmi na obnovu a voliteľnou synchronizáciou do cloudu.","Заштитите податке о учењу аутоматским резервним копијама, алаткама за опоравак и необавезном синхронизацијом у облак.","Skydda dina inlärningsdata med automatiska säkerhetskopior, återställningsverktyg och valfri molnsynkronisering.",ปกป้องข้อมูลการเรียนของคุณด้วยการสำรองข้อมูลอัตโนมัติ เครื่องมือกู้คืน และการซิงก์ผ่านคลาวด์แบบเลือกใช้,"Otomatik yedeklemeler, kurtarma araçları ve isteğe bağlı bulut senkronizasyonu ile öğrenme verilerinizi koruyun.","Захищайте свої дані за допомогою автоматичних резервних копій, інструментів відновлення та необов’язкової хмарної синхронізації.","Bảo vệ dữ liệu học tập với tính năng sao lưu tự động, công cụ phục hồi và đồng bộ đám mây tùy chọn.",利用自动本地备份、数据恢复工具及可选的云端同步，全方位保障您的学习数据安全。
Import &amp; export,docs/_includes/pages/home.html,Внасяне и изнасяне,Import a export,Import og eksport,Import & Export,Εισαγωγή &amp; Εξαγωγή,Importar y exportar,Tuonti ja vienti,Importation & exportation,आयात और निर्यात,Uvoz i izvoz,Importálás és exportálás,Impor &amp; ekspor,Importazione ed esportazione,インポートとエクスポート,가져오기 및 내보내기,Import dan eksport,Import og eksport,Importeren &amp; exporteren,Import i eksport,Importação e exportação,Importação e exportação,Import și export,Импорт и экспорт,Import a export,Увоз и извоз,Import &amp; export,นำเข้าและส่งออก,İçe ve Dışa Aktarma,Імпорт та експорт,Nhập &amp; Xuất dữ liệu,轻松导入与导出
"Easily move your vocabulary between tools with Excel imports and exports to PDF, CSV, Excel, MP3 and Anki-compatible formats.",docs/_includes/pages/home.html,"Местете речника си между инструментите без главоболия — внасяне от Excel и изнасяне в PDF, CSV, Excel, MP3 и формати, съвместими с Anki.","Přesouvejte slovní zásobu mezi nástroji bez trápení — import z Excelu a export do PDF, CSV, Excelu, MP3 i formátů kompatibilních s Anki.","Flyt ordforrådet mellem værktøjer uden besvær — import fra Excel og eksport til PDF, CSV, Excel, MP3 og Anki-kompatible formater.","Übertragen Sie Ihr Vokabular mühelos zwischen Tools mit Excel-Importen und Exporten nach PDF, CSV, Excel, MP3 und Anki-kompatiblen Formaten.","Μεταφέρετε εύκολα το λεξιλόγιό σας μεταξύ εργαλείων με εισαγωγή Excel και εξαγωγή σε PDF, CSV, Excel, MP3 και μορφές συμβατές με Anki.","Mueve fácilmente tu vocabulario entre herramientas con importaciones de Excel y exportaciones a PDF, CSV, Excel, MP3 y formatos compatibles con Anki.","Siirrä sanastoa työkalusta toiseen vaivatta — tuonti Excelistä ja vienti PDF-, CSV-, Excel-, MP3- ja Anki-yhteensopiviin muotoihin.","Déplacez facilement votre vocabulaire entre vos outils grâce à l'importation Excel et aux exportations aux formats PDF, CSV, Excel, MP3 et compatibles Anki.","एक्सेल आयात और पीडीएफ, सीएसवी, एक्सेल, एमपी3 और एंकी-संगत स्वरूपों में निर्यात के साथ आसानी से अपनी शब्दावली को टूल के बीच ले जाएं।","Selite vokabular između alata bez muke — uvoz iz Excela i izvoz u PDF, CSV, Excel, MP3 i formate kompatibilne s Ankijem.","Vidd a szókincsed eszközről eszközre gond nélkül — Excel-importtal, valamint PDF-, CSV-, Excel-, MP3- és Anki-kompatibilis exporttal.","Pindahkan kosakata Anda antar alat dengan mudah melalui impor Excel serta ekspor ke format PDF, CSV, Excel, MP3, dan format yang kompatibel dengan Anki.","Sposta facilmente il tuo vocabolario tra vari strumenti grazie all'importazione da Excel e all'esportazione in PDF, CSV, Excel, MP3 e formati compatibili con Anki.",Excel からのインポートや、PDF、CSV、Excel、MP3、Anki 互換形式へのエクスポートにより、データを自由に移動。,"Excel 가져오기와 PDF, CSV, Excel, MP3, Anki 호환 형식 내보내기를 통해 다른 도구로 어휘를 손쉽게 이동하세요.","Pindahkan kosa kata antara alat tanpa kerenah — import daripada Excel dan eksport ke PDF, CSV, Excel, MP3 serta format serasi Anki.","Flytt ordforrådet mellom verktøy uten styr — import fra Excel og eksport til PDF, CSV, Excel, MP3 og Anki-kompatible formater.","Verplaats je woordenschat eenvoudig tussen tools met Excel-import en export naar PDF, CSV, Excel, MP3 en Anki-compatibele formaten.","Łatwo przenoś swoje słownictwo między narzędziami dzięki importowi z Excela oraz eksportowi do formatów PDF, CSV, Excel, MP3 i kompatybilnych z Anki.","Mova o vocabulário entre ferramentas sem complicações — importação a partir do Excel e exportação para PDF, CSV, Excel, MP3 e formatos compatíveis com o Anki.","Mova seu vocabulário entre ferramentas sem dor de cabeça — importação do Excel e exportação para PDF, CSV, Excel, MP3 e formatos compatíveis com o Anki.","Mută-ți vocabularul dintr-un instrument în altul fără bătăi de cap — import din Excel și export în PDF, CSV, Excel, MP3 și formate compatibile cu Anki.","Легко переносите свой словарь между инструментами благодаря импорту из Excel и экспорту в PDF, CSV, Excel, MP3 и форматы, совместимые с Anki.","Presúvajte slovnú zásobu medzi nástrojmi bez trápenia — import z Excelu a export do PDF, CSV, Excelu, MP3 aj formátov kompatibilných s Anki.","Селите речник између алата без муке — увоз из Excel-а и извоз у PDF, CSV, Excel, MP3 и формате компатибилне са Anki-јем.","Flytta enkelt ditt ordförråd mellan verktyg med Excel-import och export till PDF, CSV, Excel, MP3 och Anki-kompatibla format.","ย้ายคลังคำศัพท์ข้ามเครื่องมือได้ไม่ยุ่งยาก นำเข้าจาก Excel และส่งออกเป็น PDF, CSV, Excel, MP3 รวมถึงรูปแบบที่ใช้กับ Anki ได้","Excel içe aktarımları ve PDF, CSV, Excel, MP3 ile Anki uyumlu formatlara dışa aktarımlarla kelime bilginizi araçlar arasında kolayca taşıyın.","Легко переносіть свою лексику між інструментами завдяки імпорту з Excel та експорту у PDF, CSV, Excel, MP3 і формати, сумісні з Anki.","Dễ dàng chuyển đổi vốn từ giữa các công cụ với tính năng nhập Excel và xuất ra PDF, CSV, Excel, MP3 cùng các định dạng tương thích Anki.",支持 Excel 快捷导入，并可导出为 PDF、CSV、Excel、MP3 以及 Anki 兼容格式，轻松与其他工具互通。
Practise with flashcards,docs/_includes/pages/home.html,Упражнявайте се с флаш карти,Procvičujte s kartičkami,Træn med flashcards,Mit Karteikarten üben,Εξάσκηση με κάρτες flashcards,Practica con tarjetas didácticas,Harjoittele muistikorteilla,S'entraîner avec des cartes mémoire,फ़्लैशकार्ड के साथ अभ्यास करें,Vježbajte uz flash kartice,Gyakorolj tanulókártyákkal,Berlatih dengan kartu kilat,Esercitati con le flashcard,単語カードで練習,플래시카드로 연습하기,Berlatih dengan kad imbas,Øv med flash-kort,Oefen met flitskaarten,Ćwicz z fiszkami,Pratique com cartões de memória,Pratique com flashcards,Exersează cu cartonașe,Практика с помощью карточек,Precvičujte s kartičkami,Вежбајте уз флеш-картице,Öva med flashkort,ฝึกด้วยแฟลชการ์ด,Bilgi kartlarıyla pratik yapın,Практикуйтеся з флешкартками,Luyện tập với thẻ ghi nhớ,使用卡片高效练习
"Every word you save becomes a flashcard. Build a deck from any filter — status, language or tag — then review it with spaced repetition that brings each word back just before you would have forgotten it.",docs/_includes/pages/home.html,"Всяка запазена дума става флаш карта. Съставете тесте по кой да е филтър — статус, език или етикет — и го преговаряйте с интервално повторение, което връща всяка дума точно преди да сте я забравили.","Z každého uloženého slova se stane kartička. Sestavte balíček podle libovolného filtru — stavu, jazyka nebo štítku — a pak ho opakujte s odstupy, které slovo vrátí přesně chvíli předtím, než byste ho zapomněli.","Hvert ord, du gemmer, bliver til et flashcard. Byg en bunke ud fra et hvilket som helst filter — status, sprog eller tag — og repetér den så med intervaller, der henter hvert ord tilbage lige før du ville have glemt det.","Jedes gespeicherte Wort wird zu einer Karteikarte. Erstellen Sie ein Deck aus jedem Filter – Status, Sprache oder Tag – und wiederholen Sie es mit Spaced Repetition kurz vor dem Vergessen.","Κάθε λέξη που αποθηκεύετε γίνεται μια κάρτα flashcard. Δημιουργήστε ένα σετ καρτών από οποιοδήποτε φίλτρο — κατάσταση, γλώσσα ή ετικέτα — και μετά κάντε επανάληψη με διαστήματα, που επαναφέρει κάθε λέξη λίγο πριν την ξεχάσετε.","Cada palabra que guardas se convierte en una tarjeta. Crea un mazo con cualquier filtro (estado, idioma o etiqueta) y repásalo con repetición espaciada para mostrarte cada palabra justo antes de olvidarla.","Jokaisesta tallentamastasi sanasta tulee muistikortti. Kokoa pakka millä tahansa suodattimella — tilan, kielen tai tunnisteen mukaan — ja kertaa se sitten välistetysti niin, että jokainen sana palaa juuri ennen kuin olisit unohtanut sen.","Chaque mot enregistré devient una carte mémoire. Créez un paquet à partir de n'importe quel filtre — statut, langue ou étiquette — puis révisez-le avec la répétition espacée.","आपके द्वारा सहेजा गया प्रत्येक शब्द एक फ़्लैशकार्ड बन जाता है। किसी भी फ़िल्टर — स्थिति, भाषा या टैग — से एक डेक बनाएं, फिर अंतराल दोहराव के साथ उसकी समीक्षा करें जो प्रत्येक शब्द को आपके भूलने से ठीक पहले वापस लाता है।","Svaka spremljena riječ postaje flash kartica. Složite špil po bilo kojem filtru — statusu, jeziku ili oznaci — i onda ga ponavljajte s razmacima koji svaku riječ vraćaju taman prije nego što biste je zaboravili.","Minden elmentett szóból tanulókártya lesz. Állíts össze paklit bármelyik szűrő alapján — állapot, nyelv vagy címke szerint —, majd ismételd szakaszos ismétléssel, amely minden szót épp azelőtt hoz vissza, hogy elfelejtetted volna.","Setiap kata yang Anda simpan menjadi kartu kilat. Buat dek dari filter mana pun — status, bahasa, atau tag — lalu tinjau dengan pengulangan berkala yang menampilkan kembali setiap kata tepat sebelum Anda melupakannya.","Ogni parola salvata diventa una flashcard. Crea un mazzo da qualsiasi filtro — stato, lingua o tag — e ripassalo con la ripetizione dilazionata che ripropone ogni parola poco prima che tu la dimentichi.",保存したすべての単語が単語カードになります。ステータス・言語・タグなどのフィルターでデッキを作成し、忘れそうになる絶妙なタイミングで復習しましょう。,"저장하는 모든 단어가 플래시카드가 됩니다. 상태, 언어, 태그 등 원하는 필터로 덱을 만든 후, 단어를 잊기 직전에 다시 불러오는 간격 반복으로 복습하세요.","Setiap perkataan yang anda simpan menjadi sekeping kad imbas. Bina satu set kad daripada mana-mana penapis — status, bahasa atau tag — kemudian ulang kajinya dengan ulangan berjarak yang membawa setiap perkataan kembali betul-betul sebelum anda melupakannya.","Hvert ord du lagrer, blir til et flash-kort. Sett sammen en bunke ut fra et hvilket som helst filter — status, språk eller etikett — og repeter den så med intervaller som henter hvert ord tilbake like før du ville glemt det.","Elk woord dat je opslaat wordt een flitskaart. Maak een leerset op basis van elk filter — status, taal of tag — en herhaal met gespreide herhaling die elk woord terugbrengt vlak voordat je het vergeten zou zijn.","Każde zapisane słowo staje się fiszką. Stwórz talię z dowolnego filtra — statusu, języka lub tagu — a następnie powtarzaj ją za pomocą powtórek odstępowych, które przypominają słowo tuż przed tym, jak byś je zapomniał.","Cada palavra que guarda passa a ser um cartão de memória. Monte um baralho a partir de qualquer filtro — estado, língua ou etiqueta — e reveja-o depois com repetição espaçada, que traz cada palavra de volta mesmo antes de a ter esquecido.","Cada palavra que você salva vira um flashcard. Monte um baralho a partir de qualquer filtro — status, idioma ou tag — e revise com repetição espaçada, que traz cada palavra de volta pouco antes de você tê-la esquecido.","Fiecare cuvânt salvat devine un cartonaș. Alcătuiește un pachet după orice filtru — stare, limbă sau etichetă — apoi recapitulează-l cu repetiție la intervale, care aduce fiecare cuvânt înapoi exact înainte să-l fi uitat.","Каждое сохраненное слово превращается в карточку. Создавайте колоды по любому фильтру — статусу, языку или тегу — и повторяйте их по системе интервальных повторений.","Z každého uloženého slova sa stane kartička. Zostavte balíček podľa ľubovoľného filtra — stavu, jazyka alebo štítku — a potom ho opakujte s odstupmi, ktoré slovo vrátia presne chvíľu predtým, než by ste ho zabudli.","Свака сачувана реч постаје флеш-картица. Саставите шпил по било ком филтеру — статусу, језику или ознаци — па га понављајте у размацима који сваку реч враћају таман пре него што бисте је заборавили.","Varje ord du sparar blir ett flashkort. Skapa en kortlek från vilket filter som helst — status, språk eller tagg — och repetera sedan med spaced repetition som påminner dig om ordet precis innan du skulle ha glömt det.",ทุกคำที่คุณบันทึกจะกลายเป็นแฟลชการ์ด สร้างชุดการ์ดจากตัวกรองใดก็ได้ — สถานะ ภาษา หรือแท็ก — แล้วทบทวนแบบเว้นระยะ ซึ่งจะดึงแต่ละคำกลับมาพอดีก่อนที่คุณจะลืมมันไป,"Kaydettiğiniz her kelime bir bilgi kartına dönüşür. Durum, dil veya etiket gibi herhangi bir filtreden bir deste oluşturun ve unutmak üzere olduğunuz an her kelimeyi geri getiren aralıklı tekrar yöntemiyle gözden geçirin.","Кожне збережене слово стає флешкарткою. Створіть колоду за будь-яким фільтром — статусом, мовою чи тегом — і повторюйте її за системою інтервальних повторень, яка повертає кожне слово саме перед тим, як ви його забули б.","Mỗi từ bạn lưu sẽ trở thành một thẻ ghi nhớ. Tạo bộ thẻ từ bất kỳ bộ lọc nào — trạng thái, ngôn ngữ hoặc thẻ nhãn — sau đó ôn tập với phương pháp lặp lại ngắt quãng.",保存的每一个单词都会自动生成一张抽词卡片。按状态、语言或标签灵活构建词卡组，利用间隔复习机制在遗忘临界点精准复习。
"Answer it, don’t just recognise it",docs/_includes/pages/home.html,"Отговорете, а не просто разпознайте","Odpovězte, nejen poznejte",Svar på det — ikke bare genkend det,"Antworten, nicht nur wiedererkennen","Απαντήστε, μην την αναγνωρίζετε απλώς","Respóndela, no solo la reconozcas","Vastaa siihen, älä vain tunnista sitä","Répondez, ne vous contentez pas de reconnaître","उसे पहचानें ही नहीं, उत्तर दें","Odgovorite, ne samo prepoznajte","Válaszolj rá, ne csak ismerd fel","Jawab, jangan hanya mengenali","Rispondi, non limitarti a riconoscerla",見覚えではなく、答えられるかどうか,"알아보는 것이 아니라, 답할 수 있는가","Jawab, bukan sekadar cam",Svar på det — ikke bare kjenn det igjen,"Geef het antwoord, herken het niet alleen","Odpowiedz, nie tylko rozpoznaj","Responda, não se limite a reconhecer","Responda, não apenas reconheça","Răspunde, nu doar recunoaște","Ответьте, а не просто узнайте","Odpovedzte, nielen poznajte","Одговорите, немојте само препознати","Svara på det, känn inte bara igen det",ตอบให้ได้ ไม่ใช่แค่จำหน้าตาได้,"Tanımakla kalmayın, yanıtlayın","Відповідайте, а не просто впізнавайте","Hãy trả lời được, đừng chỉ nhận ra",答得出来，而不只是看着眼熟
"A quiz asks before it tells. Pick the right word from four options, or type it out — the harder, better test. Choose which side you are shown and how many questions to take; a wrong answer shows the right one with its definition, and every answer feeds the same spaced repetition as your flashcards.",docs/_includes/pages/home.html,"Тестът първо пита и едва после казва. Изберете правилната дума от четири възможности или я напишете — по-трудното и по-доброто изпитание. Вие решавате коя страна виждате и колко въпроса да получите; при грешен отговор се показва верният заедно с определението му, а всеки отговор захранва същото интервално повторение като флаш картите ви.","Kvíz se nejprve zeptá a teprve potom prozradí. Vyberte správné slovo ze čtyř možností, nebo ho napište — to je náročnější a lepší zkouška. Vy určíte, kterou stranu vidíte a kolik otázek dostanete; u chybné odpovědi se ukáže ta správná i s definicí a každá odpověď se propisuje do stejného opakování s odstupem jako u vašich kartiček.","En quiz spørger, før den fortæller. Vælg det rigtige ord blandt fire muligheder, eller skriv det — den sværere og bedre prøve. Du vælger, hvilken side du får vist, og hvor mange spørgsmål du tager; et forkert svar viser det rigtige sammen med definitionen, og hvert svar går ind i den samme intervalgentagelse som dine flashcards.","Ein Quiz fragt, bevor es verrät. Wählen Sie das richtige Wort aus vier Optionen oder tippen Sie es ein — die härtere und bessere Prüfung. Sie entscheiden, welche Seite Sie sehen und wie viele Fragen Sie nehmen; bei einer falschen Antwort erscheint die richtige samt Definition, und jede Antwort fließt in dieselbe Spaced Repetition wie bei Ihren Karteikarten ein.","Το κουίζ ρωτά πριν αποκαλύψει. Διαλέξτε τη σωστή λέξη από τέσσερις επιλογές ή πληκτρολογήστε την — η δυσκολότερη και καλύτερη δοκιμασία. Εσείς επιλέγετε ποια πλευρά βλέπετε και πόσες ερωτήσεις θα πάρετε· σε λάθος απάντηση εμφανίζεται η σωστή μαζί με τον ορισμό της, και κάθε απάντηση τροφοδοτεί την ίδια επανάληψη σε διαστήματα με τις κάρτες flashcard σας.","Un cuestionario pregunta antes de contar. Elige la palabra correcta entre cuatro opciones o escríbela: la prueba más difícil y más útil. Tú decides qué lado ves y cuántas preguntas haces; una respuesta incorrecta muestra la correcta con su definición, y cada respuesta alimenta la misma repetición espaciada que tus tarjetas didácticas.","Tietovisa kysyy ennen kuin kertoo. Valitse oikea sana neljästä vaihtoehdosta tai kirjoita se — vaikeampi ja parempi koe. Sinä valitset, kumman puolen näet ja montako kysymystä otat; väärän vastauksen kohdalla näytetään oikea ja sen määritelmä, ja jokainen vastaus syöttää samaa välistettyä kertausta kuin muistikorttisi.","Un quiz interroge avant de révéler. Choisissez le bon mot parmi quatre propositions, ou saisissez-le : l’épreuve la plus exigeante, et la plus utile. À vous de décider quel côté vous voyez et combien de questions vous prenez ; une mauvaise réponse affiche la bonne avec sa définition, et chaque réponse alimente la même répétition espacée que vos cartes mémoire.","प्रश्नोत्तरी बताने से पहले पूछती है। चार विकल्पों में से सही शब्द चुनें या उसे लिखें — कठिन, पर बेहतर परीक्षा। आप तय करते हैं कि कौन सा पक्ष दिखे और कितने प्रश्न हों; गलत उत्तर पर सही उत्तर उसकी परिभाषा के साथ दिखता है, और हर उत्तर आपके फ़्लैशकार्ड जैसा ही अंतराल दोहराव आगे बढ़ाता है।","Kviz prvo pita, a tek onda kaže. Odaberite pravu riječ od četiri mogućnosti ili je upišite — teža i bolja provjera. Vi odlučujete koju stranu vidite i koliko pitanja uzimate; kod pogrešnog odgovora prikazuje se ispravan zajedno s definicijom, a svaki odgovor napaja isto ponavljanje s razmacima kao i vaše flash kartice.","A kvíz előbb kérdez, és csak azután mond. Válaszd ki a helyes szót négy lehetőség közül, vagy írd be — ez a nehezebb és jobb próba. Te döntöd el, melyik oldalt látod és hány kérdést kapsz; hibás válasznál megjelenik a helyes a meghatározásával együtt, és minden válasz ugyanabba a szakaszos ismétlésbe folyik be, mint a tanulókártyáidnál.","Kuis bertanya sebelum memberi tahu. Pilih kata yang tepat dari empat opsi, atau ketik sendiri — ujian yang lebih sulit sekaligus lebih baik. Anda menentukan sisi mana yang ditampilkan dan berapa banyak pertanyaan yang diambil; jawaban yang salah menampilkan jawaban benar beserta definisinya, dan setiap jawaban mengisi pengulangan berkala yang sama seperti kartu kilat Anda.","Un quiz chiede prima di dire. Scegli la parola giusta fra quattro opzioni, o digitala: la prova più difficile e più utile. Decidi tu quale lato vedere e quante domande fare; a una risposta sbagliata compare quella giusta con la sua definizione, e ogni risposta alimenta la stessa ripetizione dilazionata delle tue flashcard.",クイズは教える前に問いかけます。4つの選択肢から正しい語を選ぶか、自分で入力する——後者のほうが難しく、そのぶん確かなテストです。どちら側を出題するか、何問解くかは自由に選べます。間違えれば正解と定義がその場に表示され、どの解答も単語カードと同じ分散学習に反映されます。,"퀴즈는 알려주기 전에 먼저 묻습니다. 네 개의 보기에서 정답을 고르거나 직접 입력하세요. 입력이 더 어렵고, 그만큼 더 정확한 시험입니다. 어느 쪽을 보여줄지, 몇 문제를 풀지는 직접 정합니다. 틀리면 정답과 뜻이 바로 표시되고, 모든 답은 플래시카드와 같은 간격 반복에 반영됩니다.","Kuiz bertanya sebelum memberitahu. Pilih perkataan yang betul daripada empat pilihan, atau taip sendiri — ujian yang lebih sukar dan lebih baik. Anda menentukan sisi mana yang ditunjukkan dan berapa soalan hendak diambil; jawapan yang salah memaparkan yang betul bersama definisinya, dan setiap jawapan menyuap ulangan berjarak yang sama seperti kad imbas anda.","En quiz spør før den forteller. Velg det riktige ordet blant fire alternativer, eller skriv det — den vanskeligere og bedre prøven. Du velger hvilken side du ser og hvor mange spørsmål du tar; et galt svar viser det riktige sammen med definisjonen, og hvert svar mates inn i den samme intervallrepetisjonen som flash-kortene dine.","Een quiz vraagt voordat hij vertelt. Kies het juiste woord uit vier opties, of typ het — de moeilijkere en betere test. Jij bepaalt welke kant je ziet en hoeveel vragen je neemt; bij een fout antwoord verschijnt het juiste met de definitie erbij, en elk antwoord voedt dezelfde gespreide herhaling als je flitskaarten.","Quiz najpierw pyta, a dopiero potem mówi. Wybierz właściwe słowo z czterech opcji albo je wpisz — trudniejsza i lepsza próba. To Ty decydujesz, którą stronę widzisz i ile pytań bierzesz; przy błędnej odpowiedzi pokazuje się poprawna wraz z definicją, a każda odpowiedź napędza te same powtórki odstępowe co Twoje fiszki.","Um questionário pergunta antes de dizer. Escolha a palavra certa entre quatro opções, ou escreva-a: a prova mais difícil e mais útil. Decide que lado vê e quantas perguntas faz; numa resposta errada aparece a correta com a sua definição, e cada resposta alimenta a mesma repetição espaçada dos seus cartões de memória.","Um quiz pergunta antes de contar. Escolha a palavra certa entre quatro opções, ou digite-a: a prova mais difícil e mais útil. Você decide qual lado vê e quantas perguntas faz; em uma resposta errada aparece a correta com sua definição, e cada resposta alimenta a mesma repetição espaçada dos seus flashcards.","Un test întreabă înainte să spună. Alege cuvântul potrivit dintre patru opțiuni sau scrie-l — proba mai grea și mai bună. Tu decizi ce parte vezi și câte întrebări iei; la un răspuns greșit apare cel corect împreună cu definiția lui, iar fiecare răspuns alimentează aceeași repetiție la intervale ca și cartonașele tale.","Тест сначала спрашивает и только потом отвечает. Выберите верное слово из четырёх вариантов или введите его — испытание сложнее и потому честнее. Вы решаете, какую сторону видеть и сколько вопросов взять; при ошибке появится правильный ответ с определением, а каждый ответ идёт в те же интервальные повторения, что и ваши карточки.","Kvíz sa najprv spýta a až potom prezradí. Vyberte správne slovo zo štyroch možností alebo ho napíšte — náročnejšia a lepšia skúška. Vy určíte, ktorú stranu vidíte a koľko otázok dostanete; pri nesprávnej odpovedi sa zobrazí tá správna aj s definíciou a každá odpoveď sa zapisuje do toho istého opakovania s odstupom ako vaše kartičky.","Квиз прво пита, а тек онда каже. Изаберите праву реч од четири могућности или је упишите — тежа и боља провера. Ви одлучујете коју страну видите и колико питања узимате; код погрешног одговора приказује се тачан заједно са дефиницијом, а сваки одговор напаја исто понављање у размацима као и ваше флеш-картице.","Ett quiz frågar innan det berättar. Välj rätt ord bland fyra alternativ, eller skriv det — det svårare och bättre provet. Du bestämmer vilken sida du ser och hur många frågor du tar; ett fel svar visar det rätta tillsammans med definitionen, och varje svar går in i samma repeterade inlärning som dina flashkort.",แบบทดสอบจะถามก่อนบอก เลือกคำที่ถูกจากสี่ตัวเลือก หรือพิมพ์เอง — ยากกว่าแต่วัดผลได้ดีกว่า คุณเลือกได้ว่าจะเห็นด้านไหนและทำกี่ข้อ เมื่อตอบผิดจะเห็นคำตอบที่ถูกพร้อมคำนิยาม และทุกคำตอบจะป้อนเข้าการทบทวนแบบเว้นระยะเดียวกับแฟลชการ์ดของคุณ,"Test söylemeden önce sorar. Doğru kelimeyi dört seçenek arasından seçin ya da yazın — daha zor, o yüzden daha iyi bir sınama. Hangi tarafı göreceğinize ve kaç soru alacağınıza siz karar verirsiniz; yanlış yanıtta doğrusu tanımıyla birlikte görünür ve her yanıt bilgi kartlarınızla aynı aralıklı tekrarı besler.","Тест спершу запитує і лише потім каже. Виберіть правильне слово з чотирьох варіантів або введіть його — складніше, а тому чесніше випробування. Ви вирішуєте, який бік бачите і скільки запитань берете; за помилки з’явиться правильна відповідь із означенням, і кожна відповідь живить ті самі інтервальні повторення, що й ваші флешкартки.","Trắc nghiệm hỏi trước khi nói. Chọn từ đúng trong bốn đáp án, hoặc tự gõ ra — cách khó hơn và cũng chính xác hơn. Bạn quyết định xem mặt nào và làm bao nhiêu câu; trả lời sai sẽ hiện đáp án đúng kèm định nghĩa, và mọi câu trả lời đều dồn vào cùng một lịch lặp lại ngắt quãng như thẻ ghi nhớ của bạn.",测验先提问，再给答案。从四个选项中选出正确的词，或者自己输入——后者更难，也更能说明问题。出哪一面、做多少题都由你决定；答错时会当场显示正确答案及其释义，每次作答都会汇入与记忆卡片相同的间隔复习。
Multiple choice,docs/_includes/pages/home.html,Избор от отговори,Výběr z možností,Flere svarmuligheder,Multiple Choice,Πολλαπλή επιλογή,Opción múltiple,Monivalinta,Choix multiple,बहुविकल्पीय,Višestruki izbor,Feleletválasztás,Pilihan ganda,Scelta multipla,選択式,선택형,Pilihan berganda,Flervalg,Meerkeuze,Wielokrotny wybór,Escolha múltipla,Múltipla escolha,Alegere multiplă,Выбор из вариантов,Výber z možností,Вишеструки избор,Flervalsfråga,ปรนัย,Çoktan seçmeli,Вибір із варіантів,Nhiều lựa chọn,选择题
Type the answer,docs/_includes/pages/home.html,Напишете отговора,Napište odpověď,Skriv svaret,Antwort eingeben,Πληκτρολογήστε την απάντηση,Escribe la respuesta,Kirjoita vastaus,Saisissez la réponse,उत्तर लिखें,Upišite odgovor,Írja be a választ,Ketik jawabannya,Digita la risposta,答えを入力,답을 입력하세요,Taip jawapan,Skriv svaret,Typ het antwoord,Wpisz odpowiedź,Escreva a resposta,Digite a resposta,Scrie răspunsul,Введите ответ,Napíšte odpoveď,Упишите одговор,Skriv svaret,พิมพ์คำตอบ,Yanıtı yazın,Введіть відповідь,Nhập câu trả lời,输入答案
Read real texts — or ones written for you,docs/_includes/pages/home.html,Четете истински текстове — или написани специално за вас,"Čtěte skutečné texty — nebo takové, které vzniknou pro vás","Læs rigtige tekster — eller nogle, der er skrevet til dig",Echte Texte lesen – oder speziell für Sie geschriebene,Διαβάστε πραγματικά κείμενα — ή κείμενα γραμμένα για εσάς,Lee textos reales o redactados para ti,Lue oikeita tekstejä — tai sinulle kirjoitettuja,Lisez de vrais textes — ou des textes rédigés pour vous,वास्तविक पाठ पढ़ें — या आपके लिए लिखे गए पाठ,Čitajte prave tekstove — ili one napisane baš za vas,"Olvass valódi szövegeket — vagy olyanokat, amelyek neked készültek",Baca teks asli — atau teks yang ditulis khusus untuk Anda,Leggi testi reali — o creati su misura per te,実際の文章を読む — またはあなた専用に作成された文章を読む,실제 텍스트 또는 맞춤형 글 읽기,Baca teks sebenar — atau teks yang ditulis khas untuk anda,Les ekte tekster — eller noen som er skrevet til deg,Lees echte teksten — of teksten die speciaal voor jou zijn geschreven,Czytaj prawdziwe teksty — lub napisane specjalnie dla Ciebie,Leia textos a sério — ou textos escritos para si,Leia textos de verdade — ou textos escritos para você,Citește texte adevărate — sau scrise anume pentru tine,Читайте реальные тексты — или созданные для вас,"Čítajte skutočné texty — alebo také, čo vzniknú pre vás",Читајте праве текстове — или оне написане баш за вас,Läs riktiga texter — eller texter skrivna för dig,อ่านข้อความจริง — หรือข้อความที่เขียนขึ้นเพื่อคุณ,Gerçek metinler okuyun — veya sizin için yazılmış olanları,Читайте справжні тексти — або написані саме для вас,Đọc văn bản thực tế — hoặc văn bản được viết riêng cho bạn,阅读真实文章——或为您量身定制的文本
"Import articles, web pages, Wikipedia entries and RSS feeds, then read them in the app with synchronized translations and audio — saving any word straight from the texts as you go. AI can also write a short text from the words you are learning right now, so you meet them again in context, in sentences you have not read before.",docs/_includes/pages/home.html,"Внасяйте статии, уеб страници, статии от Уикипедия и RSS емисии и ги четете в приложението със синхронен превод и озвучаване, като запазвате всяка дума направо от текста в движение. ИИ може и сам да ви напише кратък текст от думите, които учите точно сега, за да ги срещнете отново в контекст — в изречения, които не сте чели преди.","Naimportujte články, webové stránky, hesla z Wikipedie i RSS kanály a čtěte je v aplikaci se synchronizovaným překladem a zvukem — a ukládejte si slova rovnou z textu, jak čtete. AI vám navíc dokáže napsat krátký text ze slov, která se učíte právě teď, abyste je potkali znovu v kontextu, ve větách, které jste ještě nečetli.","Importér artikler, websider, Wikipedia-opslag og RSS-feeds, og læs dem i appen med oversættelse og lyd, der følger med — og gem et hvilket som helst ord direkte fra teksten undervejs. AI kan oven i købet skrive en kort tekst ud fra de ord, du er i gang med lige nu, så du møder dem igen i sammenhæng, i sætninger du ikke har læst før.","Importieren Sie Artikel, Webseiten, Wikipedia-Einträge und RSS-Feeds und lesen Sie sie in der App mit synchronisierten Übersetzungen und Audio — und speichern Sie jedes Wort direkt aus dem Text heraus. Die KI kann auch kurze Texte aus Ihren aktuellen Lernwörtern schreiben, sodass Sie ihnen erneut im Zusammenhang begegnen, in Sätzen, die Sie noch nie gelesen haben.","Εισαγάγετε άρθρα, ιστοσελίδες, καταχωρίσεις Wikipedia και ροές RSS, στη συνέχεια διαβάστε τα στην εφαρμογή με συγχρονισμένη μετάφραση και ήχο — αποθηκεύοντας οποιαδήποτε λέξη κατευθείαν από το κείμενο καθώς προχωράτε. Η AI μπορεί επίσης να γράψει ένα μικρό κείμενο από τις λέξεις που μαθαίνετε τώρα, ώστε να τις συναντήσετε ξανά μέσα σε συμφραζόμενα, σε προτάσεις που δεν έχετε ξαναδιαβάσει.","Importa artículos, páginas web, entradas de Wikipedia y canales RSS, y léelos en la aplicación con traducciones y audio sincronizados, guardando cualquier palabra directamente mientras lees. La IA también puede redactar textos breves con las palabras que estás aprendiendo para verlas en nuevo contexto.","Tuo artikkeleita, verkkosivuja, Wikipedia-artikkeleita ja RSS-syötteitä, ja lue ne sovelluksessa käännöksen ja äänen kulkiessa rinnalla — tallentaen minkä tahansa sanan suoraan tekstistä lukiessasi. Tekoäly osaa lisäksi kirjoittaa lyhyen tekstin niistä sanoista, joita juuri nyt opettelet, jotta kohtaat ne uudelleen asiayhteydessä, lauseissa joita et ole ennen lukenut.","Importez des articles, pages web, entrées Wikipedia et flux RSS, puis lisez-les dans l'application avec traductions et audio synchronisés — en enregistrant n'importe quel mot directement depuis le texte au fil de la lecture. L'IA peut également rédiger un court texte à partir des mots que vous apprenez en ce moment, pour que vous les retrouviez en contexte, dans des phrases que vous n'avez jamais lues.","लेख, वेब पेज, विकिपीडिया प्रविष्टियाँ और आरएसएस फ़ीड आयात करें, फिर उन्हें ऐप में सिंक्रनाइज़ किए गए अनुवाद और ऑडियो के साथ पढ़ें — पढ़ते समय सीधे पाठों से कोई भी शब्द सहेजें। एआई आपके द्वारा अभी सीखे जा रहे शब्दों से एक छोटा पाठ भी लिख सकता है, ताकि आप उन्हें नए वाक्यों और संदर्भ में फिर से देख सकें।","Uvezite članke, web stranice, natuknice s Wikipedije i RSS kanale, pa ih čitajte u aplikaciji uz usklađeni prijevod i zvuk — spremajući bilo koju riječ ravno iz teksta dok čitate. AI vam usto može napisati kratak tekst od riječi koje upravo učite, da ih ponovno sretnete u kontekstu, u rečenicama koje još niste pročitali.","Importálj cikkeket, weboldalakat, Wikipédia-szócikkeket és RSS-hírfolyamokat, majd olvasd őket az alkalmazásban együtt futó fordítással és hanggal — és ments bármelyik szót egyenesen a szövegből, menet közben. Az MI ráadásul rövid szöveget is ír neked azokból a szavakból, amiket épp most tanulsz, hogy szövegkörnyezetben találkozz velük újra, olyan mondatokban, amiket még nem olvastál.","Impor artikel, halaman web, entri Wikipedia, dan umpan RSS, lalu baca di dalam aplikasi dengan terjemahan dan audio yang disinkronkan — simpan kata apa pun langsung dari teks sambil membaca. AI juga dapat menulis teks pendek dari kata-kata yang sedang Anda pelajari saat ini, sehingga Anda menjumpainya kembali dalam konteks kalimat baru.","Importa articoli, pagine web, voci di Wikipedia e feed RSS, quindi leggili nell'app con traduzioni e audio sincronizzati — salvando le parole direttamente dal testo mentre leggi. L'IA può anche scrivere un breve testo basato sulle parole che stai studiando ora, così da riincontrarle nel contesto in frasi inedite.",記事、Web ページ、Wikipedia、RSS フィードをインポートし、同期された翻訳と音声を使ってアプリ内で閲覧。読みながら直接単語を保存できます。また、AI が現在学習中の単語を使って短い文章を作成するため、初見の文脈で自然に再会できます。,"기사, 웹페이지, 위키백과 항목, RSS 피드를 가져와 앱에서 동기화된 번역 및 오디오와 함께 읽고, 읽는 동안 단어를 즉시 저장하세요. AI가 현재 배우고 있는 단어로 단문을 작성해 주어 새로운 문맥에서 단어를 재복습할 수 있습니다.","Import artikel, halaman web, rencana Wikipedia dan suapan RSS, kemudian bacanya dalam aplikasi dengan terjemahan dan audio yang seiring — sambil menyimpan mana-mana perkataan terus daripada teks. AI juga boleh menulis teks pendek daripada perkataan yang sedang anda pelajari, supaya anda bertemu semula dengannya dalam konteks, dalam ayat yang belum pernah anda baca.","Importer artikler, nettsider, Wikipedia-oppslag og RSS-strømmer, og les dem i appen med oversettelse og lyd som følger med — og lagre hvilket som helst ord rett fra teksten mens du leser. KI kan i tillegg skrive en kort tekst ut fra ordene du holder på med akkurat nå, så du møter dem igjen i sammenheng, i setninger du ikke har lest før.","Importeer artikelen, webpagina's, Wikipedia-artikelen en RSS-feeds, en lees ze in de app met gesynchroniseerde vertalingen en audio — terwijl je elk woord direct vanuit de tekst opslaat. AI kan ook een korte tekst schrijven met de woorden die je nu leert, zodat je ze opnieuw tegenkomt in context, in zinnen die je nog niet eerder hebt gelezen.","Importuj artykuły, strony www, wpisy z Wikipedii i kanały RSS, a następnie czytaj je w aplikacji ze zsynchronizowanym tłumaczeniem i nagraniem audio — zapisując słowa bezpośrednio z tekstu. AI może również napisać krótki tekst ze słów, których się obecnie uczysz, abyś spotkał je ponownie w nowym kontekście.","Importe artigos, páginas web, entradas da Wikipédia e feeds RSS e leia-os na aplicação com tradução e áudio a acompanhar — guardando qualquer palavra diretamente do texto à medida que avança. A IA consegue ainda escrever um texto curto a partir das palavras que anda a estudar neste momento, para que volte a encontrá-las em contexto, em frases que nunca leu.","Importe artigos, páginas web, verbetes da Wikipédia e feeds RSS e leia tudo no app com tradução e áudio acompanhando — salvando qualquer palavra direto do texto enquanto lê. A IA ainda escreve um texto curto com as palavras que você está estudando agora, para você reencontrá-las em contexto, em frases que nunca leu.","Importă articole, pagini web, articole din Wikipedia și fluxuri RSS, apoi citește-le în aplicație cu traducere și sunet sincronizate — salvând orice cuvânt direct din text, pe măsură ce citești. AI-ul îți poate scrie și un text scurt din cuvintele pe care le înveți chiar acum, ca să le reîntâlnești în context, în propoziții pe care nu le-ai mai citit.","Импортируйте статьи, веб-страницы, Википедию и RSS-ленты, читайте их в приложении с синхронным переводом и озвучкой, сохраняя слова прямо на ходу. ИИ также может написать короткий текст из слов, которые вы учите прямо сейчас, чтобы вы встретили их снова в контексте — в предложениях, которых ещё не читали.","Naimportujte články, webové stránky, heslá z Wikipédie aj RSS kanály a čítajte ich v aplikácii so synchronizovaným prekladom a zvukom — a ukladajte si slová rovno z textu, ako čítate. AI vám navyše dokáže napísať krátky text zo slov, ktoré sa učíte práve teraz, aby ste ich stretli znova v kontexte, vo vetách, ktoré ste ešte nečítali.","Увезите чланке, веб странице, одреднице са Википедије и RSS канале, па их читајте у апликацији уз усклађени превод и звук — чувајући било коју реч право из текста док читате. AI вам уз то може написати кратак текст од речи које управо учите, да их поново сретнете у контексту, у реченицама које још нисте прочитали.","Importera artiklar, webbsidor, Wikipedia-artiklar och RSS-flöden, och läs dem i appen med synkroniserade översättningar och ljud — och spara ord direkt från texten medan du läser. AI kan också skriva en kort text utifrån de ord du lär dig just nu, så att du möter dem igen i kontext, i meningar du inte läst tidigare.",นำเข้าบทความ หน้าเว็บ บทความ Wikipedia และฟีด RSS แล้วอ่านในแอปพร้อมคำแปลและเสียงที่เดินไปด้วยกัน โดยบันทึกคำใดก็ได้จากตัวข้อความระหว่างอ่าน นอกจากนี้ AI ยังแต่งข้อความสั้น ๆ จากคำที่คุณกำลังเรียนอยู่ตอนนี้ให้ได้ เพื่อให้คุณเจอคำเหล่านั้นอีกครั้งในบริบท ในประโยคที่คุณยังไม่เคยอ่าน,"Makaleleri, web sayfalarını, Wikipedia girdilerini ve RSS akışlarını içe aktarın, ardından senkronize çeviriler ve seslerle uygulama içinde okuyun — okudukça metinlerden doğrudan kelimeler kaydedin. Yapay zeka ayrıca şu anda öğrendiğiniz kelimelerden kısa bir metin yazabilir, böylece onları daha önce okumadığınız cümlelerde, bağlam içinde tekrar görürsünüz.","Імпортуйте статті, вебсторінки, матеріали з Вікіпедії та RSS-стрічки й читайте їх у застосунку — із синхронним перекладом та озвученням, зберігаючи слова прямо з текстів. А ще ШІ може написати короткий текст зі слів, які ви вивчаєте саме зараз, щоб ви зустріли їх у контексті — у реченнях, яких ще не читали.","Nhập bài báo, trang web, bài viết Wikipedia và nguồn RSS, sau đó đọc ngay trong ứng dụng với bản dịch và âm thanh đồng bộ — lưu từ trực tiếp trong khi đọc. AI cũng có thể viết một đoạn văn ngắn dựa trên các từ bạn đang học, để bạn gặp lại chúng trong ngữ cảnh, trong những câu bạn chưa từng đọc.",一键导入新闻文章、网页、维基百科条目和 RSS 订阅，在应用内边看边听并查看同步翻译，随时点选摘录生词。AI 还能根据您正在学习的词汇撰写短文，让您在全新的语境和句子中再次复习它们。
See your progress over time,docs/_includes/pages/home.html,Вижте напредъка си през времето,"Sledujte, jak se posouváte",Se din fremgang over tid,Fortschritt im Laufe der Zeit beobachten,Δείτε την πρόοδό σας στον χρόνο,Consulta tu progreso a lo largo del tiempo,"Katso, miten edistyt ajan myötä",Suivez vos progrès au fil du temps,समय के साथ अपनी प्रगति देखें,Pratite svoj napredak kroz vrijeme,"Nézd meg, hogyan haladsz az idővel",Lihat kemajuan Anda dari waktu ke waktu,Monitora i tuoi progressi nel tempo,時系列で進捗を確認,시간에 따른 성장 확인,Lihat kemajuan anda dari masa ke masa,Se framgangen din over tid,Bekijk je voortgang door de tijd heen,Obserwuj swoje postępy w czasie,Veja a sua evolução ao longo do tempo,Veja sua evolução ao longo do tempo,Vezi-ți progresul în timp,Наглядный прогресс со временем,"Sledujte, ako sa posúvate",Пратите свој напредак кроз време,Se dina framsteg över tid,ดูความคืบหน้าของคุณตามช่วงเวลา,Zaman içindeki ilerlemenizi görün,Бачте свій прогрес у часі,Theo dõi tiến trình theo thời gian,直观见证长远进步
"Monitor vocabulary growth, learning streaks, definition coverage, and mastery levels through a clear and informative dashboard.",docs/_includes/pages/home.html,"Следете как расте речникът ви, поредните дни на учене, покритието с тълкувания и степента на овладяване — на ясно и подредено табло.","Sledujte růst slovní zásoby, série dní učení, pokrytí definicemi i míru zvládnutí na přehledném a čitelném panelu.","Følg ordforrådets vækst, dine læringsstimer, hvor mange ord der har en forklaring, og hvor godt du mestrer dem — på et klart og sigende overblik.","Überwachen Sie Vokabelwachstum, Lernserien, Definitionsabdeckung und Beherrschungsstufen über ein übersichtliches Dashboard.","Παρακολουθήστε την αύξηση του λεξιλογίου, τα σερί εκμάθησης, την κάλυψη ορισμών και τα επίπεδα κατάκτησης μέσω ενός σαφούς πίνακα ελέγχου.","Supervisa el crecimiento del vocabulario, las rachas de estudio, la cobertura de definiciones y los niveles de dominio a través de un panel claro e intuitivo.","Seuraa sanaston karttumista, opiskeluputkia, selitysten kattavuutta ja hallinnan tasoa selkeällä ja puhuttelevalla näkymällä.","Suivez la croissance de votre vocabulaire, vos séries d'apprentissage, la couverture des définitions et vos niveaux de maîtrise via un tableau de bord clair.","एक स्पष्ट और जानकारीपूर्ण डैशबोर्ड के माध्यम से शब्दावली वृद्धि, सीखने के क्रम (streaks), परिभाषा कवरेज और महारत के स्तरों की निगरानी करें।","Pratite rast vokabulara, nizove dana učenja, pokrivenost definicijama i razinu usvojenosti na jasnoj i preglednoj nadzornoj ploči.","Kövesd a szókincs gyarapodását, a tanulási sorozatokat, a meghatározások lefedettségét és az elsajátítás szintjét egy tiszta, beszédes áttekintőn.","Pantau pertumbuhan kosakata, rekor belajar, cakupan definisi, dan tingkat penguasaan melalui dasbor yang jelas dan informatif.","Monitora la crescita del vocabolario, i giorni consecutivi di studio, la copertura delle definizioni e i livelli di padronanza attraverso una dashboard chiara e dettagliata.",分かりやすいダッシュボードで、語彙の増加、連続学習記録、定義カバー率、習得度レベルをモニタリング。,"명확하고 알찬 대시보드를 통해 어휘량 증가, 학습 유지 일수, 정의 커버리지 및 숙달도를 모니터링하세요.","Pantau pertumbuhan kosa kata, rentetan hari pembelajaran, liputan takrifan dan tahap penguasaan melalui papan pemuka yang jelas dan bermakna.","Følg veksten i ordforrådet, læringsrekkene dine, hvor mange ord som har en forklaring, og hvor godt du mestrer dem — på en klar og talende oversikt.","Volg de groei van je woordenschat, leerreeksen, definitiedekking en beheersingsniveaus via een helder en informatief dashboard.","Śledź wzrost słownictwa, serie nauki, pokrycie definicji i poziomy opanowania za pomocą przejrzystego i intuicyjnego panelu.","Acompanhe o crescimento do vocabulário, as sequências de dias de estudo, a cobertura das definições e o nível de domínio num painel claro e revelador.","Acompanhe o crescimento do vocabulário, as sequências de dias de estudo, a cobertura das definições e o nível de domínio num painel claro e revelador.","Urmărește creșterea vocabularului, seriile de zile de învățare, acoperirea cu definiții și nivelul de stăpânire pe un tablou de bord limpede și grăitor.","Отслеживайте рост словарного запаса, серии занятий, полноту определений и уровень освоения на удобной панели управления.","Sledujte rast slovnej zásoby, série dní učenia, pokrytie definíciami aj mieru zvládnutia na prehľadnom a čitateľnom paneli.","Пратите раст речника, низове дана учења, покривеност дефиницијама и ниво усвојености на јасној и прегледној контролној табли.","Övervaka ordförrådets tillväxt, inlärningssviter, täckning av definitioner och bemästringsnivåer via en tydlig och informativ översikt.",ติดตามการเติบโตของคลังคำศัพท์ สถิติวันเรียนต่อเนื่อง ความครอบคลุมของคำนิยาม และระดับความเชี่ยวชาญ ผ่านแดชบอร์ดที่อ่านง่ายและบอกอะไรได้จริง,"Net ve bilgilendirici bir pano aracılığıyla kelime artışını, öğrenme serilerini, tanım kapsamını ve uzmanlık seviyelerini izleyin.","Відстежуйте зростання словникового запасу, навчальні серії, покриття визначень і рівень засвоєння через зрозумілу та інформативну панель статистики.","Giám sát sự phát triển vốn từ, chuỗi ngày học, độ phủ định nghĩa và mức độ thành thạo qua bảng điều khiển trực quan.",通过清晰直观的仪表盘，全面掌握词汇量增长轨迹、连续打卡天数、释义覆盖度及精通程度。
Your vocabulary belongs to you,docs/_includes/pages/home.html,Речникът ви принадлежи на вас,Vaše slovní zásoba patří vám,Dit ordforråd tilhører dig,Ihr Vokabular gehört Ihnen,Το λεξιλόγιό σας ανήκει σε εσάς,Tu vocabulario te pertenece,Sanastosi kuuluu sinulle,Votre vocabulaire vous appartient,आपकी शब्दावली आपकी अपनी है,Vaš vokabular pripada vama,A szókincsed a tiéd,Kosakata Anda adalah milik Anda,Il tuo vocabolario appartiene a te,あなたの語彙データはあなたのもの,어휘 데이터는 오직 사용자의 것입니다,Kosa kata ini milik anda,Ordforrådet ditt tilhører deg,Je woordenschat is van jou,Twoje słownictwo należy do Ciebie,O seu vocabulário pertence-lhe,Seu vocabulário pertence a você,Vocabularul tău îți aparține,Ваш словарный запас принадлежит только вам,Vaša slovná zásoba patrí vám,Ваш речник припада вама,Ditt ordförråd tillhör dig,คลังคำศัพท์นี้เป็นของคุณ,Kelime bilginiz size aittir,Ваш словниковий запас належить лише вам,Vốn từ vựng hoàn toàn thuộc về bạn,您的词汇库完全归您所有
"Lingueez is built with a local-first approach. Use it completely offline without creating an account. Cloud synchronization is optional, and your learning data is never tracked or analyzed. Free and open source under the AGPL license.",docs/_includes/pages/home.html,"Lingueez е построен на принципа „първо локално“. Ползвайте го изцяло офлайн, без да си правите регистрация. Синхронизацията в облака е по желание, а данните ви от ученето никога не се проследяват и анализират. Безплатен софтуер с отворен код под лиценз AGPL.",Lingueez staví na přístupu „nejdřív lokálně“. Používejte ho úplně offline a bez zakládání účtu. Synchronizace do cloudu je dobrovolná a vaše data z učení nikdo nesleduje ani neanalyzuje. Zdarma a s otevřeným kódem pod licencí AGPL.,"Lingueez er bygget efter princippet lokalt først. Brug den helt offline uden at oprette en konto. Synkronisering i skyen er valgfri, og dine læringsdata bliver aldrig sporet eller analyseret. Gratis og open source under AGPL-licensen.",Lingueez setzt auf ein Local-First-Prinzip. Nutzen Sie es komplett offline ohne Konto. Die Cloud-Synchronisation ist optional und Ihre Lerndaten werden niemals getrackt. Kostenlos und Open Source unter AGPL-Lizenz.,Το Lingueez είναι κατασκευασμένο με προσέγγιση προτεραιότητας στη τοπική συσκευή (local-first). Χρησιμοποιήστε το πλήρως εκτός σύνδεσης χωρίς δημιουργία λογαριασμού. Ο συγχρονισμός στο cloud είναι προαιρετικός. Δωρεάν και ανοιχτού κώδικα υπό την άδεια AGPL.,Lingueez está diseñado con un enfoque prioritariamente local. Úsalo completamente sin conexión y sin crear una cuenta. La sincronización en la nube es opcional y tus datos nunca se rastrean. Gratuito y de código abierto bajo licencia AGPL.,"Lingueez on rakennettu paikallisuus edellä. Käytä sitä täysin verkotta ilman tilin luomista. Pilvisynkronointi on valinnaista, eikä oppimistietojasi koskaan seurata tai analysoida. Ilmainen ja avointa lähdekoodia AGPL-lisenssillä.",Lingueez est conçu selon un principe « local-first ». Utilisez-le entièrement hors ligne sans créer de compte. La synchronisation cloud est optionnelle et vos données ne sont jamais suivies. Gratuit et open source sous licence AGPL.,"Lingueez को लोकल-फर्स्ट दृष्टिकोण के साथ बनाया गया है। बिना खाता बनाए इसे पूरी तरह से ऑफ़लाइन उपयोग करें। क्लाउड सिंक वैकल्पिक है, और आपका सीखने का डेटा कभी भी ट्रैक या विश्लेषित नहीं किया जाता है। AGPL लाइसेंस के तहत मुफ़्त और ओपन सोर्स।","Lingueez je građen po načelu „prvo lokalno“. Koristite ga potpuno izvan mreže i bez otvaranja računa. Sinkronizacija u oblak nije obavezna, a vaši podaci o učenju nikada se ne prate ni ne analiziraju. Besplatno i otvorenog koda pod licencijom AGPL.","A Lingueez a „először helyben” elvre épül. Használd teljesen offline, fiók létrehozása nélkül. A felhőszinkronizálás választható, a tanulási adataidat pedig soha senki nem követi és nem elemzi. Ingyenes és nyílt forráskódú, AGPL licenc alatt.","Lingueez dibangun dengan pendekatan utamakan-lokal (local-first). Gunakan sepenuhnya secara luring tanpa membuat akun. Sinkronisasi awan bersifat opsional, dan data pembelajaran Anda tidak pernah dilacak atau dianalisis. Gratis dan sumber terbuka di bawah lisensi AGPL.",Lingueez è sviluppato con un approccio locale al primo posto. Usalo completamente offline senza creare un account. La sincronizzazione cloud è opzionale e i tuoi dati di apprendimento non vengono mai tracciati o analizzati. Gratuito e open source sotto licenza AGPL.,Lingueez はローカル優先（Local-first）の設計思想で作られています。アカウントを作成せずに完全オフラインで使用可能。クラウド同期は任意で、学習データが追跡・分析されることは一切ありません。AGPL ライセンスに基づく無料のオープンソースです。,"Lingueez는 로컬 우선 방식으로 제작되었습니다. 계정을 생성하지 않고도 완전히 오프라인으로 사용할 수 있습니다. 클라우드 동기화는 선택 사항이며, 학습 데이터는 절대로 추적되거나 분석되지 않습니다. AGPL 라이선스 기반의 무료 오픈 소스입니다.","Lingueez dibina dengan pendekatan setempat dahulu. Gunakannya sepenuhnya di luar talian tanpa membuka akaun. Penyegerakan awan adalah pilihan, dan data pembelajaran anda tidak pernah dijejaki atau dianalisis. Percuma dan bersumber terbuka di bawah lesen AGPL.","Lingueez er bygd etter prinsippet lokalt først. Bruk den helt uten nett og uten å opprette konto. Synkronisering i skyen er valgfritt, og læringsdataene dine blir aldri sporet eller analysert. Gratis og åpen kildekode under AGPL-lisensen.",Lingueez is gebouwd met een 'local-first' benadering. Gebruik het volledig offline zonder een account aan te maken. Cloudsynchronisatie is optioneel en je leergegevens worden nooit gevolgd of geanalyseerd. Gratis en open source onder de AGPL-licentie.,"Lingueez został stworzony w podejściu local-first. Używaj go w pełni offline bez zakładania konta. Synchronizacja w chmurze jest opcjonalna, a Twoje dane dotyczące nauki nigdy nie są śledzone ani analizowane. Bezpłatny i open-source na licencji AGPL.","O Lingueez foi construído com uma abordagem local em primeiro lugar. Use-o totalmente offline, sem criar conta. A sincronização na nuvem é opcional e os seus dados de aprendizagem nunca são seguidos nem analisados. Gratuito e de código aberto sob a licença AGPL.","O Lingueez foi construído com uma abordagem local em primeiro lugar. Use totalmente offline, sem criar conta. A sincronização na nuvem é opcional, e seus dados de estudo nunca são rastreados nem analisados. Grátis e de código aberto sob a licença AGPL.","Lingueez e construit după principiul „mai întâi local”. Folosește-l complet offline, fără să-ți faci cont. Sincronizarea în cloud e opțională, iar datele tale de învățare nu sunt niciodată urmărite sau analizate. Gratuit și cu sursă deschisă, sub licența AGPL.","Lingueez создан по принципу local-first. Пользуйтесь им полностью оффлайн без создания аккаунта. Облачная синхронизация опциональна, а ваши данные никогда не отслеживаются. Бесплатно и с открытым исходным кодом по лицензии AGPL.",Lingueez stavia na prístupe „najprv lokálne“. Používajte ho úplne offline a bez zakladania účtu. Synchronizácia do cloudu je dobrovoľná a vaše údaje z učenia nikto nesleduje ani neanalyzuje. Zadarmo a s otvoreným kódom pod licenciou AGPL.,"Lingueez је грађен по начелу „прво локално“. Користите га потпуно ван мреже и без отварања налога. Синхронизација у облак није обавезна, а ваши подаци о учењу никада се не прате нити анализирају. Бесплатно и отвореног кода под лиценцом AGPL.","Lingueez är byggt med en lokal-först-princip. Använd det helt offline utan att skapa ett konto. Molnsynkronisering är valfritt, och dina inlärningsdata spåras eller analyseras aldrig. Gratis och öppen källkod under AGPL-licensen.",Lingueez สร้างขึ้นบนแนวคิดเก็บไว้ในเครื่องเป็นหลัก ใช้งานแบบออฟไลน์เต็มรูปแบบได้โดยไม่ต้องสมัครบัญชี การซิงก์ผ่านคลาวด์เป็นตัวเลือก และข้อมูลการเรียนของคุณจะไม่ถูกติดตามหรือนำไปวิเคราะห์เลย ฟรีและโอเพนซอร์สภายใต้สัญญาอนุญาต AGPL,"Lingueez, yerel öncelikli (local-first) bir yaklaşımla oluşturulmuştur. Bir hesap oluşturmadan tamamen çevrimdışı kullanın. Bulut senkronizasyonu isteğe bağlıdır ve öğrenme verileriniz asla izlenmez veya analiz edilmez. AGPL lisansı altında ücretsiz ve açık kaynaklıdır.","Lingueez побудовано за принципом «спочатку локально». Користуйтеся застосунком повністю офлайн і без створення облікового запису. Хмарна синхронізація залишається необов’язковою, а ваші навчальні дані ніколи не відстежуються та не аналізуються. Безкоштовний застосунок із відкритим кодом під ліцензією AGPL.","Lingueez được thiết kế theo định hướng ưu tiên dữ liệu cục bộ (local-first). Sử dụng hoàn toàn ngoại tuyến mà không cần tạo tài khoản. Đồng bộ đám mây là tùy chọn, dữ liệu của bạn không bao giờ bị theo dõi. Miễn phí và mã nguồn mở theo giấy phép AGPL.",Lingueez 采用“本地优先”架构设计。无需注册任何账号，即可完全离线使用。云端同步为可选功能，我们绝不会追踪或分析您的学习数据。本软件基于 AGPL 协议完全免费且开源。
Read the Privacy Policy,docs/_includes/pages/home.html,Прочетете политиката за поверителност,Přečíst zásady ochrany osobních údajů,Læs privatlivspolitikken,Datenschutzerklärung lesen,Διαβάστε την Πολιτική Απορρήτου,Leer la Política de privacidad,Lue tietosuojaseloste,Lire la politique de confidentialité,गोपनीयता नीति पढ़ें,Pročitajte pravila privatnosti,Olvasd el az adatvédelmi tájékoztatót,Baca Kebijakan Privasi,Leggi l'informativa sulla privacy,プライバシーポリシーを読む,개인정보 처리방침 읽기,Baca Dasar Privasi,Les personvernerklæringen,Lees het Privacybeleid,Przeczytaj politykę prywatności,Ler a Política de Privacidade,Ler a Política de Privacidade,Citește politica de confidențialitate,Прочитать политику конфиденциальности,Prečítať zásady ochrany osobných údajov,Прочитајте политику приватности,Läs integritetspolicyn,อ่านนโยบายความเป็นส่วนตัว,Gizlilik Politikasını Okuyun,Читати Політику конфіденційності,Đọc Chính sách bảo mật,阅读隐私政策
"Lingueez is free and open-source, with no paywalls. If you enjoy Lingueez and find it useful, a one-off contribution helps cover the servers behind optional cloud sync and supports continued development.",docs/_includes/pages/home.html,"Lingueez е безплатен и с отворен код, без платени стени. Ако Lingueez ви харесва и ви върши работа, еднократна помощ покрива сървърите зад незадължителната синхронизация в облака и подкрепя по-нататъшната разработка.","Lingueez je zdarma a s otevřeným kódem, bez placených zdí. Pokud vás Lingueez baví a je vám k užitku, jednorázový příspěvek pomůže zaplatit servery za volitelnou synchronizací a podpoří další vývoj.","Lingueez er gratis og open source, uden betalingsmure. Hvis du kan lide Lingueez og har glæde af den, hjælper et engangsbidrag med at dække serverne bag den valgfri skysynkronisering og holder udviklingen i gang.","Lingueez ist kostenlos und Open Source, ohne Bezahlschranken. Wenn Ihnen Lingueez gefällt, hilft eine einmalige Unterstützung, die Server für die Cloud-Synchronisation zu decken und die Entwicklung fortzuführen.","Το Lingueez είναι δωρεάν και ανοιχτού κώδικα, χωρίς συνδρομές. Αν σας αρέσει το Lingueez και το βρίσκετε χρήσιμο, μια εφάπαξ συνεισφορά βοηθά να καλυφθούν οι διακομιστές πίσω από τον προαιρετικό συγχρονισμό στο cloud και στηρίζει τη συνέχιση της ανάπτυξης.","Lingueez es gratuito y de código abierto, sin muros de pago. Si disfrutas de Lingueez y te resulta útil, una contribución puntual ayuda a cubrir los servidores de sincronización en la nube y apoya el desarrollo continuo.","Lingueez on ilmainen ja avointa lähdekoodia, ilman maksumuureja. Jos pidät Lingueezista ja koet sen hyödylliseksi, kertaluonteinen tuki auttaa kattamaan valinnaisen pilvisynkronoinnin palvelimet ja vie kehitystä eteenpäin.","Lingueez est gratuit et open source, sans accès payant. Si vous appréciez Lingueez, una contribution ponctuelle aide a couvrir les coûts des serveurs de synchronisation et soutient le développement.","Lingueez मुफ़्त और ओपन-सोर्स है, जिसमें कोई पेवॉल नहीं है। यदि आप Lingueez का आनंद लेते हैं और इसे उपयोगी पाते हैं, तो एक बार का योगदान वैकल्पिक क्लाउड सिंक के पीछे के सर्वर को कवर करने में मदद करता है और निरंतर विकास का समर्थन करता है।","Lingueez je besplatan i otvorenog koda, bez plaćenih zidova. Ako vam se Lingueez sviđa i koristi vam, jednokratni prilog pomaže pokriti servere iza neobavezne sinkronizacije u oblak i podupire daljnji razvoj.","A Lingueez ingyenes és nyílt forráskódú, fizetős falak nélkül. Ha szereted a Lingueezt és hasznodra válik, egy egyszeri hozzájárulás fedezi a választható felhőszinkronizálás mögötti kiszolgálókat, és segíti a további fejlesztést.","Lingueez gratis dan sumber terbuka, tanpa batasan berbayar. Jika Anda menyukai Lingueez dan merasakannya bermanfaat, kontribusi satu kali membantu membiayai server di balik sinkronisasi awan opsional dan mendukung pengembangan berkelanjutan.","Lingueez è gratuito e open-source, senza contenuti a pagamento. Se ti piace Lingueez e lo trovi utile, una donazione una tantum aiuta a coprire i costi dei server per la sincronizzazione cloud opzionale e sostiene lo sviluppo continuo.",Lingueez は有料の壁がない無料のオープンソースソフトです。Lingueez を気に入っていただけた場合、単発の寄付によりオプションのクラウド同期サーバー費用や継続的な開発を支援できます。,"Lingueez는 유료 결제 장벽이 없는 무료 오픈 소스입니다. Lingueez가 마음에 들고 유용하다면, 일회성 후원을 통해 선택적 클라우드 동기화 서버 비용을 지원하고 지속적인 개발에 힘을 보탤 수 있습니다.","Lingueez percuma dan bersumber terbuka, tanpa tembok bayaran. Jika anda menyukai Lingueez dan mendapat manfaat daripadanya, sumbangan sekali sahaja membantu menampung pelayan di sebalik penyegerakan awan pilihan dan menyokong pembangunan seterusnya.","Lingueez er gratis og har åpen kildekode, uten betalingsmurer. Hvis du liker Lingueez og har nytte av den, hjelper et engangsbidrag med å dekke serverne bak den valgfrie skysynkroniseringen og holder utviklingen i gang.","Lingueez is gratis en open source, zonder betaalmuren. Als je Lingueez prettig en nuttig vindt, helpt een eenmalige bijdrage om de servers achter de optionele cloudsynchronisatie te dekken en verdere ontwikkeling te ondersteunen.","Lingueez jest bezpłatny i open-source, bez żadnych opłat. Jeśli podoba Ci się Lingueez i uważasz go za przydatny, jednorazowe wsparcie pomaga pokryć koszty serwerów opcjonalnej synchronizacji w chmurze i wspiera dalszy rozwój.","O Lingueez é gratuito e de código aberto, sem barreiras pagas. Se gosta do Lingueez e lhe dá jeito, um contributo único ajuda a cobrir os servidores por trás da sincronização opcional na nuvem e mantém o desenvolvimento a andar.","O Lingueez é grátis e de código aberto, sem paywall. Se você curte o Lingueez e ele te ajuda, uma contribuição única cobre os servidores por trás da sincronização opcional na nuvem e mantém o desenvolvimento em frente.","Lingueez e gratuit și cu sursă deschisă, fără ziduri de plată. Dacă îți place Lingueez și îți este de folos, o contribuție unică ajută la plata serverelor din spatele sincronizării opționale în cloud și susține dezvoltarea mai departe.","Lingueez — бесплатный проект с открытым исходным кодом без платных функций. Если вам нравится Lingueez, однократное пожертвование поможет оплатить серверы облачной синхронизации и поддержать разработку.","Lingueez je zadarmo a s otvoreným kódom, bez platených stien. Ak vás Lingueez baví a je vám na úžitok, jednorazový príspevok pomôže zaplatiť servery za voliteľnou synchronizáciou a podporí ďalší vývoj.","Lingueez је бесплатан и отвореног кода, без плаћених зидова. Ако вам се Lingueez свиђа и користи вам, једнократни прилог помаже да се покрију сервери иза необавезне синхронизације у облак и подржава даљи развој.",Lingueez är gratis och har öppen källkod utan betalväggar. Om du gillar Lingueez och tycker att det är användbart hjälper ett engångsbidrag till att täcka servrarna för valfri molnsynk och stödjer den fortsatta utvecklingen.,Lingueez เป็นซอฟต์แวร์ฟรีและโอเพนซอร์ส ไม่มีกำแพงเก็บเงิน หากคุณชอบ Lingueez และรู้สึกว่ามีประโยชน์ การสนับสนุนเพียงครั้งเดียวช่วยดูแลค่าเซิร์ฟเวอร์เบื้องหลังการซิงก์คลาวด์แบบเลือกใช้ และช่วยให้การพัฒนาเดินหน้าต่อไป,"Lingueez ücretsiz ve açık kaynaklıdır, ödeme duvarı yoktur. Lingueez'i beğeniyor ve yararlı buluyorsanız, tek seferlik bir katkı, isteğe bağlı bulut senkronizasyonunun arkasındaki sunucuları karşılamaya ve sürekli geliştirmeyi desteklemeye yardımcı olur.","Lingueez — безкоштовний застосунок із відкритим кодом, без платних обмежень. Якщо вам подобається Lingueez і приносить користь, разовий внесок допомагає покривати витрати на сервери для необов’язкової хмарної синхронізації та підтримує подальшу розробку.","Lingueez miễn phí và mở mã nguồn, không có bức tường thu phí. Nếu bạn yêu thích Lingueez, một đóng góp nhỏ sẽ giúp trang trải chi phí máy chủ đồng bộ và hỗ trợ phát triển tiếp tục.",Lingueez 是一款完全免费且开源的应用，没有任何付费墙。如果您喜欢 Lingueez 并觉得它有所帮助，一次性的赞助将有助于支付可选云同步服务的服务器成本，并支持软件的持续开发。
Support Lingueez’s development,docs/_includes/pages/home.html,Подкрепете разработката на Lingueez,Podpořte vývoj Lingueezu,Støt udviklingen af Lingueez,Entwicklung von Lingueez unterstützen,Υποστηρίξτε την ανάπτυξη του Lingueez,Apoya el desarrollo de Lingueez,Tue Lingueezin kehitystä,Soutenir le développement de Lingueez,Lingueez के विकास का समर्थन करें,Podržite razvoj Lingueeza,Támogasd a Lingueez fejlesztését,Dukung pengembangan Lingueez,Sostieni lo sviluppo di Lingueez,Lingueez の開発を支援する,Lingueez 개발 후원하기,Sokong pembangunan Lingueez,Støtt utviklingen av Lingueez,Ondersteun de ontwikkeling van Lingueez,Wesprzyj rozwój Lingueez,Apoie o desenvolvimento do Lingueez,Apoie o desenvolvimento do Lingueez,Susține dezvoltarea Lingueez,Поддержать разработку Lingueez,Podporte vývoj Lingueezu,Подржите развој Lingueez-а,Stöd Lingueez utveckling,สนับสนุนการพัฒนา Lingueez,Lingueez'in geliştirilmesini destekleyin,Підтримати розвиток Lingueez,Ủng hộ sự phát triển của Lingueez,赞助 Lingueez 的开发
GitHub Sponsors,docs/_includes/pages/home.html,GitHub Sponsors,GitHub Sponsors,GitHub Sponsors,GitHub Sponsors,Χορηγοί GitHub,Patrocinadores de GitHub,GitHub Sponsors,GitHub Sponsors,GitHub स्पॉन्सर,GitHub Sponsors,GitHub Sponsors,Sponsor GitHub,GitHub Sponsors,GitHub Sponsors,GitHub Sponsors,GitHub Sponsors,GitHub Sponsors,GitHub Sponsors,GitHub Sponsors,GitHub Sponsors,GitHub Sponsors,GitHub Sponsors,GitHub Sponsors,GitHub Sponsors,GitHub Sponsors,GitHub Sponsors,GitHub Sponsors,GitHub Sponsors,GitHub Sponsors,Nhà tài trợ GitHub,GitHub Sponsors 赞助
The Stripe option is one-time — no subscription. Payments are handled securely by Stripe or GitHub.,docs/_includes/pages/home.html,Плащането през Stripe е еднократно — без абонамент. Преводите се обработват сигурно от Stripe или GitHub.,Platba přes Stripe je jednorázová — žádné předplatné. Platby bezpečně zpracovává Stripe nebo GitHub.,Stripe-betalingen er en engangsbetaling — intet abonnement. Betalinger håndteres sikkert af Stripe eller GitHub.,Die Stripe-Option ist einmalig – kein Abonnement. Zahlungen werden sicher über Stripe oder GitHub abgewickelt.,Η επιλογή Stripe είναι εφάπαξ — χωρίς συνδρομή. Οι πληρωμές διεκπεραιώνονται με ασφάλεια από τη Stripe ή το GitHub.,"La opción de Stripe es un pago único, sin suscripción. Los pagos se procesan de forma segura mediante Stripe o GitHub.",Stripe-maksu on kertaluonteinen — ei tilausta. Maksut käsittelee turvallisesti Stripe tai GitHub.,L'option Stripe est un paiement unique — sans abonnement. Les paiements sont sécurisés par Stripe ou GitHub.,Stripe विकल्प एक बार के लिए है — कोई सदस्यता नहीं। भुगतान Stripe या GitHub द्वारा सुरक्षित रूप से संसाधित किए जाते हैं।,Plaćanje preko Stripea je jednokratno — bez pretplate. Uplate sigurno obrađuju Stripe ili GitHub.,A Stripe-os fizetés egyszeri — nincs előfizetés. A tranzakciókat a Stripe vagy a GitHub kezeli biztonságosan.,Opsi Stripe berlaku satu kali — tanpa berlangganan. Pembayaran ditangani secara aman oleh Stripe atau GitHub.,L'opzione Stripe è una tantum — abbonamento non richiesto. I pagamenti sono gestiti in modo sicuro da Stripe o GitHub.,Stripe での決済は単発であり、サブスクリプションではありません。お支払いは Stripe または GitHub により安全に処理されます。,Stripe 옵션은 일회성 결제이며 정기 구독이 아닙니다. 결제는 Stripe 또는 GitHub을 통해 안전하게 처리됩니다.,Pilihan Stripe adalah sekali sahaja — tiada langganan. Pembayaran dikendalikan dengan selamat oleh Stripe atau GitHub.,Stripe-betalingen er en engangsbetaling — ingen abonnement. Betalinger håndteres trygt av Stripe eller GitHub.,De Stripe-optie is eenmalig — geen abonnement. Betalingen worden veilig verwerkt door Stripe of GitHub.,Opcja Stripe jest jednorazowa — bez subskrypcji. Płatności są bezpiecznie przetwarzane przez Stripe lub GitHub.,A opção Stripe é única — sem subscrição. Os pagamentos são tratados em segurança pela Stripe ou pelo GitHub.,A opção do Stripe é única — sem assinatura. Os pagamentos são processados com segurança pela Stripe ou pelo GitHub.,Plata prin Stripe este unică — fără abonament. Plățile sunt procesate în siguranță de Stripe sau GitHub.,Оплата через Stripe является разовой и не требует подписки. Платежи надежно защищены Stripe или GitHub.,Platba cez Stripe je jednorazová — žiadne predplatné. Platby bezpečne spracúva Stripe alebo GitHub.,Плаћање преко Stripe-а је једнократно — без претплате. Уплате безбедно обрађују Stripe или GitHub.,Stripe-alternativet är en engångsbetalning — ingen prenumeration. Betalningar hanteras säkert av Stripe eller GitHub.,การจ่ายผ่าน Stripe เป็นแบบครั้งเดียว ไม่ใช่การสมัครสมาชิก ธุรกรรมดำเนินการอย่างปลอดภัยโดย Stripe หรือ GitHub,Stripe seçeneği tek seferliktir — abonelik gerektirmez. Ödemeler Stripe veya GitHub tarafından güvenli bir şekilde işlenir.,"Варіант зі Stripe — одноразовий, без підписки. Оплата здійснюється безпечно через Stripe або GitHub.",Tùy chọn Stripe là thanh toán một lần — không đăng ký định kỳ. Thanh toán được xử lý an toàn bởi Stripe hoặc GitHub.,Stripe 赞助为一次性支付，无需订阅。所有付款均由 Stripe 或 GitHub 安全处理。
Start building a stronger vocabulary today,docs/_includes/pages/home.html,Започнете да трупате по-богат речник още днес,Začněte si budovat silnější slovní zásobu ještě dnes,Begynd at bygge et stærkere ordforråd allerede i dag,Bauen Sie noch heute ein stärkeres Vokabular auf,Ξεκινήστε να χτίζετε ένα ισχυρότερο λεξιλόγιο σήμερα,Comienza a construir un vocabulario más sólido hoy,Ala kartuttaa vahvempaa sanastoa jo tänään,Commencez à enrichir votre vocabulaire dès aujourd'hui,आज ही एक मजबूत शब्दावली बनाना शुरू करें,Počnite graditi bogatiji vokabular već danas,Kezdd el még ma az erősebb szókincs építését,Mulai bangun kosakata yang lebih kuat hari ini,Inizia a sviluppare un vocabolario più ricco oggi stesso,今すぐ豊かな語彙力を身につけ始めよう,오늘부터 더 풍부한 어휘를 만들어보세요,Mula bina kosa kata yang lebih mantap hari ini juga,Begynn å bygge et sterkere ordforråd allerede i dag,Begin vandaag nog met het opbouwen van een sterkere woordenschat,Zacznij budować bogatsze słownictwo już dziś,Comece hoje mesmo a construir um vocabulário mais forte,Comece hoje mesmo a construir um vocabulário mais forte,Începe chiar azi să-ți construiești un vocabular mai puternic,Начните расширять словарный запас уже сегодня,Začnite si budovať silnejšiu slovnú zásobu ešte dnes,Почните да градите богатији речник још данас,Börja bygga ett starkare ordförråd idag,เริ่มสร้างคลังคำศัพท์ที่แข็งแรงขึ้นได้ตั้งแต่วันนี้,Bugün daha güçlü bir kelime bilgisi oluşturmaya başlayın,Почніть розширювати свій словниковий запас вже сьогодні,Bắt đầu xây dựng vốn từ vựng vững chắc ngay hôm nay,即刻开始构建更稳固的词汇量
"All download options — Windows, Linux and the KOReader plugin",docs/_includes/pages/home.html,"Всички начини за изтегляне — Windows, Linux и приставката за KOReader","Všechny možnosti stažení — Windows, Linux a modul pro KOReader","Alle downloadmuligheder — Windows, Linux og KOReader-udvidelsen","Alle Download-Optionen – Windows, Linux und das KOReader-Plugin","Όλες οι επιλογές λήψης — Windows, Linux και το πρόσθετο KOReader","Todas las opciones de descarga: Windows, Linux y el plugin para KOReader","Kaikki latausvaihtoehdot — Windows, Linux ja KOReader-lisäosa","Toutes les options de téléchargement — Windows, Linux et le plugin KOReader","सभी डाउनलोड विकल्प — Windows, Linux और KOReader प्लगइन","Sve mogućnosti preuzimanja — Windows, Linux i dodatak za KOReader","Az összes letöltési lehetőség — Windows, Linux és a KOReader-bővítmény","Semua opsi unduhan — Windows, Linux, dan plugin KOReader","Tutte le opzioni di download — Windows, Linux e il plugin per KOReader",すべてのダウンロードオプション — Windows、Linux、KOReader プラグイン,"모든 다운로드 옵션 — Windows, Linux 및 KOReader 플러그인","Semua pilihan muat turun — Windows, Linux dan pemalam KOReader","Alle nedlastingsmuligheter — Windows, Linux og KOReader-tillegget","Alle downloadopties — Windows, Linux en de KOReader-plugin","Wszystkie opcje pobierania — Windows, Linux i wtyczka KOReader","Todas as formas de transferir — Windows, Linux e a extensão KOReader","Todas as opções de download — Windows, Linux e a extensão do KOReader","Toate variantele de descărcare — Windows, Linux și extensia KOReader","Все варианты загрузки — Windows, Linux и плагин KOReader","Všetky možnosti stiahnutia — Windows, Linux a doplnok pre KOReader","Све могућности преузимања — Windows, Linux и додатак за KOReader","Alla nedladdningsalternativ — Windows, Linux och KOReader-tillägget","ตัวเลือกดาวน์โหลดทั้งหมด — Windows, Linux และปลั๊กอิน KOReader","Tüm indirme seçenekleri — Windows, Linux ve KOReader eklentisi","Усі варіанти завантаження — Windows, Linux і плагін KOReader","Tất cả tùy chọn tải xuống — Windows, Linux và plugin KOReader",所有下载选项——Windows、Linux 及 KOReader 插件
Lingueez for KOReader · Free &amp; open source,docs/_includes/pages/koreader.html,Lingueez за KOReader · Безплатно и с отворен код,Lingueez pro KOReader · Zdarma a s otevřeným kódem,Lingueez til KOReader · Gratis og open source,Lingueez für KOReader · Kostenlos & Open Source,Lingueez για KOReader · Δωρεάν &amp; ανοιχτού κώδικα,Lingueez para KOReader · Gratuito y de código abierto,Lingueez KOReaderille · Ilmainen ja avointa lähdekoodia,Lingueez pour KOReader · Gratuit & open source,KOReader के लिए Lingueez · मुफ़्त और ओपन सोर्स,Lingueez za KOReader · Besplatno i otvorenog koda,Lingueez KOReaderhez · Ingyenes és nyílt forráskódú,Lingueez untuk KOReader · Gratis &amp; sumber terbuka,Lingueez per KOReader · Gratuito e open source,KOReader 版 Lingueez・無料＆オープンソース,KOReader용 Lingueez · 무료 &amp; 오픈 소스,Lingueez untuk KOReader · Percuma dan bersumber terbuka,Lingueez for KOReader · Gratis og åpen kildekode,Lingueez voor KOReader · Gratis &amp; open source,Lingueez dla KOReader · Bezpłatny i open-source,Lingueez para KOReader · Gratuito e de código aberto,Lingueez para KOReader · Grátis e de código aberto,Lingueez pentru KOReader · Gratuit și cu sursă deschisă,Lingueez для KOReader · Бесплатно и открытый код,Lingueez pre KOReader · Zadarmo a s otvoreným kódom,Lingueez за KOReader · Бесплатно и отвореног кода,Lingueez för KOReader · Gratis &amp; öppen källkod,Lingueez สำหรับ KOReader · ฟรีและโอเพนซอร์ส,KOReader için Lingueez · Ücretsiz ve açık kaynak,Lingueez для KOReader · Безкоштовно й з відкритим кодом,Lingueez cho KOReader · Miễn phí &amp; mã nguồn mở,Lingueez for KOReader · 免费 &amp; 开源
"Save words straight from <span class=""accent"">your books</span>",docs/_includes/pages/koreader.html,"Запазвайте думи направо от <span class=""accent"">книгите си</span>","Ukládejte slova rovnou <span class=""accent"">z vlastních knih</span>","Gem ord direkte fra <span class=""accent"">dine egne bøger</span>","Speichern Sie Wörter direkt aus <span class=""accent"">Ihren Büchern</span>","Αποθηκεύστε λέξεις απευθείας από <span class=""accent"">τα βιβλία σας</span>","Guarda palabras directamente desde <span class=""accent"">tus libros</span>","Tallenna sanat suoraan <span class=""accent"">omista kirjoistasi</span>","Enregistrez des mots directement depuis <span class=""accent"">vos livres</span>","सीधे <span class=""accent"">अपनी किताबों</span> से शब्द सहेजें","Spremajte riječi ravno <span class=""accent"">iz svojih knjiga</span>","Ments szavakat egyenesen <span class=""accent"">a könyveidből</span>","Simpan kata langsung dari <span class=""accent"">buku Anda</span>","Salva le parole direttamente dai <span class=""accent"">tuoi libri</span>","<span class=""accent"">愛読書</span>から直接単語を保存","<span class=""accent"">읽고 있는 책</span>에서 바로 단어 저장","Simpan perkataan terus daripada <span class=""accent"">buku anda sendiri</span>","Lagre ord rett fra <span class=""accent"">dine egne bøker</span>","Sla woorden rechtstreeks op uit <span class=""accent"">je boeken</span>","Zapisuj słowa bezpośrednio ze <span class=""accent"">swoich książek</span>","Guarde palavras diretamente <span class=""accent"">dos seus livros</span>","Salve palavras direto <span class=""accent"">dos seus livros</span>","Salvează cuvinte direct <span class=""accent"">din cărțile tale</span>","Сохраняйте слова прямо из <span class=""accent"">ваших книг</span>","Ukladajte slová rovno <span class=""accent"">z vlastných kníh</span>","Чувајте речи право <span class=""accent"">из својих књига</span>","Spara ord direkt från <span class=""accent"">dina böcker</span>","บันทึกคำได้ตรงจาก <span class=""accent"">หนังสือของคุณ</span>","Doğrudan <span class=""accent"">kitaplarınızdan</span> kelimeler kaydedin","Зберігайте слова прямо <span class=""accent"">з ваших книжок</span>","Lưu từ trực tiếp từ <span class=""accent"">những cuốn sách của bạn</span>","直接从<span class=""accent"">您的书籍</span>中保存生词"
"The Lingueez plugin for KOReader lets you look up a word while you read, save it to your Lingueez vocabulary with its translation, and review it with flashcards directly on the e-reader. Your words stay in sync across devices.",docs/_includes/pages/koreader.html,"Приставката Lingueez за KOReader ви позволява да проверите дума, докато четете, да я запазите в речника си заедно с превода и да я преговорите с флаш карти направо на четеца. Думите ви остават синхронизирани на всички устройства.","Modul Lingueez pro KOReader vám dovolí vyhledat slovo během čtení, uložit ho i s překladem do své slovní zásoby a rovnou ve čtečce si ho zopakovat na kartičkách. Vaše slova zůstávají synchronizovaná napříč zařízeními.","Med Lingueez-udvidelsen til KOReader slår du et ord op midt i læsningen, gemmer det med oversættelse i dit ordforråd og repeterer det med flashcards direkte på e-bogslæseren. Dine ord holdes synkroniseret på tværs af enheder.","Das Lingueez-Plugin für KOReader ermöglicht es Ihnen, beim Lesen Wörter nachzuschlagen, sie mit Übersetzung zu speichern und direkt auf dem E-Reader zu wiederholen. Ihre Wörter bleiben auf allen Geräten synchron.","Το πρόσθετο Lingueez για KOReader σας επιτρέπει να αναζητάτε μια λέξη καθώς διαβάζετε, να την αποθηκεύετε στο λεξιλόγιό σας με τη μετάφρασή της και να την αναθεωρείτε με κάρτες flashcards απευθείας στο e-reader. Οι λέξεις σας παραμένουν συγχρονισμένες σε όλες τις συσκευές σας.","El plugin de Lingueez para KOReader te permite buscar una palabra mientras lees, guardarla en tu vocabulario con su traducción y repasarla con tarjetas directamente en el e-reader. Tus palabras se sincronizan entre dispositivos.","Lingueezin KOReader-lisäosalla haet sanan lukemisen lomassa, tallennat sen käännöksineen sanastoosi ja kertaat sen muistikorteilla suoraan lukulaitteella. Sanasi pysyvät synkassa laitteesta toiseen.","Le plugin Lingueez pour KOReader vous permet de chercher un mot pendant votre lecture, de l'enregistrer dans votre vocabulaire avec sa traduction et de le réviser sur votre liseuse. Vos mots restent synchronisés.","KOReader के लिए Lingueez प्लगइन आपको पढ़ते समय एक शब्द खोजने, इसे इसके अनुवाद के साथ आपकी Lingueez शब्दावली में सहेजने और सीधे ई-रीडर पर फ़्लैशकार्ड के साथ इसकी समीक्षा करने की अनुमति देता है। आपके शब्द सभी डिवाइसों में सिंक रहते हैं।","Dodatak Lingueez za KOReader omogućuje vam da potražite riječ dok čitate, spremite je s prijevodom u svoj vokabular i ponovite je na flash karticama izravno na e-čitaču. Vaše riječi ostaju sinkronizirane na svim uređajima.","A Lingueez KOReader-bővítményével olvasás közben kikeresel egy szót, a fordításával együtt elmented a szókincsedbe, és rögtön az e-könyv-olvasón át is ismételheted tanulókártyákkal. A szavaid minden eszközön szinkronban maradnak.","Plugin Lingueez untuk KOReader memungkinkan Anda mencari kata saat membaca, menyimpannya ke kosakata Lingueez beserta terjemahannya, dan meninjaunya dengan kartu kilat langsung di e-reader. Kata-kata Anda tetap tersinkronisasi di seluruh perangkat.","Il plugin Lingueez per KOReader ti permette di cercare una parola mentre leggi, salvarla nel tuo vocabolario Lingueez con la relativa traduzione e ripassarla con le flashcard direttamente sull'e-reader. Le tue parole rimangono sincronizzate su tutti i dispositivi.",KOReader 用 Lingueez プラグインを使えば、読書中に単語を検索し、翻訳付きで Lingueez の語彙リストへ保存、電子書籍リーダー上で直接単語カードを使って復習できます。単語データはデバイス間で同期されます。,"KOReader용 Lingueez 플러그인을 사용하면 책을 읽는 동안 단어를 찾아보고, 번역과 함께 Lingueez 어휘장에 저장하며, 전자책 리더에서 직접 플래시카드로 복습할 수 있습니다. 단어는 모든 기기에서 동기화됩니다.","Pemalam Lingueez untuk KOReader membolehkan anda mencari perkataan sewaktu membaca, menyimpannya ke dalam kosa kata Lingueez berserta terjemahan, dan mengulang kajinya dengan kad imbas terus pada pembaca e-buku. Perkataan anda kekal segerak merentas peranti.","Med Lingueez-tillegget for KOReader slår du opp et ord midt i lesingen, lagrer det med oversettelse i ordforrådet ditt og repeterer det med flash-kort rett på e-bokleseren. Ordene dine holdes synkronisert på tvers av enheter.","Met de Lingueez-plugin voor KOReader kun je een woord opzoeken tijdens het lezen, het met vertaling opslaan in je Lingueez-woordenschat en het rechtstreeks op de e-reader herhalen met flitskaarten. Je woorden blijven gesynchroniseerd op al je apparaten.","Wtyczka Lingueez do KOReader pozwala sprawdzić słowo podczas czytania, zapisać je w słownictwie Lingueez wraz z tłumaczeniem i powtarzać za pomocą fiszek bezpośrednio na e-czytniku. Twoje słowa pozostają zsynchronizowane na wszystkich urządzeniach.","A extensão Lingueez para o KOReader permite-lhe procurar uma palavra enquanto lê, guardá-la com a tradução no seu vocabulário do Lingueez e revê-la com cartões de memória no próprio leitor. As suas palavras mantêm-se sincronizadas entre dispositivos.","A extensão do Lingueez para o KOReader deixa você procurar uma palavra enquanto lê, salvá-la com a tradução no seu vocabulário do Lingueez e revisá-la com flashcards no próprio leitor. Suas palavras continuam sincronizadas entre os dispositivos.","Extensia Lingueez pentru KOReader îți dă voie să cauți un cuvânt în timp ce citești, să-l salvezi cu tot cu traducere în vocabularul tău și să-l recapitulezi cu cartonașe chiar pe e-reader. Cuvintele tale rămân sincronizate pe toate dispozitivele.","Плагин Lingueez для KOReader позволяет искать слова прямо во время чтения, сохранять их в ваш словарь Lingueez с переводом и повторять по карточкам прямо на электронном ридере. Ваши слова остаются синхронизированными на всех устройствах.","Doplnok Lingueez pre KOReader vám dovolí vyhľadať slovo počas čítania, uložiť ho aj s prekladom do svojej slovnej zásoby a rovno v čítačke si ho zopakovať na kartičkách. Vaše slová zostávajú synchronizované naprieč zariadeniami.","Додатак Lingueez за KOReader омогућава вам да потражите реч док читате, сачувате је с преводом у свој речник и поновите је на флеш-картицама директно на е-читачу. Ваше речи остају синхронизоване на свим уређајима.","Lingueez-tillägget för KOReader låter dig slå upp ett ord medan du läser, spara det i ditt Lingueez-ordförråd med dess översättning och öva med flashkort direkt på e-läsaren. Dina ord hålls synkroniserade mellan enheter.",ปลั๊กอิน Lingueez สำหรับ KOReader ให้คุณเปิดหาความหมายของคำระหว่างอ่าน บันทึกคำนั้นพร้อมคำแปลเข้าคลังคำศัพท์ Lingueez และทบทวนด้วยแฟลชการ์ดบนเครื่องอ่านได้เลย คำของคุณจะซิงก์ตรงกันทุกอุปกรณ์,"KOReader için Lingueez eklentisi, okurken bir kelimeye bakmanıza, çevirisiyle birlikte Lingueez kelime bilginize kaydetmenize ve doğrudan e-okuyucuda bilgi kartlarıyla gözden geçirmenize olanak tanır. Kelimeleriniz cihazlar arasında senkronize kalır.","Плагін Lingueez для KOReader дозволяє переглянути слово під час читання, зберегти його до свого словника Lingueez разом із перекладом і повторювати за допомогою флешкарток прямо на е-читачі. Ваші слова залишаються синхронізованими на всіх пристроях.","Plugin Lingueez cho KOReader cho phép bạn tra từ trong khi đọc, lưu vào vốn từ Lingueez kèm bản dịch và ôn tập bằng thẻ ghi nhớ ngay trên máy đọc sách. Dữ liệu đồng bộ trên mọi thiết bị.",KOReader 的 Lingueez 插件允许您在阅读时边读边查，将生词及其翻译直接保存至 Lingueez 词汇库，并可在墨水屏阅读器上直接刷卡复习。您的生词将在所有设备间保持同步。
Get the plugin,docs/_includes/pages/koreader.html,Вземете приставката,Získat modul,Hent udvidelsen,Plugin holen,Αποκτήστε το πρόσθετο,Obtener el plugin,Hanki lisäosa,Obtenir le plugin,प्लगइन प्राप्त करें,Nabavite dodatak,Töltsd le a bővítményt,Dapatkan plugin,Ottieni il plugin,プラグインを入手,플러그인 받기,Dapatkan pemalam,Hent tillegget,Download de plugin,Pobierz wtyczkę,Obter a extensão,Baixar a extensão,Ia extensia,Скачать плагин,Získať doplnok,Набавите додатак,Hämta tillägget,ดาวน์โหลดปลั๊กอิน,Eklentiyi alın,Завантажити плагін,Tải plugin,获取插件
View on GitHub,docs/_includes/pages/koreader.html,Вижте в GitHub,Zobrazit na GitHubu,Se på GitHub,Auf GitHub ansehen,Προβολή στο GitHub,Ver en GitHub,Katso GitHubissa,Voir sur GitHub,GitHub पर देखें,Pogledajte na GitHubu,Megtekintés a GitHubon,Lihat di GitHub,Vedi su GitHub,GitHub で見る,GitHub에서 보기,Lihat di GitHub,Se på GitHub,Bekijk op GitHub,Zobacz na GitHubie,Ver no GitHub,Ver no GitHub,Vezi pe GitHub,Посмотреть на GitHub,Zobraziť na GitHube,Погледајте на GitHub-у,Visa på GitHub,ดูบน GitHub,GitHub'da görüntüle,Переглянути на GitHub,Xem trên GitHub,在 GitHub 上查看
Save a word without leaving the book,docs/_includes/pages/koreader.html,"Запазете дума, без да излизате от книгата","Uložte slovo, aniž byste opustili knihu",Gem et ord uden at forlade bogen,"Ein Wort speichern, ohne das Buch zu verlassen",Αποθηκεύστε μια λέξη χωρίς να φύγετε από το βιβλίο,Guarda una palabra sin salir del libro,Tallenna sana poistumatta kirjasta,Enregistrez un mot sans quitter votre livre,किताब छोड़े बिना शब्द सहेजें,Spremite riječ bez izlaska iz knjige,"Ments el egy szót anélkül, hogy kilépnél a könyvből",Simpan kata tanpa meninggalkan buku,Salva una parola senza uscire dal libro,本を閉じずに単語を保存,책을 덮지 않고 단어 저장하기,Simpan perkataan tanpa meninggalkan buku,Lagre et ord uten å forlate boka,Sla een woord op zonder het boek te verlaten,Zapisz słowo bez wychodzenia z książki,Guarde uma palavra sem sair do livro,Salve uma palavra sem sair do livro,Salvează un cuvânt fără să ieși din carte,"Сохраняйте слова, не отрываясь от книги","Uložte slovo bez toho, aby ste opustili knihu",Сачувајте реч без изласка из књиге,Spara ett ord utan att lämna boken,บันทึกคำได้โดยไม่ต้องออกจากหนังสือ,Kitaptan ayrılmadan bir kelime kaydedin,"Зберігайте слово, не виходячи з книжки",Lưu từ mà không cần rời khỏi trang sách,无需离开书籍即可保存生词
"Long-press any word and tap <b>Save to Lingueez</b>. The plugin detects the book’s language, translates the word, and stores it in your account, ready to study. Adjust the translation before saving if you like.",docs/_includes/pages/koreader.html,"Задръжте пръст върху която и да е дума и докоснете <b>Запази в Lingueez</b>. Приставката разпознава езика на книгата, превежда думата и я прибира в акаунта ви, готова за учене. Ако желаете, може да поправите превода още преди запазването.","Podržte prst na libovolném slově a klepněte na <b>Uložit do Lingueezu</b>. Modul rozpozná jazyk knihy, slovo přeloží a uloží do vašeho účtu, připravené k učení. Před uložením můžete překlad ještě upravit.","Hold fingeren på et vilkårligt ord, og tryk på <b>Gem i Lingueez</b>. Udvidelsen genkender bogens sprog, oversætter ordet og lægger det i din konto, klar til at blive lært. Du kan rette oversættelsen til, inden du gemmer.","Drücken Sie lange auf ein Wort und tippen Sie auf <b>In Lingueez speichern</b>. Das Plugin erkennt die Sprache des Buches, übersetzt das Wort und speichert es in Ihrem Konto — bereit zum Lernen. Wenn Sie möchten, können Sie die Übersetzung vor dem Speichern anpassen.","Πατήστε παρατεταμένα οποιαδήποτε λέξη και πιέστε <b>Αποθήκευση στο Lingueez</b>. Το πρόσθετο εντοπίζει τη γλώσσα του βιβλίου, μεταφράζει τη λέξη και την αποθηκεύει στον λογαριασμό σας, έτοιμη για μελέτη. Αν θέλετε, μπορείτε να προσαρμόσετε τη μετάφραση πριν την αποθήκευση.","Mantén presionada cualquier palabra y toca <b>Guardar en Lingueez</b>. El plugin detecta el idioma del libro, traduce la palabra y la guarda en tu cuenta. Puedes ajustar la traducción antes de guardar.","Paina mitä tahansa sanaa pitkään ja napauta <b>Tallenna Lingueeziin</b>. Lisäosa tunnistaa kirjan kielen, kääntää sanan ja tallettaa sen tilillesi valmiiksi opiskeltavaksi. Halutessasi voit hioa käännöstä ennen tallennusta.","Appuyez longuement sur n'importe quel mot et appuyez sur <b>Enregistrer dans Lingueez</b>. Le plugin détecte la langue du livre, traduit le mot et l'enregistre dans votre compte, prêt à être étudié. Vous pouvez modifier la traduction avant l'enregistrement si vous le souhaitez.","किसी भी शब्द को देर तक दबाएं और <b>Lingueez में सहेजें</b> पर टैप करें। प्लगइन पुस्तक की भाषा का पता लगाता है, शब्द का अनुवाद करता है, और अध्ययन के लिए तैयार आपके खाते में सहेजता है। यदि आप चाहें तो सहेजने से पहले अनुवाद समायोजित करें।","Dulje pritisnite bilo koju riječ i dodirnite <b>Spremi u Lingueez</b>. Dodatak prepoznaje jezik knjige, prevodi riječ i sprema je u vaš račun, spremnu za učenje. Prije spremanja prijevod možete i doraditi.","Nyomd hosszan bármelyik szót, és koppints a <b>Mentés a Lingueezbe</b> gombra. A bővítmény felismeri a könyv nyelvét, lefordítja a szót, és beteszi a fiókodba, tanulásra készen. Mentés előtt akár át is írhatod a fordítást.","Tekan lama kata apa pun dan ketuk <b>Simpan ke Lingueez</b>. Plugin akan mendeteksi bahasa buku, menerjemahkan kata, dan menyimpannya di akun Anda, siap untuk dipelajari. Sesuaikan terjemahan sebelum menyimpan jika Anda mau.","Tieni premuta qualsiasi parola e tocca <b>Salva in Lingueez</b>. Il plugin rileva la lingua del libro, traduce la parola e la salva nel tuo account, pronta per lo studio. Puoi modificare la traduzione prima di salvare.",単語を長押しして <b>Save to Lingueez</b> をタップ。プラグインが本の言語を自動認識して翻訳し、学習可能な状態でアカウントに保存します。必要に応じて保存前に翻訳を調整できます。,단어를 긴 터치하고 <b>Save to Lingueez</b>를 누르세요. 플래시카드가 책의 언어를 감지하고 단어를 번역하여 공부할 수 있도록 계정에 저장합니다. 원할 경우 저장 전에 번역을 수정할 수도 있습니다.,"Tekan lama mana-mana perkataan dan ketik <b>Simpan ke Lingueez</b>. Pemalam ini mengenal pasti bahasa buku, menterjemah perkataan itu dan menyimpannya dalam akaun anda, sedia untuk dipelajari. Anda boleh menyunting terjemahan sebelum menyimpannya jika mahu.","Hold fingeren på et hvilket som helst ord og trykk <b>Lagre i Lingueez</b>. Tillegget kjenner igjen språket i boka, oversetter ordet og legger det i kontoen din, klart til å læres. Du kan justere oversettelsen før du lagrer.","Druk lang op een woord en tik op <b>Opslaan in Lingueez</b>. De plugin detecteert de taal van het boek, vertaalt het woord en slaat het op in je account, klaar om te studeren. Pas de vertaling eventueel aan voordat je opslaat.","Przytrzymaj dowolne słowo i dotknij <b>Zapisz w Lingueez</b>. Wtyczka wykrywa język książki, tłumaczy słowo i zapisuje je na Twoim koncie, gotowe do nauki. Jeśli chcesz, możesz dostosować tłumaczenie przed zapisaniem.","Mantenha o dedo em qualquer palavra e toque em <b>Guardar no Lingueez</b>. A extensão deteta a língua do livro, traduz a palavra e arruma-a na sua conta, pronta a estudar. Se quiser, pode acertar a tradução antes de guardar.","Segure o dedo em qualquer palavra e toque em <b>Salvar no Lingueez</b>. A extensão detecta o idioma do livro, traduz a palavra e guarda na sua conta, pronta para estudar. Se quiser, dá para ajustar a tradução antes de salvar.","Ține apăsat pe orice cuvânt și atinge <b>Salvează în Lingueez</b>. Extensia recunoaște limba cărții, traduce cuvântul și îl pune în contul tău, gata de învățat. Dacă vrei, poți ajusta traducerea înainte de salvare.","Зажмите любое слово и нажмите <b>Save to Lingueez</b>. Плагин сам определит язык книги, переведет слово и сохранит его в вашем аккаунте. При желании перевод можно отредактировать перед сохранением.","Podržte prst na ľubovoľnom slove a ťuknite na <b>Uložiť do Lingueezu</b>. Doplnok rozpozná jazyk knihy, slovo preloží a uloží do vášho účtu, pripravené na učenie. Pred uložením môžete preklad ešte upraviť.","Дуже притисните било коју реч и додирните <b>Сачувај у Lingueez</b>. Додатак препознаје језик књиге, преводи реч и смешта је у ваш налог, спремну за учење. Пре чувања превод можете и дотерати.","Håll ned valfritt ord och tryck på <b>Spara till Lingueez</b>. Tillägget identifierar bokens språk, översätter ordet och sparar det på ditt konto, redo att studeras. Justera översättningen innan du sparar om du vill.",กดค้างที่คำใดก็ได้แล้วแตะ <b>บันทึกไปยัง Lingueez</b> ปลั๊กอินจะตรวจจับภาษาของหนังสือ แปลคำนั้น และเก็บเข้าบัญชีของคุณ พร้อมให้เรียนต่อได้ทันที หากต้องการ คุณจะแก้คำแปลก่อนบันทึกก็ได้,"Herhangi bir kelimeye uzun basın ve <b>Save to Lingueez</b> öğesine dokunun. Eklenti kitabın dilini algılar, kelimeyi çevirir ve çalışmaya hazır şekilde hesabınızda depolar. İsterseniz kaydetmeden önce çeviriyi düzenleyebilirsiniz.","Затисніть будь-яке слово й натисніть <b>Зберегти в Lingueez</b>. Плагін визначає мову книжки, перекладає слово й зберігає його у вашому акаунті, готовим до вивчення. За бажання виправте переклад перед збереженням.","Nhấn giữ bất kỳ từ nào và chọn <b>Lưu vào Lingueez</b>. Plugin tự động nhận diện ngôn ngữ sách, dịch từ và lưu vào tài khoản của bạn. Bạn có thể chỉnh sửa bản dịch trước khi lưu.",长按任意单词并轻触 <b>保存至 Lingueez</b>。插件会自动识别书籍语言，翻译单词并存入您的账号以备学习。您还可以在保存前根据需要微调翻译结果。
"Your whole list, on the reader",docs/_includes/pages/koreader.html,Целият ви списък — на четеца,Celý váš seznam — přímo ve čtečce,Hele din liste — direkte på læseren,Ihre gesamte Liste auf dem E-Reader,"Ολόκληρη η λίστα σας, στο e-reader","Toda tu lista, en el lector",Koko listasi — itse lukulaitteella,"Toute votre liste, sur la liseuse","आपकी पूरी सूची, रीडर पर",Cijeli vaš popis — na samom čitaču,A teljes listád — magán az olvasón,"Daftar lengkap Anda, di e-reader","La tua lista completa, direttamente sull'e-reader",すべてのリストをリーダーで確認,리더기에서 확인하는 전체 단어 목록,Seluruh senarai anda — terus pada pembaca,Hele lista di — rett på leseren,"Je gehele lijst, op de reader",Cała Twoja lista na e-czytniku,A sua lista inteira — no próprio leitor,Sua lista inteira — no próprio leitor,Toată lista ta — chiar pe cititor,Весь ваш список прямо на ридере,Celý váš zoznam — priamo v čítačke,Цео ваш списак — на самом читачу,Hela din lista på e-läsaren,รายการทั้งหมดของคุณ — อยู่บนเครื่องอ่าน,Tüm listeniz okuyucuda,Увесь ваш список — на читачі,Toàn bộ danh sách từ trên máy đọc sách,整份生词表，尽在阅读器中
"Open <b>My Words</b> from the Lingueez menu to page through everything you have saved, filter the list, and tap any entry to open it — without leaving the book.",docs/_includes/pages/koreader.html,"Отворете <b>Моите думи</b> от менюто на Lingueez, за да прелистите всичко запазено, да филтрирате списъка и да докоснете кой да е запис, за да го отворите — без да излизате от книгата.","Otevřete <b>Moje slova</b> v nabídce Lingueez, listujte vším, co jste si uložili, filtrujte seznam a klepnutím na kterýkoli záznam ho otevřete — aniž byste opustili knihu.","Åbn <b>Mine ord</b> i Lingueez-menuen for at bladre i alt, du har gemt, filtrere listen og trykke på et vilkårligt ord for at åbne det — uden at forlade bogen.","Öffnen Sie <b>Meine Wörter</b> im Lingueez-Menü, um durch Ihre gespeicherten Wörter zu blättern, die Liste zu filtern und Einträge zu öffnen – ohne das Buch zu verlassen.","Ανοίξτε τις <b>Οι λέξεις μου</b> από το μενού του Lingueez για να περιηγηθείτε σε όλα όσα έχετε αποθηκεύσει, να φιλτράρετε τη λίστα και να ανοίξετε οποιαδήποτε καταχώριση.","Abre <b>Mis palabras</b> desde el menú de Lingueez para hojear todo lo que has guardado, filtrar la lista y tocar cualquier entrada para abrirla, sin salir del libro.","Avaa <b>Omat sanat</b> Lingueezin valikosta, selaa kaikkea tallentamaasi, suodata listaa ja napauta mitä tahansa riviä avataksesi sen — poistumatta kirjasta.","Ouvrez <b>Mes mots</b> depuis le menu Lingueez pour parcourir tout ce que vous avez enregistré, filtrer la liste et ouvrir n'importe quelle entrée — sans quitter le livre.","आपने जो कुछ भी सहेजा है उसे देखने के लिए Lingueez मेनू से <b>मेरे शब्द</b> खोलें, सूची को फ़िल्टर करें, और किसी भी प्रविष्टि को खोलने के लिए टैप करें — किताब छोड़े बिना।","Otvorite <b>Moje riječi</b> iz izbornika Lingueez da prelistate sve što ste spremili, filtrirate popis i dodirom na bilo koji unos ga otvorite — bez izlaska iz knjige.","Nyisd meg a <b>Szavaim</b> menüpontot a Lingueez menüjéből, lapozd át mindazt, amit elmentettél, szűrd a listát, és koppints bármelyik tételre, hogy megnyisd — anélkül, hogy kilépnél a könyvből.","Buka <b>Kata Saya</b> dari menu Lingueez untuk melihat semua yang telah Anda simpan, memfilter daftar, dan mengetuk entri apa pun untuk membukanya — tanpa meninggalkan buku.","Apri <b>Le mie parole</b> dal menu Lingueez per sfogliare tutto ciò che hai salvato, filtrare la lista e toccare qualsiasi voce per aprirla — senza abbandonare il libro.",Lingueez メニューから <b>My Words</b> を開くと、保存したすべての単語のページめくりやフィルター検索ができ、タップするだけで詳細を開けます（読書画面を離れる必要はありません）。,"Lingueez 메뉴에서 <b>My Words</b>를 열어 저장한 모든 단어를 훑어보고, 목록을 필터링하며, 책을 나가지 않고도 항목을 터치해 열어보세요.","Buka <b>Perkataan Saya</b> daripada menu Lingueez untuk menyelak semua yang telah anda simpan, menapis senarai, dan mengetik mana-mana catatan untuk membukanya — tanpa meninggalkan buku.","Åpne <b>Mine ord</b> i Lingueez-menyen for å bla gjennom alt du har lagret, filtrere lista og trykke på et hvilket som helst ord for å åpne det — uten å forlate boka.","Open <b>Mijn woorden</b> vanuit het Lingueez-menu om door al je opgeslagen woorden te bladeren, de lijst te filteren en op een item te tikken om het te openen — zonder het boek te verlaten.","Otwórz <b>Moje słowa</b> z menu Lingueez, aby przeglądać wszystkie zapisane pozycje, filtrować listę i dotknąć dowolnego wpisu, aby go otworzyć — bez wychodzenia z książki.","Abra <b>As minhas palavras</b> no menu do Lingueez para percorrer tudo o que guardou, filtrar a lista e tocar em qualquer entrada para a abrir — sem sair do livro.","Abra <b>Minhas palavras</b> no menu do Lingueez para percorrer tudo o que você salvou, filtrar a lista e tocar em qualquer item para abri-lo — sem sair do livro.","Deschide <b>Cuvintele mele</b> din meniul Lingueez ca să răsfoiești tot ce ai salvat, să filtrezi lista și să atingi orice intrare pentru a o deschide — fără să ieși din carte.","Откройте <b>My Words</b> в меню Lingueez, чтобы просмотреть все сохраненные слова, отфильтровать список и открыть любую запись, не выходя из книги.","Otvorte <b>Moje slová</b> v ponuke Lingueez, listujte všetkým, čo ste si uložili, filtrujte zoznam a ťuknutím na ktorýkoľvek záznam ho otvorte — bez toho, aby ste opustili knihu.","Отворите <b>Моје речи</b> из менија Lingueez да пролистате све што сте сачували, филтрирате списак и додиром на било коју ставку је отворите — без изласка из књиге.","Öppna <b>Mina ord</b> från Lingueez-menyn för att bläddra igenom allt du har sparat, filtrera listan och trycka på vilket ord som helst för att öppna det — utan att lämna boken.",เปิด <b>คำศัพท์ของฉัน</b> จากเมนู Lingueez เพื่อไล่ดูทุกคำที่บันทึกไว้ กรองรายการ และแตะที่รายการใดก็ได้เพื่อเปิดดู — โดยไม่ต้องออกจากหนังสือ,"Kaydettiğiniz her şeye göz atmak, listeyi filtrelemek ve kitaptan ayrılmadan açmak için Lingueez menüsünden <b>My Words</b> öğesini açın.","Відкрийте <b>Свої слова</b> в меню Lingueez, щоб гортати усі збережені, фільтрувати список, або натисніть на будь-який запис, щоб відкрити його — не виходячи з книжки.","Mở <b>Từ của tôi</b> từ menu Lingueez để xem lại tất cả từ đã lưu, lọc danh sách và chạm vào bất kỳ từ nào để xem chi tiết — ngay trong khi đọc.",从 Lingueez 菜单打开 <b>我的生词</b>，即可翻阅已保存的所有词汇、筛选列表，并轻触任意条目进行查看——全程无需退出阅读界面。
Review with flashcards on the reader,docs/_includes/pages/koreader.html,Преговаряйте с флаш карти на четеца,Opakujte s kartičkami přímo ve čtečce,Repetér med flashcards på læseren,Karteikarten direkt auf dem E-Reader wiederholen,Επανάληψη με κάρτες flashcards στο e-reader,Repasa con tarjetas didácticas en el lector,Kertaa muistikorteilla lukulaitteella,Révisez avec des cartes mémoire sur la liseuse,रीडर पर फ़्लैशकार्ड के साथ समीक्षा करें,Ponavljajte uz flash kartice na čitaču,Ismételj tanulókártyákkal az olvasón,Tinjau dengan kartu kilat di e-reader,Ripassa con le flashcard sull'e-reader,リーダー上で単語カードを使って復習,리더기에서 플래시카드로 복습,Ulang kaji dengan kad imbas pada pembaca,Repeter med flash-kort på leseren,Herhaal met flitskaarten op de reader,Powtarzaj z fiszkami na e-czytniku,Reveja com cartões de memória no leitor,Revise com flashcards no leitor,Recapitulează cu cartonașe pe cititor,Повторение по карточкам прямо на ридере,Opakujte s kartičkami priamo v čítačke,Понављајте уз флеш-картице на читачу,Öva med flashkort på e-läsaren,ทบทวนด้วยแฟลชการ์ดบนเครื่องอ่าน,Okuyucuda bilgi kartlarıyla tekrar yapın,Повторюйте за допомогою флешкарток на читачі,Ôn tập thẻ ghi nhớ trên máy đọc sách,在阅读器上直接使用卡片复习
"Flip through flashcards of your saved words right where you read — no separate device, no extra app. Reinforce vocabulary in the same place you discovered it.",docs/_includes/pages/koreader.html,"Прелиствайте флаш карти със запазените си думи точно там, където четете — без второ устройство и без друго приложение. Затвърждавайте думите на същото място, където сте ги открили.","Listujte kartičkami se svými uloženými slovy přesně tam, kde čtete — žádné druhé zařízení, žádná další aplikace. Slovíčka si upevníte na stejném místě, kde jste je objevili.","Bladr gennem flashcards med dine gemte ord præcis dér, hvor du læser — ingen ekstra enhed, ingen ekstra app. Du får ordene til at sidde fast samme sted, som du fandt dem.","Blättern Sie durch Karteikarten Ihrer gespeicherten Wörter direkt dort, wo Sie lesen – kein zweites Gerät erforderlich. Festigen Sie Vokabeln am selben Ort, an dem Sie sie entdeckt haben.","Ξεφυλλίστε κάρτες flashcard των αποθηκευμένων λέξεων σας ακριβώς εκεί που διαβάζετε — χωρίς ξεχωριστή συσκευή, χωρίς επιπλέον εφαρμογή. Εδραιώστε το λεξιλόγιο στο ίδιο μέρος όπου το ανακαλύψατε.",Hojea tarjetas didácticas de tus palabras guardadas justo donde lees: sin otro dispositivo ni aplicaciones adicionales. Refuerza el vocabulario en el mismo lugar donde lo descubriste.,"Selaa tallentamiesi sanojen muistikortteja juuri siellä, missä luetkin — ei toista laitetta, ei erillistä sovellusta. Vahvistat sanaston samassa paikassa, jossa sen löysitkin.",Feuilletez des cartes mémoire de vos mots enregistrés directement là où vous lisez — pas besoin d'un autre appareil. Renforcez votre vocabulaire là où vous l'avez découvert.,"जहाँ आप पढ़ते हैं ठीक वहीं अपने सहेजे गए शब्दों के फ़्लैशकार्ड देखें — कोई अलग डिवाइस नहीं, कोई अतिरिक्त ऐप नहीं। उसी स्थान पर शब्दावली को सुदृढ़ करें जहाँ आपने इसकी खोज की थी।",Prelistajte flash kartice sa spremljenim riječima točno ondje gdje čitate — bez drugog uređaja i bez dodatne aplikacije. Riječi utvrđujete na istom mjestu gdje ste ih otkrili.,"Lapozd át a mentett szavaid tanulókártyáit pontosan ott, ahol olvasol — nem kell másik eszköz, sem külön alkalmazás. Ugyanott rögzíted a szavakat, ahol rájuk találtál.","Buka kartu kilat dari kata-kata tersimpan tepat di mana Anda membaca — tanpa perangkat terpisah, tanpa aplikasi tambahan. Perkuat kosakata di tempat yang sama saat Anda menemukannya.",Sfoglia le flashcard delle tue parole salvate direttamente dove leggi — senza dispositivi separati o app aggiuntive. Rafforza il vocabolario nello stesso posto in cui lo hai scoperto.,別のデバイスやアプリを使うことなく、読書中の画面で保存した単語カードをサクサクめくって復習。出会ったその場所で語彙力を定着させましょう。,다른 기기나 별도의 앱 없이 reading 중인 그 자리에서 저장된 단어의 플래시카드를 넘겨보세요. 단어를 발견한 바로 그 장소에서 어휘를 복습하세요.,"Selak kad imbas berisi perkataan yang anda simpan tepat di tempat anda membaca — tiada peranti lain, tiada aplikasi tambahan. Anda mengukuhkan kosa kata di tempat yang sama anda menemuinya.","Bla gjennom flash-kort med de lagrede ordene dine akkurat der du leser — ingen ekstra enhet, ingen ekstra app. Du får ordene til å sitte på samme sted som du fant dem.","Blader door flitskaarten van je opgeslagen woorden op de plek waar je leest — geen apart apparaat, geen extra app. Versterk je woordenschat op de plek waar je het ontdekt hebt.","Przeglądaj fiszki ze zapisanymi słowami dokładnie tam, gdzie czytasz — bez osobnego urządzenia i dodatkowych aplikacji. Utrwalaj słownictwo w tym samym miejscu, w którym je odkryłeś.","Percorra os cartões de memória das palavras que guardou mesmo onde está a ler — sem outro dispositivo, sem mais nenhuma aplicação. Consolida o vocabulário no mesmo sítio onde o descobriu.","Passe pelos flashcards das palavras que você salvou bem ali onde está lendo — sem outro dispositivo, sem mais um app. Você fixa o vocabulário no mesmo lugar em que o descobriu.","Răsfoiește cartonașe cu cuvintele salvate exact acolo unde citești — fără alt dispozitiv, fără altă aplicație. Consolidezi vocabularul chiar în locul unde l-ai descoperit.","Перелистывайте карточки сохраненных слов прямо во время чтения — без дополнительных устройств и сторонних приложений. Закрепляйте слова там же, где вы их встретили.","Listujte kartičkami so svojimi uloženými slovami presne tam, kde čítate — žiadne druhé zariadenie, žiadna ďalšia aplikácia. Slovíčka si upevníte na tom istom mieste, kde ste ich objavili.",Пролистајте флеш-картице са сачуваним речима тачно тамо где читате — без другог уређаја и без додатне апликације. Речи учвршћујете на истом месту где сте их открили.,"Bläddra igenom flashkort med dina sparade ord direkt där du läser — ingen separat enhet, ingen extra app. Stärk ordförrådet på samma plats som du upptäckte det.",พลิกแฟลชการ์ดของคำที่คุณบันทึกไว้ตรงจุดที่คุณกำลังอ่าน ไม่ต้องหยิบอุปกรณ์อื่น ไม่ต้องเปิดแอปเพิ่ม คุณตอกย้ำคำศัพท์ในที่เดียวกับที่คุณเจอมัน,"Başka bir cihaza veya ekstra bir uygulamaya gerek kalmadan, tam okuduğunuz yerde kaydettiğiniz kelimelerin bilgi kartlarına göz atın. Kelimelerinizi keşfettiğiniz yerde pekiştirin.","Гортайте флешкартки збережених слів прямо там, де читаєте — без окремого пристрою чи додатка. Закріплюйте лексику там само, де її знайшли.","Lật qua các thẻ ghi nhớ trực tiếp nơi bạn đọc — không cần thiết bị riêng, không cần ứng dụng phụ. Củng cố từ vựng ngay tại nơi bạn bắt gặp.",就在阅读的地方翻阅生词卡片——无需更换设备，也不需要打开额外的 App。在发现生词的同一位置巩固记忆。
Built for reading,docs/_includes/pages/koreader.html,Създадена за четене,Stavěné na čtení,Bygget til læsning,Für das Lesen entwickelt,Σχεδιασμένο για ανάγνωση,Diseñado para la lectura,Tehty lukemista varten,Conçu pour la lecture,पढ़ने के लिए निर्मित,Građen za čitanje,Olvasásra tervezve,Dirancang khusus untuk membaca,Progettato per la lettura,読書に特化した設計,독서를 위해 최적화된 설계,Dibina untuk membaca,Laget for lesing,Gebouwd om te lezen,Stworzony do czytania,Feita para ler,Feita para ler,Făcută pentru citit,Создан специально для чтения,Stavané na čítanie,Грађен за читање,Byggt för läsning,ออกแบบมาเพื่อการอ่าน,Okuma için tasarlandı,Створено для читання,Thiết kế chuyên biệt cho việc đọc,专为阅读体验打造
"Small, focused, and out of your way while you read.",docs/_includes/pages/koreader.html,"Малка, съсредоточена и не ви се пречка, докато четете.","Malé, soustředěné a při čtení vám nepřekáží.","Lille, fokuseret og ude af vejen, mens du læser.","Kompakt, fokussiert und unaufdringlich beim Lesen.","Μικρό, εστιασμένο και διακριτικό καθώς διαβάζετε.","Ligero, enfocado y discreto mientras lees.","Pieni, keskittynyt eikä ole tiellä lukiessasi.","Léger, ciblé et discret pendant votre lecture.","छोटा, केंद्रित और पढ़ते समय आपके काम में बाधा न डालने वाला।","Malen, usredotočen i ne smeta vam dok čitate.","Kicsi, célratörő, és olvasás közben nincs útban.","Ramping, terfokus, dan tidak mengganggu saat Anda membaca.","Leggero, essenziale e mai d'intralcio mentre leggi.",軽量・シンプルで、読書の邪魔になりません。,"가볍고 집중도가 높으며, 독서를 방해하지 않습니다.","Kecil, fokus dan tidak menghalang sewaktu anda membaca.","Liten, målrettet og ute av veien mens du leser.","Klein, gefocust en niet in de weg tijdens het lezen.","Kompaktowy, skoncentrowany i nieprzeszkadzający podczas czytania.","Pequena, focada e fora do caminho enquanto lê.","Pequena, direta e fora do caminho enquanto você lê.","Mică, la obiect și nu-ți stă în cale cât citești.","Компактный, лаконичный и не отвлекающий от чтения.","Malé, sústredené a pri čítaní vám neprekáža.","Мали, усредсређен и не смета вам док читате.","Litet, fokuserat och ur vägen medan du läser.",เล็ก กระชับ และไม่มาขวางเวลาคุณอ่าน,"Küçük, odaklanmış ve okurken sizi rahatsız etmez.","Компактний, зосереджений і непомітний, поки ви читаєте.","Gọn nhẹ, tập trung và không làm gián đoạn trải nghiệm đọc sách.",体积小巧、专注功能，在您阅读时绝不打扰。
Instant translation,docs/_includes/pages/koreader.html,Мигновен превод,Okamžitý překlad,Oversættelse med det samme,Sofortige Übersetzung,Άμεση μετάφραση,Traducción instantánea,Käännös heti,Traduction instantanée,तत्काल अनुवाद,Trenutačni prijevod,Azonnali fordítás,Terjemahan instan,Traduzione istantanea,即座の翻訳,실시간 번역,Terjemahan serta-merta,Oversettelse med én gang,Directe vertaling,Błyskawiczne tłumaczenie,Tradução imediata,Tradução na hora,Traducere pe loc,Мгновенный перевод,Okamžitý preklad,Тренутни превод,Omedelbar översättning,แปลได้ทันที,Anında çeviri,Миттєвий переклад,Dịch thuật tức thì,即时精准翻译
"Google Translate built in, with optional DeepL.",docs/_includes/pages/koreader.html,"Google Преводач е вграден, а DeepL е по желание.","Google Překladač je zabudovaný, DeepL volitelně.","Google Oversæt er indbygget, og DeepL kan slås til.","Google Translate integriert, optional mit DeepL.","Ενσωματωμένο Google Translate, με προαιρετικό DeepL.","Google Translate integrado, con DeepL opcional.","Google Kääntäjä on sisäänrakennettu, DeepL valinnaisena.","Google Traduction intégré, avec DeepL en option.","Google Translate इन-बिल्ट, वैकल्पिक DeepL के साथ।","Google prevoditelj je ugrađen, a DeepL po želji.","A Google Fordító beépítve, a DeepL pedig választhatóan.","Google Translate bawaan, dengan pilihan DeepL.","Google Traduttore integrato, con DeepL opzionale.",Google 翻訳を内蔵。オプションで DeepL も使用可能。,"Google 번역 기본 탑재, DeepL 옵션 지원.","Google Terjemahan sudah terbina di dalamnya, dengan DeepL sebagai pilihan.","Google Oversetter er innebygd, og DeepL kan slås på.","Google Translate ingebouwd, met optioneel DeepL.","Wbudowany Google Translate, z opcjonalnym DeepL.","O Google Tradutor vem incluído, com o DeepL à disposição.","O Google Tradutor já vem embutido, com o DeepL como opção.","Google Translate e inclus, iar DeepL e opțional.",Встроенный Google Переводчик и опциональный DeepL.,"Google Prekladač je zabudovaný, DeepL voliteľne.","Google преводилац је уграђен, а DeepL по жељи.","Inbyggd Google Översätt, med valfri DeepL.",มี Google Translate ในตัว และเลือกใช้ DeepL ได้,"Google Çeviri entegre edilmiştir, isteğe bağlı DeepL desteği vardır.","Вбудований Google Translate, з можливістю використання DeepL.","Tích hợp Google Dịch, hỗ trợ thêm tùy chọn DeepL.",内置谷歌翻译，并可选配 DeepL 高级翻译。
Knows the language,docs/_includes/pages/koreader.html,Разпознава езика,Pozná jazyk,Kender sproget,Erkennt die Sprache,Γνωρίζει τη γλώσσα,Reconoce el idioma,Tunnistaa kielen,Connaît la langue,भाषा जानता है,Prepoznaje jezik,Tudja a nyelvet,Mengenali bahasa,Riconosce la lingua,言語を自動認識,자동 언어 감지,Tahu bahasanya,Kjenner språket,Herkent de taal,Rozpoznaje język,Sabe a língua,Sabe o idioma,Știe limba,Распознавание языка,Pozná jazyk,Препознаје језик,Kan språket,รู้ว่าเป็นภาษาอะไร,Dili tanır,Знає мову,Tự động nhận diện ngôn ngữ,智能识别语种
"The word’s language is detected automatically, so saving to your dictionary is quick.",docs/_includes/pages/koreader.html,"Езикът на думата се разпознава сам, така че запазването в речника отнема миг.","Jazyk slova se rozpozná sám, takže uložení do slovníku je otázka okamžiku.","Ordets sprog bliver genkendt af sig selv, så det tager et øjeblik at gemme det i ordbogen.","Die Sprache des Wortes wird automatisch erkannt, sodass das Speichern im Wörterbuch blitzschnell geht.","Η γλώσσα της λέξης ανιχνεύεται αυτόματα, καθιστώντας την αποθήκευση στο λεξικό σας γρήγορη.","El idioma de la palabra se detecta automáticamente, por lo que guardarla en tu diccionario es muy rápido.","Sanan kieli tunnistetaan itsestään, joten sanakirjaan tallentaminen käy hetkessä.","La langue du mot est détectée automatiquement, ce qui rend l'enregistrement dans votre dictionnaire ultra-rapide.","शब्द की भाषा का स्वतः पता चल जाता है, इसलिए आपकी शब्दावली में सहेजना त्वरित है।","Jezik riječi prepoznaje se sam, pa je spremanje u rječnik gotovo u trenu.","A szó nyelvét magától felismeri, így a szótárba mentés egy pillanat.","Bahasa kata dideteksi secara otomatis, sehingga menyimpan ke kamus Anda menjadi sangat cepat.","La lingua della parola viene rilevata automaticamente, così salvare nel dizionario è velocissimo.",単語の言語が自動検出されるため、辞書への保存がスムーズに行えます。,단어의 언어가 자동으로 감지되므로 사전에 빠르게 저장할 수 있습니다.,"Bahasa sesuatu perkataan dikenal pasti secara automatik, jadi menyimpannya ke dalam kamus anda cepat sahaja.","Språket i ordet kjennes igjen av seg selv, så det tar et øyeblikk å lagre det i ordboka.","De taal van het woord wordt automatisch gedetecteerd, zodat opslaan in je woordenboek snel verloopt.","Język słowa jest wykrywany automatycznie, dzięki czemu zapisywanie do słownika jest błyskawiczne.","A língua da palavra é detetada sozinha, por isso guardá-la no dicionário é rápido.","O idioma da palavra é detectado sozinho, então salvar no dicionário é rapidinho.","Limba cuvântului e recunoscută automat, așa că salvarea în dicționar durează o clipă.","Язык слова определяется автоматически, поэтому сохранение происходит мгновенно.","Jazyk slova sa rozpozná sám, takže uloženie do slovníka je otázka okamihu.","Језик речи препознаје се сам, па је чување у речник готово за трен.","Ordets språk identifieras automatiskt, så det går snabbt att spara till din ordbok.",ระบบตรวจจับภาษาของคำให้เอง การบันทึกลงพจนานุกรมจึงรวดเร็ว,"Kelimenin dili otomatik olarak algılanır, böylece sözlüğünüze kaydetmek hızlıdır.",Мова слова визначається автоматично для швидкого збереження слова у словник.,Ngôn ngữ của từ được phát hiện tự động giúp việc lưu vào từ điển diễn ra nhanh chóng.,系统会自动检测单词的语种，让保存到词典的过程快速高效。
"Texts, not just words",docs/_includes/pages/koreader.html,"Текстове, не само думи","Texty, nejen slova","Tekster, ikke bare ord","Texte, nicht nur Wörter","Κείμενα, όχι μόνο λέξεις","Textos, no solo palabras","Tekstejä, ei vain sanoja","Des textes, pas seulement des mots","केवल शब्द ही नहीं, बल्कि पाठ भी","Tekstovi, ne samo riječi","Szövegek, nem csak szavak","Teks lengkap, bukan sekadar kata","Testi, non solo parole",単語だけでなく文章も,단어를 넘어 텍스트까지,"Teks, bukan sekadar perkataan","Tekster, ikke bare ord","Teksten, niet alleen woorden","Teksty, nie tylko słowa","Textos, não apenas palavras","Textos, não só palavras","Texte, nu doar cuvinte","Не только слова, но и тексты","Texty, nielen slová","Текстови, не само речи","Texter, inte bara ord",ไม่ใช่แค่คำ แต่รวมถึงข้อความ,"Sadece kelimeler değil, metinler","Не лише слова, а й тексти","Đọc cả đoạn văn, không chỉ từ đơn lẻ",不仅仅是单词，更支持完整文本
"Save the chapter you’re reading to your library, or pull texts saved on other devices back onto your reader.",docs/_includes/pages/koreader.html,"Запазете главата, която четете, в библиотеката си или върнете на четеца текстове, запазени от други устройства.","Uložte si do knihovny kapitolu, kterou právě čtete, nebo si do čtečky stáhněte texty uložené na jiných zařízeních.","Gem det kapitel, du sidder med, i dit bibliotek, eller hent tekster gemt på andre enheder tilbage på læseren.",Speichern Sie das aktuelle Kapitel in Ihrer Bibliothek oder rufen Sie auf anderen Geräten gespeicherte Texte ab.,Αποθηκεύστε το κεφάλαιο που διαβάζετε στη βιβλιοθήκη σας ή μεταφέρετε κείμενα που έχετε αποθηκεύσει σε άλλες συσκευές πίσω στο e-reader σας.,Guarda el capítulo que estás leyendo en tu biblioteca o recupera en tu e-reader los textos guardados en otros dispositivos.,"Tallenna kirjastoosi luku, jota parhaillaan luet, tai hae lukulaitteellesi takaisin muilla laitteilla tallennetut tekstit.",Enregistrez le chapitre en cours dans votre bibliothèque ou récupérez sur votre liseuse des textes enregistrés sur d'autres appareils.,"आप जो अध्याय पढ़ रहे हैं उसे अपनी लाइब्रेरी में सहेजें, या अन्य डिवाइसों पर सहेजे गए टेक्स्ट वापस अपने रीडर पर लाएं।",Spremite poglavlje koje čitate u svoju knjižnicu ili vratite na čitač tekstove spremljene na drugim uređajima.,"Mentsd a könyvtáradba az épp olvasott fejezetet, vagy hozd vissza az olvasódra a más eszközökön mentett szövegeket.","Simpan bab yang sedang Anda baca ke perpustakaan Anda, atau tarik kembali teks yang tersimpan di perangkat lain ke e-reader Anda.","Salva il capitolo che stai leggendo nella tua libreria, oppure recupera sull'e-reader i testi salvati su altri dispositivi.",読書中の章をライブラリに保存したり、他のデバイスで保存したテキストをリーダーに呼び出したりできます。,"읽고 있는 장(Chapter)을 라이브러리에 저장하거나, 다른 기기에 저장된 텍스트를 리더기로 가져오세요.","Simpan bab yang sedang anda baca ke dalam pustaka anda, atau tarik semula teks yang disimpan pada peranti lain ke dalam pembaca anda.","Lagre kapittelet du sitter med i biblioteket ditt, eller hent tekster lagret på andre enheter tilbake til leseren.","Sla het hoofdstuk dat je leest op in je bibliotheek, of haal teksten die op andere apparaten zijn opgeslagen terug naar je reader.",Zapisz czytany rozdział w swojej bibliotece lub pobierz na czytnik teksty zapisane na innych urządzeniach.,Guarde na sua biblioteca o capítulo que está a ler ou traga de volta para o leitor textos guardados noutros dispositivos.,"Salve na sua biblioteca o capítulo que está lendo, ou traga de volta para o leitor textos salvos em outros dispositivos.",Salvează în bibliotecă capitolul pe care îl citești sau adu înapoi pe cititor texte salvate pe alte dispozitive.,"Сохраняйте читаемую главу в библиотеку или загружайте на ридер тексты, сохраненные на других устройствах.","Uložte si do knižnice kapitolu, ktorú práve čítate, alebo si do čítačky stiahnite texty uložené na iných zariadeniach.",Сачувајте поглавље које читате у своју библиотеку или вратите на читач текстове сачуване на другим уређајима.,"Spara kapitlet du läser till ditt bibliotek, eller hämta texter som sparats på andra enheter tillbaka till din e-läsare.",บันทึกบทที่คุณกำลังอ่านเข้าคลังของคุณ หรือดึงข้อความที่บันทึกไว้จากอุปกรณ์อื่นกลับมาไว้บนเครื่องอ่าน,Okuduğunuz bölümü kütüphanenize kaydedin veya diğer cihazlarda kaydedilen metinleri okuyucunuza geri çekin.,"Зберігайте розділ, який читаєте, до бібліотеки, або навпаки завантажуйте збережені тексти з інших пристроїв назад на читач.",Lưu chương sách bạn đang đọc vào thư viện hoặc tải lại các đoạn văn đã lưu từ thiết bị khác lên máy đọc sách.,将正在阅读的章节保存至您的文库，或将其他设备上保存的文本拉取同步回您的阅读器。
"Your vocabulary, always with you",docs/_includes/pages/koreader.html,Речникът ви — винаги с вас,"Vaše slovní zásoba, vždy s vámi","Dit ordforråd, altid med dig","Ihr Vokabular, immer dabei","Το λεξιλόγιό σας, πάντα μαζί σας","Tu vocabulario, siempre contigo","Sanastosi, aina mukanasi","Votre vocabulaire, toujours avec vous","आपकी शब्दावली, हमेशा आपके साथ","Vaš vokabular, uvijek uz vas","A szókincsed, mindig veled","Kosakata Anda, selalu bersama Anda","Il tuo vocabolario, sempre con te",語彙データをいつでも手元に,언제나 함께하는 나만의 어휘장,"Kosa kata anda, sentiasa bersama anda","Ordforrådet ditt, alltid med deg","Je woordenschat, altijd bij je","Twoje słownictwo, zawsze z Tobą","O seu vocabulário, sempre consigo","Seu vocabulário, sempre com você","Vocabularul tău, mereu cu tine",Ваш словарь всегда с вами,"Vaša slovná zásoba, vždy s vami","Ваш речник, увек уз вас","Ditt ordförråd, alltid med dig",คลังคำศัพท์ของคุณ อยู่กับคุณเสมอ,Kelime bilginiz her zaman yanınızda,Ваш словник завжди з вами,Vốn từ luôn đồng hành cùng bạn,您的词汇库，随时随地随身同行
"Everything you save on your reader syncs to your Lingueez account on your other devices. Study with full flashcards, audio, statistics, and side-by-side reading on your computer — your reader is simply one more place to add words.",docs/_includes/pages/koreader.html,"Всичко, което запазите на четеца, се синхронизира с акаунта ви в Lingueez на другите ви устройства. Учете на компютъра с пълноценни флаш карти, озвучаване, статистика и четене с превод един до друг — четецът е просто още едно място, откъдето да добавяте думи.","Všechno, co uložíte ve čtečce, se přes váš účet Lingueez synchronizuje s ostatními zařízeními. V počítači se pak učte s plnohodnotnými kartičkami, zvukem, statistikami a souběžným čtením — čtečka je prostě jen další místo, odkud slova přibývají.","Alt, hvad du gemmer på læseren, synkroniseres via din Lingueez-konto til dine andre enheder. På computeren lærer du så med fulde flashcards, lyd, statistik og læsning side om side — læseren er ganske enkelt endnu et sted, ord kommer ind fra.","Alles, was Sie auf Ihrem E-Reader speichern, wird über Ihr Lingueez-Konto mit Ihren anderen Geräten synchronisiert. Lernen Sie am Computer mit vollständigen Karteikarten, Audio, Statistiken und paralleler Lektüre — Ihr E-Reader ist einfach ein weiterer Ort, an dem Wörter dazukommen.","Όλα όσα αποθηκεύετε στο e-reader συγχρονίζονται με τον λογαριασμό σας Lingueez στις άλλες συσκευές σας. Μελετήστε με πλήρεις κάρτες flashcard, ήχο, στατιστικά και παράλληλη ανάγνωση στον υπολογιστή σας — ο e-reader σας είναι απλώς ακόμη ένα μέρος για να προσθέτετε λέξεις.","Todo lo que guardas en tu e-reader se sincroniza con tu cuenta de Lingueez en tus otros dispositivos. Estudia con tarjetas completas, audio, estadísticas y lectura en paralelo en tu ordenador: tu e-reader es simplemente un lugar más donde añadir palabras.","Kaikki, minkä tallennat lukulaitteella, synkronoituu Lingueez-tilisi kautta muille laitteillesi. Tietokoneella opiskelet täysillä muistikorteilla, äänellä, tilastoilla ja rinnakkaislukemisella — lukulaite on yksinkertaisesti yksi paikka lisää, josta sanoja kertyy.","Tout ce que vous enregistrez sur votre liseuse se synchronise avec votre compte Lingueez sur vos autres appareils. Étudiez avec cartes mémoire, audio et statistiques sur votre ordinateur.","आप अपने रीडर पर जो कुछ भी सहेजते हैं वह आपके अन्य डिवाइस पर आपके Lingueez खाते में सिंक होता है। अपने कंप्यूटर पर पूर्ण फ़्लैशकार्ड, ऑडियो, आंकड़े और साथ-साथ पढ़ने के साथ अध्ययन करें — आपका रीडर शब्दों को जोड़ने के लिए बस एक और स्थान है।","Sve što spremite na čitaču sinkronizira se s vašim Lingueez računom na ostalim uređajima. Na računalu učite uz pune flash kartice, zvuk, statistiku i usporedno čitanje — čitač je jednostavno još jedno mjesto s kojeg riječi pristižu.","Minden, amit az olvasón elmentesz, a Lingueez-fiókodon keresztül szinkronizálódik a többi eszközödre. A számítógépen aztán teljes értékű tanulókártyákkal, hanggal, statisztikákkal és párhuzamos olvasással tanulhatsz — az olvasó egyszerűen csak egy újabb hely, ahonnan szavak érkeznek.","Semua yang Anda simpan di e-reader disinkronkan ke akun Lingueez Anda di perangkat lain. Pelajari dengan kartu kilat lengkap, audio, statistik, dan pembacaan berdampingan di komputer Anda — e-reader Anda hanyalah satu tempat lagi untuk menambahkan kata.","Tutto ciò che salvi sull'e-reader si sincronizza con il tuo account Lingueez sugli altri dispositivi. Studia con flashcard complete, audio, statistiche e lettura affiancata sul tuo computer — l'e-reader è semplicemente un posto in più per aggiungere parole.",リーダーで保存した内容はすべて、Lingueez アカウントを通じて他のデバイスと同期されます。PC 上で単語カード、音声、統計、対比読み機能をフル活用して学習可能。リーダーは単語を追加するためのもう 1 つの窓口です。,"리더기에서 저장한 모든 내용은 Lingueez 계정을 통해 다른 기기와 동기화됩니다. 컴퓨터에서 플래시카드, 오디오, 통계, 나란히 읽기 기능으로 학습하세요 — 리더기는 단어를 추가하는 또 하나의 공간일 뿐입니다.","Semua yang anda simpan pada pembaca disegerakkan ke akaun Lingueez anda pada peranti anda yang lain. Belajarlah dengan kad imbas penuh, audio, statistik dan bacaan sebelah-menyebelah pada komputer anda — pembaca itu sekadar satu lagi tempat untuk menambah perkataan.","Alt du lagrer på leseren, synkroniseres via Lingueez-kontoen din til de andre enhetene dine. På datamaskinen lærer du så med fullverdige flash-kort, lyd, statistikk og lesing side om side — leseren er ganske enkelt enda et sted ord kommer inn fra.","Alles wat je op je reader opslaat, synchroniseert via je Lingueez-account met je andere apparaten. Studeer met volledige flitskaarten, audio, statistieken en vergelijkende leesteksten op je computer — je reader is simpelweg een extra plek om woorden toe te voegen.","Wszystko, co zapiszesz na czytniku, synchronizuje się z Twoim kontem Lingueez na innych urządzeniach. Ucz się za pomocą fiszek, audio, statystyk i czytania z tłumaczeniem na komputerze — czytnik to po prostu kolejne miejsce do dodawania słów.","Tudo o que guardar no leitor sincroniza com a sua conta do Lingueez nos seus outros dispositivos. No computador, estude com cartões de memória completos, áudio, estatísticas e leitura lado a lado — o leitor é simplesmente mais um sítio de onde acrescenta palavras.","Tudo o que você salva no leitor sincroniza com a sua conta do Lingueez nos seus outros dispositivos. No computador, estude com flashcards completos, áudio, estatísticas e leitura lado a lado — o leitor é só mais um lugar de onde as palavras chegam.","Tot ce salvezi pe cititor se sincronizează cu contul tău Lingueez de pe celelalte dispozitive. Pe computer înveți cu cartonașe complete, sunet, statistici și citire în paralel — cititorul e pur și simplu încă un loc de unde adaugi cuvinte.","Всё, что вы сохраняете на ридере, синхронизируется с вашим аккаунтом Lingueez на других устройствах. Учитесь с карточками, озвучкой, статистикой и параллельным чтением на компьютере.","Všetko, čo uložíte v čítačke, sa cez váš účet Lingueez synchronizuje s ostatnými zariadeniami. V počítači sa potom učte s plnohodnotnými kartičkami, zvukom, štatistikami a súbežným čítaním — čítačka je jednoducho len ďalšie miesto, odkiaľ slová pribúdajú.","Све што сачувате на читачу синхронизује се са вашим Lingueez налогом на осталим уређајима. На рачунару учите уз пуне флеш-картице, звук, статистику и упоредно читање — читач је једноставно још једно место одакле речи пристижу.","Allt du sparar på din e-läsare synkroniseras till ditt Lingueez-konto på dina andra enheter. Studera med fullständiga flashkort, ljud, statistik och sida-vid-sida-läsning på din dator — din e-läsare är helt enkelt ytterligare en plats att lägga till ord från.",ทุกอย่างที่คุณบันทึกบนเครื่องอ่านจะซิงก์เข้าบัญชี Lingueez ของคุณบนอุปกรณ์อื่น เรียนต่อบนคอมพิวเตอร์ด้วยแฟลชการ์ดเต็มรูปแบบ เสียงอ่าน สถิติ และการอ่านแบบเทียบสองภาษา — เครื่องอ่านเป็นเพียงอีกที่หนึ่งที่คุณเก็บคำเพิ่มเข้ามา,"Okuyucunuzda kaydettiğiniz her şey, Lingueez hesabınız üzerinden diğer cihazlarınızla eşitlenir. Bilgisayarınızda tam bilgi kartları, ses, istatistikler ve yan yana okuma ile çalışın — okuyucunuz kelime eklemek için bir yer daha sunar.","Усе, що ви зберігаєте на читачі, синхронізується з вашим акаунтом Lingueez на інших пристроях. Навчайтеся з повноцінними флешкартками, аудіо, статистикою та паралельним читанням на комп’ютері, а читач стає ще одним місцем, де ви поповнюєте свій словник.","Mọi thứ bạn lưu trên máy đọc sách sẽ đồng bộ với tài khoản Lingueez trên các thiết bị khác của bạn. Học với thẻ ghi nhớ đầy đủ, âm thanh, thống kê trên máy tính — máy đọc sách là một nơi tuyệt vời khác để thêm từ mới.",在阅读器上保存的所有内容都会通过您的 Lingueez 账号同步到其他设备。您可在电脑上体验完整的卡片复习、语音朗读、数据统计以及双语对照阅读——阅读器只是您添加生词的又一个便捷入口。
See the desktop app,docs/_includes/pages/koreader.html,Вижте приложението за компютър,Podívat se na aplikaci pro počítač,Se computerappen,Desktop-App ansehen,Δείτε την εφαρμογή υπολογιστή,Ver la aplicación de escritorio,Katso tietokonesovellus,Voir l'application bureau,डेस्कटॉप ऐप देखें,Pogledajte aplikaciju za računalo,Nézd meg a számítógépes alkalmazást,Lihat aplikasi desktop,Vedi l'app desktop,デスクトップアプリを見る,데스크톱 앱 보기,Lihat aplikasi komputer,Se datamaskinappen,Bekijk de desktop-app,Zobacz aplikację na komputer,Ver a aplicação para computador,Ver o aplicativo para computador,Vezi aplicația pentru computer,Посмотреть приложение для ПК,Pozrieť si aplikáciu pre počítač,Погледајте апликацију за рачунар,Se skrivbordsappen,ดูแอปสำหรับคอมพิวเตอร์,Masaüstü uygulamasını görün,Переглянути застосунок для комп’ютера,Xem ứng dụng máy tính,查看桌面端应用
Install in two steps,docs/_includes/pages/koreader.html,Инсталира се на две стъпки,Instalace na dva kroky,Installeres i to trin,In zwei Schritten installiert,Εγκατάσταση σε δύο βήματα,Instalación en dos pasos,Asennus kahdessa vaiheessa,Installation en deux étapes,दो चरणों में इंस्टॉल करें,Instalacija u dva koraka,Telepítés két lépésben,Instal dalam dua langkah,Installa in due passaggi,2 ステップでインストール,2단계 간편 설치,Pasang dalam dua langkah,Installeres i to trinn,Installeer in twee stappen,Zainstaluj w dwóch krokach,Instala-se em dois passos,Instala em dois passos,Se instalează în doi pași,Установка в два шага,Inštalácia na dva kroky,Инсталација у два корака,Installera i två steg,ติดตั้งเสร็จในสองขั้นตอน,İki adımda yükleyin,Встановлення у два кроки,Cài đặt trong hai bước,仅需两步，快速安装
No configuration — just copy the plugin and sign in.,docs/_includes/pages/koreader.html,Без настройки — просто копирайте приставката и влезте в акаунта си.,Žádné nastavování — jen zkopírujte modul a přihlaste se.,Ingen opsætning — kopiér bare udvidelsen og log ind.,Keine Konfiguration erforderlich – einfach Plugin kopieren und anmelden.,Χωρίς ρυθμίσεις — απλά αντιγράψτε το πρόσθετο και συνδεθείτε.,Sin configuración: solo copia el plugin e inicia sesión.,Ei asetuksia — kopioi vain lisäosa ja kirjaudu sisään.,Aucune configuration — copiez simplement le plugin et connectez-vous.,कोई कॉन्फ़िगरेशन नहीं — बस प्लगइन कॉपी करें और साइन इन करें।,Bez ikakvog podešavanja — samo kopirajte dodatak i prijavite se.,"Semmit nem kell beállítani — csak másold be a bővítményt, és jelentkezz be.",Tanpa konfigurasi — cukup salin plugin dan masuk.,Nessuna configurazione: basta copiare il plugin e accedere.,面倒な設定は不要 — プラグインをコピーしてログインするだけ。,복잡한 설정 없이 플러그인을 복사하고 로그인하기만 하면 됩니다.,Tiada tetapan — salin sahaja pemalam itu dan log masuk.,Ingen oppsett — bare kopier tillegget og logg inn.,Geen configuratie nodig — kopieer gewoon de plugin en log in.,Bez konfiguracji — po prostu skopiuj wtyczkę i zaloguj się.,Sem qualquer configuração — basta copiar a extensão e iniciar sessão.,Sem configuração nenhuma — é só copiar a extensão e entrar.,Fără nicio configurare — doar copiezi extensia și te autentifici.,Никаких сложных настроек — просто скопируйте плагин и войдите в аккаунт.,Žiadne nastavovanie — len skopírujte doplnok a prihláste sa.,Без икаквог подешавања — само копирајте додатак и пријавите се.,Ingen konfiguration — kopiera bara tillägget och logga in.,ไม่ต้องตั้งค่าอะไร แค่คัดลอกปลั๊กอินแล้วเข้าสู่ระบบ,Yapılandırma yok — sadece eklentiyi kopyalayın ve giriş yapın.,Без налаштувань — просто скопіюйте плагін і ввійдіть.,Không cần cấu hình phức tạp — chỉ cần chép thư mục plugin và đăng nhập.,零繁琐配置——只需复制插件文件并登录账号。
"Copy the <code>lingueez.koplugin</code> folder into your KOReader plugins directory:
        <ul>
          <li><b>Android</b> — <code>/sdcard/koreader/plugins/</code></li>
          <li><b>Linux</b> — <code>~/.config/koreader/plugins/</code></li>
          <li><b>Kobo / Kindle / other</b> — see the KOReader documentation for the plugin path.</li>
        </ul>",docs/_includes/pages/koreader.html,"Копирайте папката <code>lingueez.koplugin</code> в директорията с приставки на KOReader:
        <ul>
          <li><b>Android</b> — <code>/sdcard/koreader/plugins/</code></li>
          <li><b>Linux</b> — <code>~/.config/koreader/plugins/</code></li>
          <li><b>Kobo / Kindle / други</b> — вижте документацията на KOReader за пътя до приставките.</li>
        </ul>","Zkopírujte složku <code>lingueez.koplugin</code> do adresáře se zásuvnými moduly KOReaderu:
        <ul>
          <li><b>Android</b> — <code>/sdcard/koreader/plugins/</code></li>
          <li><b>Linux</b> — <code>~/.config/koreader/plugins/</code></li>
          <li><b>Kobo / Kindle / ostatní</b> — cestu k modulům najdete v dokumentaci KOReaderu.</li>
        </ul>","Kopiér mappen <code>lingueez.koplugin</code> ind i KOReaders udvidelsesmappe:
        <ul>
          <li><b>Android</b> — <code>/sdcard/koreader/plugins/</code></li>
          <li><b>Linux</b> — <code>~/.config/koreader/plugins/</code></li>
          <li><b>Kobo / Kindle / andre</b> — se KOReaders dokumentation for stien til udvidelser.</li>
        </ul>","Kopieren Sie den Ordner <code>lingueez.koplugin</code> in Ihr KOReader-Plugin-Verzeichnis:
        <ul>
          <li><b>Android</b> – <code>/sdcard/koreader/plugins/</code></li>
          <li><b>Linux</b> – <code>~/.config/koreader/plugins/</code></li>
          <li><b>Kobo / Kindle / andere</b> – siehe KOReader-Dokumentation für den Plugin-Pfad.</li>
        </ul>","Αντιγράψτε τον φάκελο <code>lingueez.koplugin</code> στον κατάλογο προσθέτων του KOReader:
        <ul>
          <li><b>Android</b> — <code>/sdcard/koreader/plugins/</code></li>
          <li><b>Linux</b> — <code>~/.config/koreader/plugins/</code></li>
          <li><b>Kobo / Kindle / άλλα</b> — δείτε την τεκμηρίωση του KOReader για τη διαδρομή προσθέτων.</li>
        </ul>","Copia la carpeta <code>lingueez.koplugin</code> en el directorio de plugins de KOReader:
        <ul>
          <li><b>Android</b> — <code>/sdcard/koreader/plugins/</code></li>
          <li><b>Linux</b> — <code>~/.config/koreader/plugins/</code></li>
          <li><b>Kobo / Kindle / otros</b> — consulta la documentación de KOReader para ver la ruta.</li>
        </ul>","Kopioi kansio <code>lingueez.koplugin</code> KOReaderin lisäosahakemistoon:
        <ul>
          <li><b>Android</b> — <code>/sdcard/koreader/plugins/</code></li>
          <li><b>Linux</b> — <code>~/.config/koreader/plugins/</code></li>
          <li><b>Kobo / Kindle / muut</b> — katso lisäosien polku KOReaderin ohjeista.</li>
        </ul>","Copiez le dossier <code>lingueez.koplugin</code> dans le répertoire des plugins de KOReader :
        <ul>
          <li><b>Android</b> — <code>/sdcard/koreader/plugins/</code></li>
          <li><b>Linux</b> — <code>~/.config/koreader/plugins/</code></li>
          <li><b>Kobo / Kindle / autres</b> — consultez la documentation KOReader pour connaître le chemin.</li>
        </ul>","<code>lingueez.koplugin</code> फ़ोल्डर को अपनी KOReader प्लगइन्स निर्देशिका में कॉपी करें:
        <ul>
          <li><b>Android</b> — <code>/sdcard/koreader/plugins/</code></li>
          <li><b>Linux</b> — <code>~/.config/koreader/plugins/</code></li>
          <li><b>Kobo / Kindle / अन्य</b> — प्लगइन पथ के लिए KOReader दस्तावेज़ देखें।</li>
        </ul>","Kopirajte mapu <code>lingueez.koplugin</code> u direktorij s dodacima KOReadera:
        <ul>
          <li><b>Android</b> — <code>/sdcard/koreader/plugins/</code></li>
          <li><b>Linux</b> — <code>~/.config/koreader/plugins/</code></li>
          <li><b>Kobo / Kindle / ostalo</b> — putanju do dodataka potražite u dokumentaciji KOReadera.</li>
        </ul>","Másold a <code>lingueez.koplugin</code> mappát a KOReader bővítménykönyvtárába:
        <ul>
          <li><b>Android</b> — <code>/sdcard/koreader/plugins/</code></li>
          <li><b>Linux</b> — <code>~/.config/koreader/plugins/</code></li>
          <li><b>Kobo / Kindle / egyéb</b> — a bővítmények elérési útját lásd a KOReader dokumentációjában.</li>
        </ul>","Salin folder <code>lingueez.koplugin</code> ke dalam direktori plugin KOReader Anda:
        <ul>
          <li><b>Android</b> — <code>/sdcard/koreader/plugins/</code></li>
          <li><b>Linux</b> — <code>~/.config/koreader/plugins/</code></li>
          <li><b>Kobo / Kindle / lainnya</b> — lihat dokumentasi KOReader untuk jalur plugin.</li>
        </ul>","Copia la cartella <code>lingueez.koplugin</code> nella directory dei plugin di KOReader:
        <ul>
          <li><b>Android</b> — <code>/sdcard/koreader/plugins/</code></li>
          <li><b>Linux</b> — <code>~/.config/koreader/plugins/</code></li>
          <li><b>Kobo / Kindle / altro</b> — consulta la documentazione di KOReader per il percorso dei plugin.</li>
        </ul>","<code>lingueez.koplugin</code> フォルダーを KOReader のプラグインディレクトリにコピーします:
        <ul>
          <li><b>Android</b> — <code>/sdcard/koreader/plugins/</code></li>
          <li><b>Linux</b> — <code>~/.config/koreader/plugins/</code></li>
          <li><b>Kobo / Kindle / その他</b> — プラグインのパスについては KOReader のドキュメントを参照してください。</li>
        </ul>","<code>lingueez.koplugin</code> 폴더를 KOReader 플러그인 디렉토리에 복사하세요:
        <ul>
          <li><b>Android</b> — <code>/sdcard/koreader/plugins/</code></li>
          <li><b>Linux</b> — <code>~/.config/koreader/plugins/</code></li>
          <li><b>Kobo / Kindle / 기타 기기</b> — 플러그인 경로는 KOReader 설명서를 참조하세요.</li>
        </ul>","Salin folder <code>lingueez.koplugin</code> ke dalam direktori pemalam KOReader anda:
        <ul>
          <li><b>Android</b> — <code>/sdcard/koreader/plugins/</code></li>
          <li><b>Linux</b> — <code>~/.config/koreader/plugins/</code></li>
          <li><b>Kobo / Kindle / lain-lain</b> — rujuk dokumentasi KOReader untuk laluan pemalam.</li>
        </ul>","Kopier mappa <code>lingueez.koplugin</code> inn i tilleggsmappa til KOReader:
        <ul>
          <li><b>Android</b> — <code>/sdcard/koreader/plugins/</code></li>
          <li><b>Linux</b> — <code>~/.config/koreader/plugins/</code></li>
          <li><b>Kobo / Kindle / andre</b> — se dokumentasjonen til KOReader for stien til tillegg.</li>
        </ul>","Kopieer de map <code>lingueez.koplugin</code> naar je KOReader-plugindirectory:
        <ul>
          <li><b>Android</b> — <code>/sdcard/koreader/plugins/</code></li>
          <li><b>Linux</b> — <code>~/.config/koreader/plugins/</code></li>
          <li><b>Kobo / Kindle / overige</b> — zie de KOReader-documentatie voor het juiste pad.</li>
        </ul>","Skopiuj folder <code>lingueez.koplugin</code> do katalogu wtyczek KOReader:
        <ul>
          <li><b>Android</b> — <code>/sdcard/koreader/plugins/</code></li>
          <li><b>Linux</b> — <code>~/.config/koreader/plugins/</code></li>
          <li><b>Kobo / Kindle / inne</b> — zobacz dokumentację KOReader dotyczącą ścieżki wtyczek.</li>
        </ul>","Copie a pasta <code>lingueez.koplugin</code> para o diretório de extensões do KOReader:
        <ul>
          <li><b>Android</b> — <code>/sdcard/koreader/plugins/</code></li>
          <li><b>Linux</b> — <code>~/.config/koreader/plugins/</code></li>
          <li><b>Kobo / Kindle / outros</b> — consulte a documentação do KOReader para saber o caminho das extensões.</li>
        </ul>","Copie a pasta <code>lingueez.koplugin</code> para o diretório de extensões do KOReader:
        <ul>
          <li><b>Android</b> — <code>/sdcard/koreader/plugins/</code></li>
          <li><b>Linux</b> — <code>~/.config/koreader/plugins/</code></li>
          <li><b>Kobo / Kindle / outros</b> — veja o caminho das extensões na documentação do KOReader.</li>
        </ul>","Copiază folderul <code>lingueez.koplugin</code> în directorul de extensii al KOReader:
        <ul>
          <li><b>Android</b> — <code>/sdcard/koreader/plugins/</code></li>
          <li><b>Linux</b> — <code>~/.config/koreader/plugins/</code></li>
          <li><b>Kobo / Kindle / altele</b> — caută calea către extensii în documentația KOReader.</li>
        </ul>","Скопируйте папку <code>lingueez.koplugin</code> в директорию плагинов KOReader:
        <ul>
          <li><b>Android</b> — <code>/sdcard/koreader/plugins/</code></li>
          <li><b>Linux</b> — <code>~/.config/koreader/plugins/</code></li>
          <li><b>Kobo / Kindle / другие</b> — см. документацию KOReader для уточнения пути.</li>
        </ul>","Skopírujte priečinok <code>lingueez.koplugin</code> do adresára s doplnkami KOReadera:
        <ul>
          <li><b>Android</b> — <code>/sdcard/koreader/plugins/</code></li>
          <li><b>Linux</b> — <code>~/.config/koreader/plugins/</code></li>
          <li><b>Kobo / Kindle / ostatné</b> — cestu k doplnkom nájdete v dokumentácii KOReadera.</li>
        </ul>","Копирајте фасциклу <code>lingueez.koplugin</code> у директоријум са додацима KOReader-а:
        <ul>
          <li><b>Android</b> — <code>/sdcard/koreader/plugins/</code></li>
          <li><b>Linux</b> — <code>~/.config/koreader/plugins/</code></li>
          <li><b>Kobo / Kindle / остало</b> — путању до додатака потражите у документацији KOReader-а.</li>
        </ul>","Kopiera mappen <code>lingueez.koplugin</code> till din KOReader-tilläggskatalog:
        <ul>
          <li><b>Android</b> — <code>/sdcard/koreader/plugins/</code></li>
          <li><b>Linux</b> — <code>~/.config/koreader/plugins/</code></li>
          <li><b>Kobo / Kindle / övriga</b> — se KOReader-dokumentationen för rätt mappsökväg.</li>
        </ul>","คัดลอกโฟลเดอร์ <code>lingueez.koplugin</code> ไปไว้ในไดเรกทอรีปลั๊กอินของ KOReader:
        <ul>
          <li><b>Android</b> — <code>/sdcard/koreader/plugins/</code></li>
          <li><b>Linux</b> — <code>~/.config/koreader/plugins/</code></li>
          <li><b>Kobo / Kindle / เครื่องอื่น</b> — ดูเส้นทางปลั๊กอินได้จากเอกสารของ KOReader</li>
        </ul>","<code>lingueez.koplugin</code> klasörünü KOReader eklentileri dizininize kopyalayın:
        <ul>
          <li><b>Android</b> — <code>/sdcard/koreader/plugins/</code></li>
          <li><b>Linux</b> — <code>~/.config/koreader/plugins/</code></li>
          <li><b>Kobo / Kindle / diğerleri</b> — eklenti yolu için KOReader belgelerine bakın.</li>
        </ul>","Скопіюйте теку <code>lingueez.koplugin</code> до каталогу плагінів KOReader:
        <ul>
          <li><b>Android</b> — <code>/sdcard/koreader/plugins/</code></li>
          <li><b>Linux</b> — <code>~/.config/koreader/plugins/</code></li>
          <li><b>Kobo / Kindle / інше</b> — шлях до плагінів дивіться в документації KOReader.</li>
        </ul>","Chép thư mục <code>lingueez.koplugin</code> vào thư mục plugins của KOReader:
        <ul>
          <li><b>Android</b> — <code>/sdcard/koreader/plugins/</code></li>
          <li><b>Linux</b> — <code>~/.config/koreader/plugins/</code></li>
          <li><b>Kobo / Kindle / thiết bị khác</b> — xem tài liệu KOReader để biết đường dẫn plugin.</li>
        </ul>","将 <code>lingueez.koplugin</code> 文件夹复制到您的 KOReader 插件目录中：
        <ul>
          <li><b>Android</b> — <code>/sdcard/koreader/plugins/</code></li>
          <li><b>Linux</b> — <code>~/.config/koreader/plugins/</code></li>
          <li><b>Kobo / Kindle / 其他设备</b> — 请参阅 KOReader 官方文档获取插件路径。</li>
        </ul>"
<b>Restart KOReader.</b> The plugin appears in Plugin Management and adds a <b>Lingueez</b> entry to the menu. Open <b>Menu → Lingueez → Configure</b> and sign in.,docs/_includes/pages/koreader.html,<b>Рестартирайте KOReader.</b> Приставката се появява в Plugin Management и добавя ред <b>Lingueez</b> в менюто. Отворете <b>Menu → Lingueez → Configure</b> и влезте в акаунта си.,<b>Restartujte KOReader.</b> Modul se objeví v Plugin Management a do nabídky přidá položku <b>Lingueez</b>. Otevřete <b>Menu → Lingueez → Configure</b> a přihlaste se.,"<b>Genstart KOReader.</b> Udvidelsen dukker op under Plugin Management og lægger et <b>Lingueez</b>-punkt i menuen. Åbn <b>Menu → Lingueez → Configure</b>, og log ind.",<b>Starten Sie KOReader neu.</b> Das Plugin erscheint in der Plugin-Verwaltung und fügt den Menüeintrag <b>Lingueez</b> hinzu. Öffnen Sie <b>Menü → Lingueez → Konfigurieren</b> und melden Sie sich an.,<b>Επανεκκινήστε το KOReader.</b> Το πρόσθετο εμφανίζεται στη Διαχείριση Προσθέτων και προσθέτει μια καταχώριση <b>Lingueez</b> στο μενού. Ανοίξτε <b>Μενού → Lingueez → Διαμόρφωση</b> και συνδεθείτε.,<b>Reinicia KOReader.</b> El plugin aparecerá en la gestión de plugins y añadirá una entrada de <b>Lingueez</b> al menú. Abre <b>Menú → Lingueez → Configurar</b> e inicia sesión.,<b>Käynnistä KOReader uudelleen.</b> Lisäosa ilmestyy Plugin Management -näkymään ja lisää valikkoon <b>Lingueez</b>-kohdan. Avaa <b>Menu → Lingueez → Configure</b> ja kirjaudu sisään.,<b>Redémarrez KOReader.</b> Le plugin apparaît dans la gestion des plugins et ajoute une entrée <b>Lingueez</b> au menu. Ouvrez <b>Menu → Lingueez → Configurer</b> et connectez-vous.,<b>KOReader को फिर से शुरू करें।</b> प्लगइन प्लगइन प्रबंधन में दिखाई देता है और मेनू में <b>Lingueez</b> प्रविष्टि जोड़ता है। <b>मेनू → Lingueez → कॉन्फ़िگر करें</b> खोलें और साइन इन करें।,<b>Ponovno pokrenite KOReader.</b> Dodatak se pojavljuje u Plugin Managementu i u izbornik dodaje stavku <b>Lingueez</b>. Otvorite <b>Menu → Lingueez → Configure</b> i prijavite se.,"<b>Indítsd újra a KOReadert.</b> A bővítmény megjelenik a Plugin Management alatt, és felvesz egy <b>Lingueez</b> menüpontot. Nyisd meg a <b>Menu → Lingueez → Configure</b> pontot, és jelentkezz be.",<b>Mulai ulang KOReader.</b> Plugin akan muncul di Manajemen Plugin dan menambahkan entri <b>Lingueez</b> ke menu. Buka <b>Menu → Lingueez → Konfigurasi</b> dan masuk.,<b>Riavvia KOReader.</b> Il plugin apparirà in Gestione Plugin e aggiungerà la voce <b>Lingueez</b> al menu. Apri <b>Menu → Lingueez → Configura</b> e accedi.,<b>KOReader を再起動します。</b> プラグイン管理に表示され、メニューに <b>Lingueez</b> の項目が追加されます。<b>メニュー → Lingueez → Configure</b> を開き、ログインしてください。,<b>KOReader를 다시 시작합니다.</b> 플러그인이 플러그인 관리에서 확인되며 메뉴에 <b>Lingueez</b> 항목이 추가됩니다. <b>메뉴 → Lingueez → Configure</b>를 열고 로그인하세요.,<b>Mulakan semula KOReader.</b> Pemalam itu muncul dalam Plugin Management dan menambah entri <b>Lingueez</b> pada menu. Buka <b>Menu → Lingueez → Configure</b> dan log masuk.,<b>Start KOReader på nytt.</b> Tillegget dukker opp under Plugin Management og legger et <b>Lingueez</b>-punkt i menyen. Åpne <b>Menu → Lingueez → Configure</b> og logg inn.,<b>Herstart KOReader.</b> De plugin verschijnt in Plug-inbeheer en voegt het item <b>Lingueez</b> toe aan het menu. Open <b>Menu → Lingueez → Configure</b> en log in.,<b>Uruchom ponownie KOReader.</b> Wtyczka pojawi się w Zarządzaniu Wtyczkami i doda pozycję <b>Lingueez</b> do menu. Otwórz <b>Menu → Lingueez → Konfiguruj</b> i zaloguj się.,<b>Reinicie o KOReader.</b> A extensão aparece em Plugin Management e acrescenta uma entrada <b>Lingueez</b> ao menu. Abra <b>Menu → Lingueez → Configure</b> e inicie sessão.,<b>Reinicie o KOReader.</b> A extensão aparece em Plugin Management e adiciona um item <b>Lingueez</b> ao menu. Abra <b>Menu → Lingueez → Configure</b> e entre na sua conta.,<b>Repornește KOReader.</b> Extensia apare în Plugin Management și adaugă o intrare <b>Lingueez</b> în meniu. Deschide <b>Menu → Lingueez → Configure</b> și autentifică-te.,<b>Перезапустите KOReader.</b> Плагин появится в управлении плагинами и добавит пункт <b>Lingueez</b> в меню. Перейдите в <b>Меню → Lingueez → Configure</b> и войдите в систему.,<b>Reštartujte KOReader.</b> Doplnok sa objaví v Plugin Management a do ponuky pridá položku <b>Lingueez</b>. Otvorte <b>Menu → Lingueez → Configure</b> a prihláste sa.,<b>Поново покрените KOReader.</b> Додатак се појављује у Plugin Management-у и у мени додаје ставку <b>Lingueez</b>. Отворите <b>Menu → Lingueez → Configure</b> и пријавите се.,<b>Starta om KOReader.</b> Tillägget visas i Tilläggshantering och lägger till <b>Lingueez</b> i menyn. Öppna <b>Meny → Lingueez → Konfigurera</b> och logga in.,<b>รีสตาร์ท KOReader</b> ปลั๊กอินจะปรากฏใน Plugin Management และเพิ่มรายการ <b>Lingueez</b> เข้าไปในเมนู เปิด <b>Menu → Lingueez → Configure</b> แล้วเข้าสู่ระบบ,"<b>KOReader'ı yeniden başlatın.</b> Eklenti, Eklenti Yönetimi'nde görünür ve menüye bir <b>Lingueez</b> öğesi ekler. <b>Menü → Lingueez → Configure</b> yolunu izleyin ve giriş yapın.",<b>Перезапустіть KOReader.</b> Плагін з’явиться в керуванні плагінами й додасть пункт <b>Lingueez</b> до меню. Відкрийте <b>Меню → Lingueez → Налаштувати</b> й увійдіть.,<b>Khởi động lại KOReader.</b> Plugin sẽ xuất hiện trong Quản lý Plugin và thêm mục <b>Lingueez</b> vào menu. Mở <b>Menu → Lingueez → Cấu hình</b> và đăng nhập.,<b>重启 KOReader。</b> 插件将出现在“插件管理”中，并在菜单中新增 <b>Lingueez</b> 入口。依次打开 <b>菜单 → Lingueez → 配置</b> 并登录。
"New to Lingueez? Create your account on the <a href=""https://lingueez.app"">desktop or web app</a> first — the plugin signs you in, it doesn’t register new accounts.",docs/_includes/pages/koreader.html,"Тепърва започвате с Lingueez? Първо си направете акаунт в <a href=""https://lingueez.app"">приложението за компютър или в уеб версията</a> — приставката само ви вписва, но не регистрира нови акаунти.","Jste v Lingueezu nováček? Nejdřív si založte účet v <a href=""https://lingueez.app"">počítačové nebo webové aplikaci</a> — modul vás jen přihlásí, nové účty nezakládá.","Er du ny i Lingueez? Opret først din konto i <a href=""https://lingueez.app"">computer- eller webappen</a> — udvidelsen logger dig kun ind, den opretter ikke nye konti.","Neu bei Lingueez? Erstellen Sie Ihr Konto zuerst in der <a href=""https://lingueez.app"">Desktop- oder Web-App</a> – das Plugin dient zum Anmelden, nicht zur Registrierung.","Νέος στο Lingueez; Δημιουργήστε τον λογαριασμό σας στην <a href=""https://lingueez.app"">εφαρμογή υπολογιστή ή web</a> πρώτα — το πρόσθετο σας συνδέει, δεν εγγράφει νέους λογαριασμούς.","¿Nuevo en Lingueez? Crea tu cuenta primero en la <a href=""https://lingueez.app"">aplicación web o de escritorio</a>; el plugin sirve para iniciar sesión, no para registrar cuentas nuevas.","Oletko uusi Lingueezin käyttäjä? Luo tili ensin <a href=""https://lingueez.app"">tietokone- tai verkkosovelluksessa</a> — lisäosa vain kirjaa sinut sisään, se ei luo uusia tilejä.","Nouveau sur Lingueez ? Créez d'abord votre compte sur <a href=""https://lingueez.app"">l'application bureau ou web</a> — le plugin vous connecte mais ne permet pas de créer un compte.","Lingueez में नए हैं? पहले <a href=""https://lingueez.app"">डेस्कटॉप या वेब ऐप</a> पर अपना खाता बनाएं — प्लगइन आपको साइन इन करता है, यह नए खाते पंजीकृत नहीं करता है।","Tek počinjete s Lingueezom? Prvo otvorite račun u <a href=""https://lingueez.app"">aplikaciji za računalo ili web aplikaciji</a> — dodatak vas samo prijavljuje, nove račune ne otvara.","Most ismerkedsz a Lingueezzel? Először hozd létre a fiókod a <a href=""https://lingueez.app"">számítógépes vagy webes alkalmazásban</a> — a bővítmény csak beléptet, új fiókot nem hoz létre.","Baru di Lingueez? Buat akun Anda di <a href=""https://lingueez.app"">aplikasi desktop atau web</a> terlebih dahulu — plugin ini hanya untuk masuk, bukan mendaftar akun baru.","Nuovo su Lingueez? Crea prima il tuo account sull'app <a href=""https://lingueez.app"">desktop o web</a> — il plugin serve per accedere, non per registrare nuovi account.","Lingueez のご利用は初めてですか？まずは <a href=""https://lingueez.app"">デスクトップまたは Web アプリ</a> でアカウントを作成してください（プラグインはログイン専用であり、新規登録機能はありません）。","Lingueez가 처음이신가요? 먼저 <a href=""https://lingueez.app"">데스크톱 또는 웹 앱</a>에서 계정을 생성하세요 — 플러그인은 로그인만 지원하며 신규 계정 등록은 불가능합니다.","Baru berjinak dengan Lingueez? Buka akaun anda dahulu dalam <a href=""https://lingueez.app"">aplikasi komputer atau web</a> — pemalam ini hanya melog masuk anda, ia tidak mendaftarkan akaun baharu.","Er du ny i Lingueez? Opprett kontoen din først i <a href=""https://lingueez.app"">datamaskin- eller nettappen</a> — tillegget logger deg bare inn, det oppretter ikke nye kontoer.","Nieuw bij Lingueez? Maak eerst je account aan op de <a href=""https://lingueez.app"">desktop- of webapp</a> — de plugin dient om in te loggen, niet om nieuwe accounts te registreren.","Jesteś nowy w Lingueez? Najpierw utwórz konto w aplikacji <a href=""https://lingueez.app"">na komputerze lub w przeglądarce</a> — wtyczka służy do logowania, nie do rejestracji.","É a primeira vez que usa o Lingueez? Crie primeiro a sua conta na <a href=""https://lingueez.app"">aplicação para computador ou na versão web</a> — a extensão apenas inicia a sessão, não regista contas novas.","É novo no Lingueez? Crie sua conta primeiro no <a href=""https://lingueez.app"">aplicativo para computador ou na versão web</a> — a extensão só faz o login, ela não cria contas novas.","Ești la început cu Lingueez? Fă-ți întâi contul în <a href=""https://lingueez.app"">aplicația pentru computer sau cea web</a> — extensia doar te autentifică, nu creează conturi noi.","Впервые в Lingueez? Сначала создайте аккаунт в <a href=""https://lingueez.app"">приложении для ПК или веб-версии</a> — плагин выполняет только вход, но не регистрацию.","Ste v Lingueeze nováčik? Najprv si založte účet v <a href=""https://lingueez.app"">počítačovej alebo webovej aplikácii</a> — doplnok vás len prihlási, nové účty nezakladá.","Тек почињете са Lingueez-ом? Прво отворите налог у <a href=""https://lingueez.app"">апликацији за рачунар или веб апликацији</a> — додатак вас само пријављује, нове налоге не отвара.","Ny på Lingueez? Skapa ditt konto på <a href=""https://lingueez.app"">skrivbords- eller webbappen</a> först — tillägget loggar in dig, det registrerar inte nya konton.","เพิ่งเริ่มใช้ Lingueez ใช่ไหม สมัครบัญชีใน <a href=""https://lingueez.app"">แอปคอมพิวเตอร์หรือเว็บแอป</a> ก่อน — ปลั๊กอินทำหน้าที่เข้าสู่ระบบให้เท่านั้น ไม่ได้สมัครบัญชีใหม่","Lingueez'de yeni misiniz? Önce <a href=""https://lingueez.app"">masaüstü veya web uygulamasında</a> hesabınızı oluşturun — eklenti yalnızca giriş yapmanızı sağlar, yeni hesap kaydı yapmaz.","Уперше в Lingueez? Спершу створіть акаунт у <a href=""https://lingueez.app"">застосунку для комп’ютера чи вебі</a> — плагін лише виконує вхід, він не реєструє нові акаунти.","Mới dùng Lingueez? Tạo tài khoản trên <a href=""https://lingueez.app"">ứng dụng máy tính hoặc web</a> trước — plugin dùng để đăng nhập, không hỗ trợ đăng ký tài khoản mới.","第一次使用 Lingueez？请先在<a href=""https://lingueez.app"">桌面端或网页端应用</a>上创建账号——本插件仅用于登录现有账号，不支持新用户注册。"
Turn every book into vocabulary,docs/_includes/pages/koreader.html,Превърнете всяка книга в речников запас,Proměňte každou knihu ve slovní zásobu,Gør hver bog til ordforråd,Verwandeln Sie jedes Buch in Vokabular,Μετατρέψτε κάθε βιβλίο σε λεξιλόγιο,Convierte cada libro en vocabulario,Tee jokaisesta kirjasta sanastoa,Transformez chaque livre en vocabulaire,हर किताब को शब्दावली में बदलें,Pretvorite svaku knjigu u vokabular,Váltsd szókincsre minden könyved,Ubah setiap buku menjadi kosakata,Trasforma ogni libro in vocabolario,すべての本を語彙力に変えよう,모든 책을 어휘 자산으로 변환하세요,Jadikan setiap buku sebagai sumber kosa kata,Gjør hver bok til ordforråd,Verander elk boek in woordenschat,Zmień każdą książkę w słownictwo,Transforme cada livro em vocabulário,Transforme cada livro em vocabulário,Transformă fiecare carte în vocabular,Превратите каждую книгу в источник новых слов,Premeňte každú knihu na slovnú zásobu,Претворите сваку књигу у речник,Förvandla varje bok till ordförråd,เปลี่ยนทุกเล่มที่อ่านให้เป็นคลังคำศัพท์,Her kitabı kelime bilgisine dönüştürün,Перетворіть кожну книжку на словниковий запас,Biến mọi cuốn sách thành vốn từ vựng,将阅读的每一本书都变成您的词汇储备
Read the source and the install guide,docs/_includes/pages/koreader.html,Вижте кода и ръководството за инсталиране,Prohlédnout si kód a návod k instalaci,Se kildekoden og installationsvejledningen,Quellcode und Installationsanleitung lesen,Διαβάστε τον πηγαίο κώδικα και τον οδηγό εγκατάστασης,Lee el código fuente y la guía de instalación,Katso lähdekoodi ja asennusohje,Lire le code source et le guide d'installation,सोर्स कोड और इंस्टॉल गाइड पढ़ें,Pogledajte kod i vodič za instalaciju,Nézd meg a forráskódot és a telepítési útmutatót,Baca kode sumber dan panduan instalasi,Leggi il codice sorgente e la guida all'installazione,ソースコードとインストールガイドを読む,소스 코드 및 설치 가이드 읽기,Baca kod sumber dan panduan pemasangan,Se kildekoden og installasjonsveiledningen,Lees de broncode en de installatiehandleiding,Przeczytaj kod źródłowy i instrukcję instalacji,Ver o código e o guia de instalação,Ver o código e o guia de instalação,Vezi codul și ghidul de instalare,Исходный код и руководство по установке,Prezrieť si kód a návod na inštaláciu,Погледајте код и водич за инсталацију,Läs källkoden och installationsguiden,ดูซอร์สโค้ดและคู่มือการติดตั้ง,Kaynak kodunu ve kurulum kılavuzunu okuyun,Вихідний код та інструкція зі встановлення,Xem mã nguồn và hướng dẫn cài đặt,阅读源代码与完整安装指南
Now on Android,docs/_includes/pages/mobile.html,Вече и на Android,Nově i na Androidu,Nu også på Android,Jetzt auf Android,Τώρα στο Android,Ahora en Android,Nyt myös Androidilla,Désormais sur Android,अब एंड्रॉइड पर,Sada i na Androidu,Most már Androidon is,Kini hadir di Android,Ora disponibile su Android,Android 版が登場,Android 버전 출시,Kini di Android,Nå også på Android,Nu op Android,Teraz na Androida,Agora também no Android,Agora também no Android,Acum și pe Android,Теперь и на Android,Novo aj na Androide,Сада и на Android-у,Nu på Android,ตอนนี้มีบน Android แล้ว,Şimdi Android'de,Тепер на Android,Đã có trên Android,现已登陆 Android
"Take your vocabulary <span class=""accent"">with you</span>",docs/_includes/pages/mobile.html,"Носете речника си <span class=""accent"">със себе си</span>","Vezměte si slovní zásobu <span class=""accent"">s sebou</span>","Tag dit ordforråd <span class=""accent"">med dig</span>","Nehmen Sie Ihr Vokabular <span class=""accent"">überallhin mit</span>","Πάρτε το λεξιλόγιό σας <span class=""accent"">μαζί σας</span>","Lleva tu vocabulario <span class=""accent"">contigo</span>","Ota sanastosi <span class=""accent"">mukaasi</span>","Emmenez votre vocabulaire <span class=""accent"">partout avec vous</span>","अपनी शब्दावली <span class=""accent"">अपने साथ ले जाएं</span>","Ponesite svoj vokabular <span class=""accent"">sa sobom</span>","Vidd magaddal <span class=""accent"">a szókincsed</span>","Bawa kosakata Anda <span class=""accent"">bersama Anda</span>","Porta il tuo vocabolario <span class=""accent"">sempre con te</span>","語彙データを<span class=""accent"">持ち歩こう</span>","나만의 어휘장을 <span class=""accent"">주머니 속에</span>","Bawa kosa kata anda <span class=""accent"">ke mana sahaja</span>","Ta ordforrådet ditt <span class=""accent"">med deg</span>","Neem je woordenschat <span class=""accent"">met je mee</span>","Weź swoje słownictwo <span class=""accent"">ze sobą</span>","Leve o seu vocabulário <span class=""accent"">consigo</span>","Leve seu vocabulário <span class=""accent"">com você</span>","Ia-ți vocabularul <span class=""accent"">cu tine</span>","Возьмите свой словарь <span class=""accent"">с собой</span>","Vezmite si slovnú zásobu <span class=""accent"">so sebou</span>","Понесите свој речник <span class=""accent"">са собом</span>","Ta med dig ditt ordförråd <span class=""accent"">överallt</span>","พกคลังคำศัพท์ <span class=""accent"">ไปกับคุณ</span>","Kelime bilginizi <span class=""accent"">yanınızda taşıyın</span>","Носіть свій словник <span class=""accent"">із собою</span>","Mang theo vốn từ của bạn <span class=""accent"">mọi lúc mọi nơi</span>","把您的词汇库<span class=""accent"">随身携带</span>"
"The Lingueez app for Android puts your words in your pocket. Browse and add words, review with flashcards, and listen hands-free with lock-screen playback controls. Sign in to your Lingueez account, and everything stays in sync.",docs/_includes/pages/mobile.html,"Приложението Lingueez за Android слага думите ви в джоба. Разглеждайте и добавяйте думи, преговаряйте с флаш карти и слушайте в движение с бутоните върху заключения екран. Влезте в акаунта си в Lingueez и всичко остава синхронизирано.","Aplikace Lingueez pro Android vám vloží slova do kapsy. Procházejte a přidávejte slova, opakujte na kartičkách a poslouchejte za chůze s ovládáním na zamykací obrazovce. Přihlaste se ke svému účtu Lingueez a všechno zůstane synchronizované.","Lingueez-appen til Android lægger dine ord i lommen. Bladr og tilføj ord, repetér med flashcards, og lyt undervejs med afspilningsknapper på låseskærmen. Log ind på din Lingueez-konto, så holdes alt synkroniseret.","Die Lingueez-App für Android bringt Ihre Wörter in die Hosentasche. Durchsuchen und hinzufügen, mit Karteikarten wiederholen und freihändig anhören. Melden Sie sich in Ihrem Lingueez-Konto an — alles bleibt synchron.","Η εφαρμογή Lingueez για Android βάζει τις λέξεις στην τσέπη σας. Περιηγηθείτε, προσθέστε λέξεις, κάντε επανάληψη με κάρτες flashcard και ακούστε hands-free. Συνδεθείτε στον λογαριασμό σας Lingueez — όλα παραμένουν συγχρονισμένα.","La aplicación Lingueez para Android pone tus palabras en tu bolsillo. Explora y añade palabras, repasa con tarjetas y escucha en manos libres. Inicia sesión en tu cuenta de Lingueez y todo se mantiene sincronizado.","Lingueezin Android-sovellus vie sanasi taskuusi. Selaa ja lisää sanoja, kertaa muistikorteilla ja kuuntele liikkeellä lukitusnäytön säätimillä. Kirjaudu Lingueez-tilillesi, niin kaikki pysyy synkassa.","L'application Lingueez pour Android met vos mots dans votre poche. Parcourez et ajoutez des mots, révisez avec des cartes mémoire et écoutez les mains libres. Connectez-vous à votre compte Lingueez : tout reste synchronisé.","Android के लिए Lingueez ऐप आपके शब्दों को आपकी जेब में रखता है। शब्द ब्राउज़ करें और जोड़ें, फ़्लैशकार्ड के साथ समीक्षा करें, और लॉक-स्क्रीन प्लेबैक नियंत्रण के साथ हैंड्स-फ्री सुनें। अपने Lingueez खाते से साइन इन करें, और सब कुछ सिंक रहता है।","Aplikacija Lingueez za Android stavlja vam riječi u džep. Pregledavajte i dodajte riječi, ponavljajte uz flash kartice i slušajte u hodu uz upravljanje sa zaključanog zaslona. Prijavite se u svoj Lingueez račun i sve ostaje sinkronizirano.","A Lingueez Android-alkalmazása a zsebedbe teszi a szavaidat. Böngéssz és vegyél fel szavakat, ismételj tanulókártyákkal, és hallgasd útközben a zárképernyőről vezérelve. Jelentkezz be a Lingueez-fiókodba, és minden szinkronban marad.","Aplikasi Lingueez untuk Android membawa kata-kata Anda di dalam saku. Jelajahi dan tambahkan kata, tinjau dengan kartu kilat, dan dengarkan tanpa memegang ponsel dengan kontrol pemutaran di layar kunci. Masuk ke akun Lingueez Anda, dan semuanya tetap tersinkronisasi.","L'app Lingueez per Android porta le tue parole in tasca. Sfoglia e aggiungi parole, ripassa con le flashcard e ascolta a mani libere con i controlli di riproduzione nella schermata di blocco. Accedi al tuo account Lingueez e tutto resta sincronizzato.",Android 版 Lingueez アプリで、単語をポケットの中に。単語の閲覧・追加、単語カードでの復習、ロック画面での再生操作によるハンズフリー再生が可能です。Lingueez アカウントでログインすれば、すべてが同期されます。,"Android용 Lingueez 앱으로 주머니 속에서 단어를 관리하세요. 단어를 둘러보고 추가하며, 플래시카드로 복습하고, 잠금화면 재생 제어로 핸즈프리 오디오를 감상하세요. Lingueez 계정으로 로그인하면 모든 것이 동기화됩니다.","Aplikasi Lingueez untuk Android meletakkan perkataan anda di dalam poket. Semak dan tambah perkataan, ulang kaji dengan kad imbas, dan dengar sambil berjalan dengan kawalan main balik pada skrin kunci. Log masuk ke akaun Lingueez anda dan semuanya kekal segerak.","Lingueez-appen for Android legger ordene dine i lomma. Bla og legg til ord, repeter med flash-kort, og hør på underveis med avspillingsknapper på låseskjermen. Logg inn på Lingueez-kontoen din, så holdes alt synkronisert.","De Lingueez-app voor Android brengt je woorden naar je broekzak. Blader door woorden en voeg ze toe, herhaal met flitskaarten en luister handsfree via de bediening op het vergrendelscherm. Log in op je Lingueez-account, en alles blijft gesynchroniseerd.","Aplikacja Lingueez na Androida pozwala mieć słowa zawsze w kieszeni. Przeglądaj i dodawaj słowa, powtarzaj z fiszkami i słuchaj bez użycia rąk dzięki sterowaniu na ekranie blokady. Zaloguj się na swoje konto Lingueez, a wszystko pozostanie zsynchronizowane.","A aplicação Lingueez para Android põe-lhe as palavras no bolso. Percorra e acrescente palavras, reveja com cartões de memória e ouça em movimento com os controlos no ecrã bloqueado. Inicie sessão na sua conta do Lingueez e fica tudo sincronizado.","O app do Lingueez para Android coloca suas palavras no bolso. Percorra e adicione palavras, revise com flashcards e ouça enquanto anda, com os controles na tela de bloqueio. Entre na sua conta do Lingueez e tudo fica sincronizado.","Aplicația Lingueez pentru Android îți pune cuvintele în buzunar. Răsfoiește și adaugă cuvinte, recapitulează cu cartonașe și ascultă din mers, cu comenzile pe ecranul blocat. Autentifică-te în contul tău Lingueez și totul rămâne sincronizat.","Приложение Lingueez для Android позволяет носить свой словарь прямо в кармане. Просматривайте и добавляйте слова, повторяйте по карточкам и слушайте озвучку с управлением на экране блокировки. Войдите в свой аккаунт Lingueez — всё останется синхронизированным.","Aplikácia Lingueez pre Android vám vloží slová do vrecka. Prechádzajte a pridávajte slová, opakujte na kartičkách a počúvajte počas chôdze s ovládaním na uzamknutej obrazovke. Prihláste sa do svojho účtu Lingueez a všetko zostane synchronizované.","Апликација Lingueez за Android ставља вам речи у џеп. Прегледајте и додајте речи, понављајте уз флеш-картице и слушајте у ходу уз управљање са закључаног екрана. Пријавите се на свој Lingueez налог и све остаје синхронизовано.","Lingueez-appen för Android sätter dina ord i fickan. Bläddra och lägg till ord, öva med flashkort och lyssna handsfree med uppspelningskontroller på låsskärmen. Logga in på ditt Lingueez-konto, så hålls allt i synk.",แอป Lingueez สำหรับ Android ย้ายคำศัพท์ของคุณลงกระเป๋า เปิดดูและเพิ่มคำ ทบทวนด้วยแฟลชการ์ด และฟังได้ระหว่างเดินทางพร้อมปุ่มควบคุมบนหน้าจอล็อก เข้าสู่ระบบบัญชี Lingueez ของคุณ แล้วทุกอย่างจะซิงก์ตรงกัน,"Android için Lingueez uygulaması kelimelerinizi cebinize getirir. Kelimelere göz atın ve ekleyin, bilgi kartlarıyla tekrar yapın ve kilit ekranı oynatma kontrolleriyle eller serbest dinleyin. Lingueez hesabınızla giriş yapın, her şey senkronize kalsın.","Застосунок Lingueez для Android завжди під рукою. Переглядайте й додавайте слова, повторюйте за допомогою флешкарток і слухайте, керуючи відтворенням прямо з екрана блокування. Увійдіть у ваш акаунт Lingueez — усе залишиться синхронізованим.","Ứng dụng Lingueez cho Android mang từ vựng vào túi áo bạn. Duyệt và thêm từ, ôn tập bằng thẻ ghi nhớ và nghe rảnh tay với trình điều khiển trên màn hình khóa. Đăng nhập vào tài khoản Lingueez của bạn — mọi thứ luôn được đồng bộ.",Lingueez Android 版让您把生词库装进口袋。随时浏览与添加生词，使用卡片复习，并通过锁屏播放控制功能实现解放双手听词。登录您的 Lingueez 账号，所有数据保持同步。
All platforms,docs/_includes/pages/mobile.html,Всички платформи,Všechny platformy,Alle platforme,Alle Plattformen,Όλες οι πλατφόρμες,Todas las plataformas,Kaikki alustat,Toutes les plateformes,सभी प्लेटफ़ॉर्म,Sve platforme,Minden platform,Semua platform,Tutte le piattaforme,全プラットフォーム対応,모든 플랫폼 지원,Semua platform,Alle plattformer,Alle platformen,Wszystkie platformy,Todas as plataformas,Todas as plataformas,Toate platformele,Все платформы,Všetky platformy,Све платформе,Alla plattformar,ทุกแพลตฟอร์ม,Tüm platformlar,Усі платформи,Tất cả nền tảng,支持全平台
"The same vocabulary, on the move",docs/_includes/pages/mobile.html,Същият речник — и в движение,"Táž slovní zásoba, i na cestách","Samme ordforråd, også når du er på farten","Dasselbe Vokabular, auch unterwegs","Το ίδιο λεξιλόγιο, εν κινήσει","El mismo vocabulario, en cualquier lugar","Sama sanasto, myös liikkeellä","Le même vocabulaire, en déplacement","वही शब्दावली, चलते-फिरते","Isti vokabular, i u pokretu","Ugyanaz a szókincs, útközben is","Kosakata yang sama, di mana saja","Lo stesso vocabolario, ovunque tu sia",出先んでも変わらない語彙環境を,이동 중에도 동일한 어휘 학습,"Kosa kata yang sama, walau di mana anda berada","Samme ordforråd, også på farten","Hetzelfde woordenschat, ook onderweg","To samo słownictwo, w podróży","O mesmo vocabulário, também em andamento","O mesmo vocabulário, também na correria","Același vocabular, și în mișcare",Единый словарь в дороге,"Tá istá slovná zásoba, aj na cestách","Исти речник, и у покрету","Samma ordförråd, på språng",คลังคำศัพท์ชุดเดิม แม้อยู่ระหว่างเดินทาง,"Aynı kelime bilgisi, hareket halindeyken de",Той самий словник — у дорозі,"Cùng một kho từ vựng, linh hoạt di chuyển",出行在外，词汇库依然随行
Everything you save on your computer or e-reader is already there when you open your phone.,docs/_includes/pages/mobile.html,"Всичко, което сте запазили на компютъра или на четеца, вече ви чака, щом отворите телефона.","Všechno, co jste uložili v počítači nebo ve čtečce, na vás čeká, jakmile otevřete telefon.","Alt, du har gemt på computeren eller e-bogslæseren, ligger allerede klar, når du tager telefonen frem.","Alles, was Sie auf Ihrem Computer oder E-Reader speichern, ist sofort auf Ihrem Smartphone verfügbar.",Όλα όσα αποθηκεύετε στον υπολογιστή ή το e-reader σας είναι ήδη εκεί όταν ανοίγετε το τηλέφωνό σας.,Todo lo que guardas en tu ordenador o e-reader ya está ahí cuando abres la aplicación en tu teléfono.,"Kaikki, minkä olet tallentanut tietokoneella tai lukulaitteella, odottaa jo, kun avaat puhelimen.",Tout ce que vous enregistrez sur votre ordinateur ou liseuse est déjà disponible sur votre téléphone.,अपने कंप्यूटर या ई-रीडर पर सहेजी गई हर चीज़ फ़ोन खोलते ही मौजूद मिलती है।,Sve što ste spremili na računalu ili e-čitaču već vas čeka čim otvorite mobitel.,"Minden, amit a számítógépeden vagy az olvasódon mentettél, már ott vár, amint előveszed a telefonod.",Semua yang Anda simpan di komputer atau e-reader sudah ada saat Anda membuka ponsel.,Tutto ciò che salvi sul computer o sull'e-reader è già presente quando apri lo smartphone.,パソコンや電子書籍リーダーで保存した内容は、スマホを開いたときにはすでに準備されています。,컴퓨터나 전자책 리더에서 저장한 모든 단어가 휴대폰을 열면 이미 준비되어 있습니다.,Semua yang anda simpan pada komputer atau pembaca e-buku sudah pun ada di situ sebaik sahaja anda membuka telefon.,"Alt du har lagret på datamaskinen eller e-bokleseren, ligger allerede klart når du tar opp telefonen.","Alles wat je op je computer of e-reader opslaat, staat direct voor je klaar zodra je je telefoon opent.","Vszystko, co zapiszesz na komputerze lub czytniku, jest już dostępne, gdy otworzysz telefon.",Tudo o que guardou no computador ou no leitor já lá está assim que pega no telemóvel.,Tudo o que você salvou no computador ou no leitor de e-books já está ali quando você pega o celular.,Tot ce ai salvat pe computer sau pe e-reader te așteaptă deja când deschizi telefonul.,"Всё, что вы сохранили на компьютере или ридере, мгновенно доступно на вашем телефоне.","Všetko, čo ste uložili v počítači alebo v čítačke, na vás čaká, len čo otvoríte telefón.",Све што сте сачували на рачунару или е-читачу већ вас чека чим отворите телефон.,Allt du sparar på din dator eller e-läsare finns redan där när du öppnar telefonen.,ทุกอย่างที่คุณบันทึกบนคอมพิวเตอร์หรือเครื่องอ่านอีบุ๊ก รออยู่แล้วตั้งแต่คุณเปิดมือถือ,"Bilgisayarınızda veya e-okuyucunuzda kaydettiğiniz her şey, telefonunuzu açtığınızda zaten oradadır.","Усе, що ви зберегли на комп’ютері чи е-читачі, уже там, щойно ви відкриєте смартфон.",Mọi từ bạn lưu trên máy tính hoặc máy đọc sách đều sẵn sàng khi bạn mở điện thoại.,无论在电脑还是电子书阅读器上保存的内容，在手机上打开应用时均已就绪。
Your whole library,docs/_includes/pages/mobile.html,Цялата ви библиотека,Celá vaše knihovna,Hele dit bibliotek,Ihre gesamte Bibliothek,Ολόκληρη η βιβλιοθήκη σας,Toda tu biblioteca,Koko kirjastosi,Toute votre bibliothèque,आपकी पूरी लाइब्रेरी,Cijela vaša knjižnica,A teljes gyűjteményed,Seluruh perpustakaan Anda,La tua intera libreria,ライブラリ全体,전체 단어 라이브러리,Seluruh pustaka anda,Hele biblioteket ditt,Je gehele bibliotheek,Cała Twoja biblioteka,A sua biblioteca inteira,Sua biblioteca inteira,Toată biblioteca ta,Вся ваша библиотека,Celá vaša knižnica,Цела ваша библиотека,Hela ditt bibliotek,คลังทั้งหมดของคุณ,Tüm kütüphaneniz,Уся ваша бібліотека,Toàn bộ thư viện của bạn,您的完整词汇库
"Organised by language and by status, with favourites, instant search across words and definitions, and bulk import from Excel. Works offline.",docs/_includes/pages/mobile.html,"Подредена по език и по статус, с любими, мигновено търсене из думи и тълкувания и групово внасяне от Excel. Работи и офлайн.","Uspořádaná podle jazyka a stavu, s oblíbenými, okamžitým hledáním ve slovech i definicích a hromadným importem z Excelu. Funguje i offline.","Ordnet efter sprog og status, med favoritter, øjeblikkelig søgning på tværs af ord og forklaringer og masseimport fra Excel. Virker også offline.","Organisiert nach Sprache und Status, mit Favoriten, Sofortsuche über Wörter und Definitionen sowie Sammelimport aus Excel. Funktionier offline.","Οργανωμένη ανά γλώσσα και κατάσταση, με αγαπημένα, άμεση αναζήτηση σε λέξεις και ορισμούς, και μαζική εισαγωγή από Excel. Λειτουργεί εκτός σύνδεσης.","Organizado por idioma y estado, con favoritos, búsqueda instantánea en palabras y definiciones, e importación masiva desde Excel. Funciona sin conexión.","Järjestettynä kielen ja tilan mukaan, suosikkeineen, välittömine hakuineen sanoista ja selityksistä sekä joukkotuonteineen Excelistä. Toimii myös verkotta.","Organisé par langue et par statut, avec favoris, recherche instantanée dans les mots et définitions, et importation groupée depuis Excel. Fonctionne hors ligne.","भाषा और स्थिति के आधार पर व्यवस्थित, पसंदीदा, शब्दों और परिभाषाओं में त्वरित खोज, और एक्सेल से बल्क आयात के साथ। ऑफ़लाइन काम करता है।","Posložena po jeziku i statusu, s favoritima, trenutačnom pretragom po riječima i definicijama te skupnim uvozom iz Excela. Radi i izvan mreže.","Nyelv és állapot szerint rendezve, kedvencekkel, azonnali kereséssel a szavak és meghatározások között, és tömeges Excel-importtal. Offline is működik.","Terorganisir berdasarkan bahasa dan status, dilengkapi favorit, pencarian instan untuk kata dan definisi, serta impor masal dari Excel. Bekerja secara luring.","Organizzata per lingua e stato, con preferiti, ricerca istantanea tra parole e definizioni e importazione cumulativa da Excel. Funziona offline.",言語別・ステータス別に整理され、お気に入り、単語・定義の瞬時検索、Excel からの一括インポートに対応。オフラインんでも動作します。,"언어 및 상태별로 정리되며, 즐겨찾기, 단어/정의 실시간 검색, Excel 대량 가져오기를 지원합니다. 오프라인에서도 작동합니다.","Tersusun mengikut bahasa dan status, lengkap dengan kegemaran, carian pantas merentas perkataan dan takrifan, serta import pukal daripada Excel. Berfungsi di luar talian.","Ordnet etter språk og status, med favoritter, øyeblikkelig søk på tvers av ord og forklaringer og masseimport fra Excel. Virker også uten nett.","Georganiseerd op taal en status, met favorieten, direct zoeken in woorden en definities, en bulkimport vanuit Excel. Werkt offline.","Uporządkowane według języka i statusu, z ulubionymi, błyskawicznym wyszukiwaniem w słowach i definicjach oraz masowym importem z Excela. Działa offline.","Organizada por língua e por estado, com favoritos, pesquisa imediata em palavras e definições e importação em massa a partir do Excel. Funciona offline.","Organizada por idioma e por status, com favoritos, busca instantânea em palavras e definições e importação em massa do Excel. Funciona offline.","Organizată pe limbi și pe stări, cu favorite, căutare instantanee prin cuvinte și definiții și import în masă din Excel. Merge și offline.","Структурировано по языкам и статусам, с избранным, мгновенным поиском по словам и определениям, а также массовым импортом из Excel. Работает оффлайн.","Usporiadaná podľa jazyka a stavu, s obľúbenými, okamžitým hľadaním v slovách aj definíciách a hromadným importom z Excelu. Funguje aj offline.","Сложена по језику и статусу, са омиљеним ставкама, тренутном претрагом кроз речи и дефиниције и групним увозом из Excel-а. Ради и ван мреже.","Organiserat efter språk och status, med favoriter, omedelbar sökning i ord och definitioner, samt massimport från Excel. Fungerar offline.",จัดเรียงตามภาษาและสถานะ พร้อมรายการโปรด ค้นหาได้ทันทีทั้งคำและคำนิยาม และนำเข้าทีละมาก ๆ จาก Excel ใช้งานแบบออฟไลน์ได้,"Favoryeler, kelimeler ve tanımlar arasında anında arama ve Excel'den toplu içe aktarma ile dil ve duruma göre düzenlenmiştir. Çevrimdışı çalışır.","Упорядкована за мовою та статусом, з обраним, миттєвим пошуком по словах і визначеннях та імпортом з Excel. Працює офлайн.","Sắp xếp theo ngôn ngữ và trạng thái, hỗ trợ từ yêu thích, tìm kiếm tức thì và nhập dữ liệu hàng loạt từ Excel. Hoạt động ngoại tuyến.",按语言与学习状态分类呈现，支持收藏、生词与释义即时搜索，以及 Excel 批量导入。完全支持离线使用。
Practise anywhere,docs/_includes/pages/mobile.html,Упражнявайте се навсякъде,Procvičujte kdekoli,Træn hvor som helst,Überall üben,Εξασκηθείτε παντού,Practica en cualquier lugar,Harjoittele missä vain,S'entraîner n'importe où,कहीं भी अभ्यास करें,Vježbajte bilo gdje,Gyakorolj bárhol,Berlatih di mana saja,Esercitati ovunque,どこでも練習,언제 어디서나 연습,Berlatih di mana-mana,Øv hvor som helst,Oefen overal,Ćwicz w dowolnym miejscu,Pratique onde quiser,Pratique em qualquer lugar,Exersează oriunde,Практикуйтесь где угодно,Precvičujte kdekoľvek,Вежбајте било где,Öva var som helst,ฝึกได้ทุกที่,Her yerde pratik yapın,Практика будь-де,Luyện tập mọi lúc mọi nơi,随时随地轻松练习
"Spaced repetition brings each word back just before you would forget it. Swipe to grade, and the ones you found hard come round again.",docs/_includes/pages/mobile.html,"Интервалното повторение връща всяка дума точно преди да сте я забравили. Плъзнете, за да оцените, а трудните се появяват отново.","Opakování s odstupem vrátí každé slovo přesně chvíli předtím, než byste ho zapomněli. Přejetím ohodnotíte a ta, která vám dělala potíže, se vrátí znovu.","Intervalgentagelse henter hvert ord tilbage lige før du ville have glemt det. Du swiper for at bedømme, og dem du syntes var svære, kommer forbi igen.",Spaced Repetition bringt jedes Wort kurz vor dem Vergessen zurück. Wischen Sie zum Bewerten – schwierige Wörter kommen automatisch wieder.,"Η επανάληψη με διαστήματα επαναφέρει κάθε λέξη λίγο πριν την ξεχάσετε. Σύρετε για να βαθμολογήσετε, και όσες σας δυσκόλεψαν επιστρέφουν ξανά.",La repetición espaciada te muestra cada palabra justo antes de olvidarla. Desliza para calificar y las palabras difíciles volverán a aparecer.,"Välistetty kertaus palauttaa jokaisen sanan juuri ennen kuin unohtaisit sen. Pyyhkäisemällä arvioit, ja hankaliksi kokemasi tulevat uudelleen vastaan.","La répétition espacée ramène chaque mot juste avant que vous ne l'oubliiez. Balayez pour évaluer, et les mots difficiles repasseront.","अंतराल दोहराव प्रत्येक शब्द को आपके भूलने से ठीक पहले वापस लाता है। ग्रेड देने के लिए स्वाइپ करें, और जो कठिन लगे वे फिर से सामने आएंगे।","Ponavljanje s razmacima vraća svaku riječ taman prije nego što biste je zaboravili. Povlačenjem ocjenjujete, a one koje su vam bile teške vraćaju se ponovno.","A szakaszos ismétlés minden szót épp azelőtt hoz vissza, hogy elfelejtenéd. Húzással osztályozod, a nehezebbek pedig újra sorra kerülnek.","Pengulangan berkala membawa kembali setiap kata tepat sebelum Anda melupakannya. Usap untuk menilai, dan kata yang sulit akan muncul kembali.","La ripetizione dilazionata ti ripropone ogni parola poco prima che tu la dimentichi. Scorri per valutare, e le parole più difficili ti verranno riproposte.",忘れる直前のタイミングで単語を再提示する分散学習。スワイプで評価し、難しいと感じた単語は再び出題されます。,간격 반복 알고리즘이 잊기 직전에 단어를 다시 보여줍니다. 스와이프하여 평가하면 어려운 단어는 다시 반복 학습됩니다.,"Ulangan berjarak membawa setiap perkataan kembali betul-betul sebelum anda melupakannya. Leret untuk menggred, dan yang anda rasa sukar akan datang semula.","Intervallrepetisjon henter hvert ord tilbake like før du ville glemt det. Du sveiper for å vurdere, og de du syntes var vanskelige, dukker opp igjen.","Gespreide herhaling brengt elk woord terug vlak voordat je het vergeten zou zijn. Veeg om te beoordelen, en de woorden die je moeilijk vond komen automatisch opnieuw voorbij.","Powtórki odstępowe przypominają każde słowo tuż przed tym, jak je zapomnisz. Przesuń, aby ocenić, a trudniejsze słowa pojawią się ponownie.",A repetição espaçada traz cada palavra de volta mesmo antes de a esquecer. Desliza para classificar e as que lhe custaram voltam a aparecer.,"A repetição espaçada traz cada palavra de volta pouco antes de você esquecê-la. Deslize para dar a nota, e as que pareceram difíceis voltam de novo.","Repetiția la intervale aduce fiecare cuvânt înapoi exact înainte să-l uiți. Glisezi ca să notezi, iar cele care ți s-au părut grele revin.","Интервальные повторения показывают слова прямо перед тем, как вы их забудете. Смахивайте для оценки, и сложные слова будут появляться снова.","Opakovanie s odstupom vráti každé slovo presne chvíľu predtým, než by ste ho zabudli. Potiahnutím ohodnotíte a tie, ktoré vám robili problém, sa vrátia znova.","Понављање у размацима враћа сваку реч таман пре него што бисте је заборавили. Превлачењем оцењујете, а оне које су вам биле тешке враћају се поново.","Spaced repetition återför varje ord precis innan du skulle glömma det. Svep för att betygssätta, och de ord du tyckte var svåra kommer tillbaka igen.",การทบทวนแบบเว้นระยะจะดึงแต่ละคำกลับมาพอดีก่อนที่คุณจะลืม ปัดเพื่อให้คะแนน แล้วคำที่คุณรู้สึกว่ายากจะวนกลับมาอีกครั้ง,"Aralıklı tekrar, her kelimeyi tam unutmak üzere olduğunuzda geri getirir. Derecelendirmek için kaydırın, zorlandığınız kelimeler tekrar karşınıza çıksın.","Інтервальні повторення повертають слово саме перед тим, як ви його забули б. Оцінюйте свайпом — складні картки повторяться ще раз.","Phương pháp lặp lại ngắt quãng nhắc lại từ đúng lúc trước khi bạn quên. Vuốt để đánh giá, và những từ bạn thấy khó sẽ quay lại lần nữa.",间隔复习算法在临近遗忘点为您推送生词。划动快速评分，比较难记的单词会自动安排再次复习。
"Multiple choice or type the answer, on whichever deck you pick, asked in either direction — term to translation or back.",docs/_includes/pages/mobile.html,Избор от няколко отговора или писане на ръка — върху което тесте пожелаете и в двете посоки: от думата към превода или обратно.,Výběr z možností nebo psaní odpovědi — na libovolném balíčku a v obou směrech: od slova k překladu i zpět.,"Vælg mellem svarmuligheder eller skriv svaret — på lige den bunke du vil, og i begge retninger: fra ord til oversættelse eller omvendt.","Multiple-Choice oder Antwort eintippen, in jedem beliebigen Deck, in beide Richtungen – Begriff zu Übersetzung oder umgekehrt.","Πολλαπλής επιλογής ή πληκτρολόγηση απάντησης, σε όποιο σετ καρτών επιλέξετε, προς οποιαδήποτε κατεύθυνση.","Opción múltiple o escribe la respuesta en cualquier mazo que elijas, en ambas direcciones: de término a traducción o viceversa.",Monivalinta tai vastauksen kirjoittaminen — millä tahansa valitsemallasi pakalla ja kumpaan suuntaan tahansa: sanasta käännökseen tai toisin päin.,"Choix multiple ou saisie de la réponse, sur le paquet de votre choix, dans les deux sens — du terme vers la traduction ou inversement.","बहुविकल्पी या उत्तर टाइप करें, अपनी चुनी हुई किसी भी डेक पर, दोनों दिशाओं में — शब्द से अनुवाद या विपरीत।",Višestruki izbor ili upisivanje odgovora — na kojem god špilu želite i u oba smjera: od riječi prema prijevodu ili obrnuto.,Feleletválasztás vagy beírás — bármelyik pakliból és mindkét irányban: szótól a fordításig vagy vissza.,"Pilihan ganda atau ketik jawaban, di dek mana pun yang Anda pilih, ditanyakan dalam dua arah — istilah ke terjemahan atau sebaliknya.","Scelta multipla o digita la risposta, su qualsiasi mazzo tu scelga, in entrambe le direzioni — dal termine alla traduzione o viceversa.",選んだデッキで、選択式または記述式で解答。単語から翻訳、またはその逆方向の出題に対応しています。,선택한 덱에서 단어→번역 또는 번역→단어 양방향으로 객관식 또는 주관식 답안 입력 학습을 진행하세요.,"Aneka pilihan atau taip jawapan — pada set kad mana sahaja yang anda pilih, dan dalam kedua-dua arah: daripada perkataan kepada terjemahan atau sebaliknya.","Velg blant svaralternativer eller skriv svaret — på akkurat den bunken du vil, og i begge retninger: fra ord til oversettelse eller omvendt.","Meederkeuze of typ het antwoord, in welke leerset je ook kiest, in beide richtingen — van term naar vertaling of andersom.","Wybór z wielu opcji lub wpisywanie odpowiedzi, na dowolnie wybranej talii, w obu kierunkach — od hasła do tłumaczenia i z powrotem.",Escolha múltipla ou resposta escrita — no baralho que quiser e nos dois sentidos: da palavra para a tradução ou ao contrário.,Múltipla escolha ou resposta digitada — no baralho que você escolher e nos dois sentidos: da palavra para a tradução ou o contrário.,Alegere multiplă sau răspuns scris — pe orice pachet vrei și în ambele sensuri: de la cuvânt la traducere sau invers.,Выбирайте варианты ответов или вводите текст в любой колоде в обоих направлениях — от термина к переводу и наоборот.,Výber z možností alebo písanie odpovede — na ľubovoľnom balíčku a v oboch smeroch: od slova k prekladu aj naopak.,Вишеструки избор или уписивање одговора — на ком год шпилу желите и у оба смера: од речи ка преводу или обрнуто.,"Flervalsfrågor eller skriv svaret, på vilken kortlek du vill, i vilken riktning som helst — uppslagsord till översättning eller tvärtom.",เลือกตอบจากตัวเลือกหรือพิมพ์คำตอบเองก็ได้ ใช้ได้กับชุดการ์ดไหนก็ตามที่คุณเลือก และถามได้ทั้งสองทาง: จากคำไปหาคำแปล หรือย้อนกลับ,"Seçtiğiniz herhangi bir destede, terimden çeviriye veya tersi yönde sorulan çoktan seçmeli veya cevabı yazmalı alıştırmalar yapın.",Вибір правильної відповіді або її написання — на будь-якій колоді та в довільному напрямку: від вибору правильного слова для перекладу чи навпаки.,"Trắc nghiệm hoặc gõ đáp án, trên bất kỳ bộ thẻ nào bạn chọn, hỏi theo cả hai chiều — từ sang bản dịch hoặc ngược lại.",在您选择的任何词卡组中，可采用多项选择或拼写输入，支持双向问答——由生词到翻译，或反向测试。
"Play your words aloud with background playback and lock-screen controls. Read-aloud runs on the device, so it needs no connection.",docs/_includes/pages/mobile.html,"Слушайте думите си на глас, с възпроизвеждане на заден план и бутони върху заключения екран. Четенето на глас работи на самото устройство и не иска интернет.","Nechte si slova přehrát nahlas, s přehráváním na pozadí a ovládáním na zamykací obrazovce. Předčítání běží přímo v zařízení, takže se bez připojení obejde.","Få dine ord læst højt, med afspilning i baggrunden og knapper på låseskærmen. Oplæsningen kører på selve enheden, så den klarer sig uden forbindelse.",Lassen Sie Ihre Wörter im Hintergrund und über den Sperrbildschirm vorlesen. Die Sprachausgabe läuft direkt auf dem Gerät ohne Internetverbindung.,"Ακούστε τις λέξεις σας δυνατά, με αναπαραγωγή στο παρασκήνιο και χειριστήρια στην οθόνη κλειδώματος. Η εκφώνηση τρέχει στη συσκευή, οπότε δεν χρειάζεται σύνδεση.",Escucha tus palabras en voz alta con reproducción en segundo plano y controles en la pantalla de bloqueo. Funciona localmente en el dispositivo sin necesidad de conexión.,"Kuuntele sanasi ääneen luettuina, taustatoistolla ja lukitusnäytön säätimillä. Ääneen luku toimii itse laitteella, joten yhteyttä ei tarvita.",Écoutez vos mots à voix haute avec lecture en arrière-plan et commandes sur l'écran de verrouillage. Fonctionne en local sans connexion.,"बैकग्राउंड प्लेबैक और लॉक-स्क्रीन नियंत्रण के साथ अपने शब्दों को जोर से चलाएं। रीड-अلاउُड डिवाइस पर चलता है, इसलिए इसे कनेक्शन की आवश्यकता नहीं होती है।","Neka vam se riječi izgovore naglas, uz reprodukciju u pozadini i upravljanje sa zaključanog zaslona. Čitanje naglas radi na samom uređaju, pa mu veza nije potrebna.","Hallgasd a szavaidat felolvasva, háttérben futó lejátszással és zárképernyős vezérléssel. A felolvasás magán az eszközön fut, így nem kell hozzá internet.","Putar kata-kata Anda secara bersuara dengan pemutaran latar belakang dan kontrol layar kunci. Pembacaan suara berjalan di perangkat, sehingga tidak memerlukan koneksi.","Ascolta la pronuncia delle parole con riproduzione in background e controlli dalla schermata di blocco. La lettura ad alta voce funziona direttamente sul dispositivo, senza bisogno di connessione.",バックグラウンド再生やロック画面操作を使って、単語を音声で再生。読み上げはデバイス上で処理されるため、ネット接続は不要です。,백그라운드 재생 및 잠금화면 제어로 단어를 음성으로 들어보세요. 음성 읽기는 기기 내부에서 실행되므로 인터넷 연결이 필요 없습니다.,"Dengar perkataan anda dibaca kuat, dengan main balik di latar dan kawalan pada skrin kunci. Bacaan kuat berjalan pada peranti itu sendiri, jadi ia tidak memerlukan sambungan.","Få ordene dine lest opp, med avspilling i bakgrunnen og knapper på låseskjermen. Opplesingen kjører på selve enheten, så den klarer seg uten nett.","Speel je woorden hardop af met achtergrondafspelen en bediening op het vergrendelscherm. Voorlezen werkt lokaal op het apparaat, dus er is geen internetverbinding nodig.","Odtwarzaj wymowę słów na głos w tle ze sterowaniem z ekranu blokady. Lektor działa bezpośrednio na urządzeniu, więc nie wymaga połączenia z internetem.","Ouça as suas palavras lidas em voz alta, com reprodução em segundo plano e controlos no ecrã bloqueado. A leitura corre no próprio dispositivo, por isso dispensa ligação.","Escute suas palavras lidas em voz alta, com reprodução em segundo plano e controles na tela de bloqueio. A leitura roda no próprio aparelho, então dispensa conexão.","Ascultă-ți cuvintele citite cu voce tare, cu redare în fundal și comenzi pe ecranul blocat. Citirea rulează chiar pe dispozitiv, așa că nu are nevoie de conexiune.",Слушайте слова в фоновом режиме с управлением на экране блокировки. Озвучка работает локально и не требует подключения к интернету.,"Nechajte si slová prehrať nahlas, s prehrávaním na pozadí a ovládaním na uzamknutej obrazovke. Čítanie nahlas beží priamo v zariadení, takže sa zaobíde bez pripojenia.","Нека вам се речи изговоре наглас, уз репродукцију у позадини и управљање са закључаног екрана. Читање наглас ради на самом уређају, па му веза није потребна.",Spela upp dina ord högt med bakgrundsuppspelning och låsskärmskontroller. Uppläsningen körs lokalt på enheten och kräver ingen anslutning.,ให้แอปอ่านคำของคุณออกเสียง พร้อมเล่นเบื้องหลังและปุ่มควบคุมบนหน้าจอล็อก เสียงอ่านทำงานบนตัวเครื่อง จึงไม่ต้องต่ออินเทอร์เน็ต,"Arka planda oynatma ve kilit ekranı kontrolleri ile kelimelerinizi sesli oynatın. Sesli okuma cihaz üzerinde çalışır, bu nedenle bağlantı gerektirmez.","Прослуховуйте свої слова — із фоновим відтворенням і керуванням на екрані блокування. Озвучення працює на пристрої, без інтернету.",Phát âm từ vựng chạy nền và điều khiển trên màn hình khóa. Phát âm hoạt động ngay trên thiết bị mà không cần kết nối mạng.,支持后台播放与锁屏控制语音朗读。朗读引擎在本地设备上运行，无需连接网络。
Get Lingueez on your phone,docs/_includes/pages/mobile.html,Свалете Lingueez на телефона си,Stáhněte si Lingueez do telefonu,Hent Lingueez på din telefon,Lingueez auf das Smartphone holen,Αποκτήστε το Lingueez στο τηλέφωνό σας,Obtén Lingueez en tu teléfono,Hanki Lingueez puhelimeesi,Obtenir Lingueez sur votre téléphone,अपने फ़ोन पर Lingueez प्राप्त करें,Nabavite Lingueez na svoj mobitel,Töltsd le a Lingueezt a telefonodra,Dapatkan Lingueez di ponsel Anda,Scarica Lingueez sul tuo smartphone,スマホに Lingueez を入手,휴대폰에서 Lingueez 시작하기,Dapatkan Lingueez pada telefon anda,Få Lingueez på telefonen,Download Lingueez op je telefoon,Pobierz Lingueez na telefon,Instale o Lingueez no seu telemóvel,Instale o Lingueez no seu celular,Ia Lingueez pe telefon,Установить Lingueez на телефон,Stiahnite si Lingueez do telefónu,Набавите Lingueez на свој телефон,Hämta Lingueez till din telefon,ติดตั้ง Lingueez บนมือถือของคุณ,Lingueez'i telefonunuza indirin,Встановіть Lingueez на смартфон,Tải Lingueez cho điện thoại,在您的手机上获取 Lingueez
Lingueez on every other device,docs/_includes/pages/mobile.html,Lingueez на всяко останало устройство,Lingueez na všech ostatních zařízeních,Lingueez på alle dine andre enheder,Lingueez auf allen anderen Geräten,Το Lingueez σε κάθε άλλη συσκευή,Lingueez en cualquier otro dispositivo,Lingueez kaikilla muilla laitteilla,Lingueez sur tous vos autres appareils,हर अन्य डिवाइस पर Lingueez,Lingueez na svim ostalim uređajima,A Lingueez az összes többi eszközön,Lingueez di setiap perangkat lain,Lingueez su tutti gli altri dispositivi,その他のあらゆるデバイスでの Lingueez,다른 모든 기기용 Lingueez,Lingueez pada setiap peranti anda yang lain,Lingueez på alle de andre enhetene dine,Lingueez op al je andere apparaten,Lingueez na wszystkich innych urządzeniach,O Lingueez em todos os outros dispositivos,O Lingueez em todos os outros dispositivos,Lingueez pe toate celelalte dispozitive,Lingueez на всех других устройствах,Lingueez na všetkých ostatných zariadeniach,Lingueez на свим осталим уређајима,Lingueez på alla andra enheter,Lingueez บนอุปกรณ์อื่น ๆ ทั้งหมด,Diğer tüm cihazlarda Lingueez,Lingueez на всіх інших пристроях,Lingueez trên các thiết bị khác,在其他所有设备上的 Lingueez
Use Lingueez right in your browser,docs/_includes/signin-dialog.html,Ползвайте Lingueez направо в браузъра,Používejte Lingueez rovnou v prohlížeči,Brug Lingueez direkte i browseren,Lingueez direkt im Browser nutzen,Χρησιμοποιήστε το Lingueez απευθείας στο πρόγραμμα περιήγησής σας,Usa Lingueez directamente en tu navegador,Käytä Lingueezia suoraan selaimessa,Utilisez Lingueez directement dans votre navigateur,सीधे अपने ब्राउज़र में Lingueez का उपयोग करें,Koristite Lingueez ravno u pregledniku,Használd a Lingueezt egyenesen a böngésződben,Gunakan Lingueez langsung di peramban Anda,Usa Lingueez direttamente nel tuo browser,ブラウザで Lingueez をそのまま使う,브라우저에서 바로 Lingueez 사용하기,Guna Lingueez terus dalam pelayar anda,Bruk Lingueez rett i nettleseren,Gebruik Lingueez direct in je browser,Używaj Lingueez bezpośrednio w przeglądarce,Use o Lingueez diretamente no navegador,Use o Lingueez direto no navegador,Folosește Lingueez direct în browser,Используйте Lingueez прямо в браузере,Používajte Lingueez rovno v prehliadači,Користите Lingueez право у прегледачу,Använd Lingueez direkt i din webbläsare,ใช้ Lingueez ได้เลยในเบราว์เซอร์,Lingueez'i doğrudan tarayıcınızda kullanın,Користуйтеся Lingueez прямо у браузері,Sử dụng Lingueez ngay trên trình duyệt,在浏览器中直接使用 Lingueez
"Sign in to open your vocabulary on the web — the same account as on your other devices, so everything stays in sync.",docs/_includes/signin-dialog.html,"Влезте, за да отворите речника си в уеб — същият акаунт като на другите ви устройства, така че всичко остава синхронизирано.","Přihlaste se a otevřete si slovní zásobu na webu — stejný účet jako na ostatních zařízeních, takže vše zůstává synchronizované.","Log ind for at åbne dit ordforråd på nettet — samme konto som på dine andre enheder, så alt holdes synkroniseret.","Melden Sie sich an, um Ihr Vokabular im Web zu öffnen – dasselbe Konto wie auf Ihren anderen Geräten für vollständige Synchronisation.",Συνδεθείτε για να ανοίξετε το λεξιλόγιό σας στο web — ο ίδιος λογαριασμός με τις άλλες συσκευές σας.,"Inicia sesión para abrir tu vocabulario en la web: la misma cuenta que en tus otros dispositivos, para que todo se mantenga sincronizado.","Kirjaudu sisään avataksesi sanastosi verkossa — sama tili kuin muilla laitteillasi, joten kaikki pysyy synkassa.",Connectez-vous pour ouvrir votre vocabulaire sur le web — le même compte que sur vos autres appareils pour une synchronisation parfaite.,"वेब पर अपनी शब्दावली खोलने के लिए साइन इन करें — अपने अन्य डिवाइस जैसा ही खाता, ताकि सब कुछ सिंक रहे।","Prijavite se da otvorite svoj vokabular na webu — isti račun kao na ostalim uređajima, pa sve ostaje sinkronizirano.","Jelentkezz be, hogy megnyisd a szókincsed a weben — ugyanaz a fiók, mint a többi eszközödön, így minden szinkronban marad.","Masuk untuk membuka kosakata Anda di web — akun yang sama seperti pada perangkat Anda yang lain, sehingga semuanya tetap tersinkronisasi.","Accedi per aprire il tuo vocabolario sul web — stesso account degli altri dispositivi, per mantenere tutto sincronizzato.",ログインして Web 上で語彙を開きます。他デバイスと同じアカウントを使うため、すべてが同期されます。,로그인하여 웹에서 어휘장을 열어보세요 — 다른 기기와 동일한 계정을 사용하여 모든 데이터가 동기화됩니다.,"Log masuk untuk membuka kosa kata anda di web — akaun yang sama seperti pada peranti anda yang lain, jadi semuanya kekal segerak.","Logg inn for å åpne ordforrådet ditt på nettet — samme konto som på de andre enhetene dine, så alt holdes synkronisert.","Log in om je woordenschat op het web te openen — hetzelfde account als op je andere apparaten, zodat alles gesynchroniseerd blijft.","Zaloguj się, aby otworzyć swoje słownictwo w przeglądarce — to samo konto co na innych urządzeniach, dzięki czemu wszystko jest zsynchronizowane.","Inicie sessão para abrir o seu vocabulário na web — a mesma conta dos seus outros dispositivos, para que fique tudo sincronizado.","Entre para abrir seu vocabulário na web — a mesma conta dos seus outros dispositivos, para tudo ficar sincronizado.","Autentifică-te ca să-ți deschizi vocabularul pe web — același cont ca pe celelalte dispozitive, așa că totul rămâne sincronizat.","Войдите, чтобы открыть ваш словарь в браузере — единый аккаунт синхронизирует всё на всех устройствах.","Prihláste sa a otvorte si slovnú zásobu na webe — rovnaký účet ako na ostatných zariadeniach, takže všetko zostáva synchronizované.","Пријавите се да отворите свој речник на вебу — исти налог као на осталим уређајима, па све остаје синхронизовано.","Logga in för att öppna ditt ordförråd på webben — samma konto som på dina andra enheter, så att allt hålls i synk.",เข้าสู่ระบบเพื่อเปิดคลังคำศัพท์ของคุณบนเว็บ — บัญชีเดียวกับอุปกรณ์อื่นของคุณ ทุกอย่างจึงซิงก์ตรงกัน,"Web'de kelime bilginizi açmak için giriş yapın — diğer cihazlarınızla aynı hesap, böylece her şey senkronize kalır.","Увійдіть, щоб відкрити свій словник у вебі — той самий акаунт, що й на інших пристроях, тож усе залишається синхронізованим.",Đăng nhập để mở vốn từ của bạn trên web — cùng một tài khoản giúp mọi thứ luôn đồng bộ.,登录即可在网页端查看您的词汇库——使用与其他设备相同的账号，让所有数据时刻保持同步。
Email,docs/_includes/signin-dialog.html,Имейл,E-mail,E-mail,E-Mail,Email,Correo electrónico,Sähköposti,E-mail,ईमेल,E-pošta,E-mail,Email,E-mail,メールアドレス,이메일,E-mel,E-post,E-mail,E-mail,E-mail,E-mail,E-mail,Эл. почта,E-mail,Е-пошта,E-post,อีเมล,E-posta,Ел. пошта,Email,电子邮件
Password,docs/_includes/signin-dialog.html,Парола,Heslo,Adgangskode,Passwort,Κωδικός πρόσβασης,Contraseña,Salasana,Mot de passe,पासवर्ड,Lozinka,Jelszó,Kata Sandi,Password,パスワード,비밀번호,Kata laluan,Passord,Wachtwoord,Hasło,Palavra-passe,Senha,Parolă,Пароль,Heslo,Лозинка,Lösenord,รหัสผ่าน,Şifre,Пароль,Mật khẩu,密码
Forgot?,docs/_includes/signin-dialog.html,Забравена?,Zapomněli jste?,Glemt?,Vergessen?,Ξεχάσατε τον κωδικό;,¿La has olvidado?,Unohtuiko?,Oublié ?,भूल गए?,Zaboravili ste?,Elfelejtetted?,Lupa?,Dimenticata?,パスワードをお忘れですか？,비밀번호를 잊으셨나요?,Terlupa?,Glemt?,Wachtwoord vergeten?,Nie pamiętasz?,Esqueceu-se?,Esqueceu?,Ai uitat-o?,Забыли?,Zabudli ste?,Заборавили сте?,Glömt?,ลืมรหัสผ่าน?,Unuttunuz mu?,Забули?,Quên mật khẩu?,忘记密码？
Open my vocabulary →,docs/_includes/signin-dialog.html,Отвори речника ми →,Otevřít moji slovní zásobu →,Åbn mit ordforråd →,Mein Vokabular öffnen →,Άνοιγμα του λεξιλογίου μου →,Abrir mi vocabulario →,Avaa sanastoni →,Ouvrir mon vocabulaire →,मेरी शब्दावली खोलें →,Otvori moj vokabular →,Szókincsem megnyitása →,Buka kosakata saya →,Apri il mio vocabolario →,マイ語彙を開く →,내 어휘장 열기 →,Buka kosa kata saya →,Åpne ordforrådet mitt →,Open mijn woordenschat →,Otwórz moje słownictwo →,Abrir o meu vocabulário →,Abrir meu vocabulário →,Deschide-mi vocabularul →,Открыть мой словарь →,Otvoriť moju slovnú zásobu →,Отвори мој речник →,Öppna mitt ordförråd →,เปิดคลังคำศัพท์ของฉัน →,Kelime bilgimi aç →,Відкрити мій словник →,Mở vốn từ của tôi →,打开我的词汇库 →
or,docs/_includes/signin-dialog.html,или,nebo,eller,oder,ή,o,tai,ou,या,ili,vagy,atau,oppure,または,또는,atau,eller,of,lub,ou,ou,sau,или,alebo,или,eller,หรือ,veya,або,hoặc,或
Continue with Google,docs/_includes/signin-dialog.html,Продължете с Google,Pokračovat přes Google,Fortsæt med Google,Mit Google fortfahren,Συνέχεια με Google,Continuar con Google,Jatka Google-tilillä,Continuer avec Google,Google के साथ जारी रखें,Nastavi s Googleom,Folytatás Google-fiókkal,Lanjutkan dengan Google,Continua con Google,Google で続行,Google 계정으로 계속하기,Teruskan dengan Google,Fortsett med Google,Doorgaan met Google,Kontynuuj z Google,Continuar com a Google,Continuar com o Google,Continuă cu Google,Продолжить с Google,Pokračovať cez Google,Настави преко Google-а,Fortsätt med Google,ดำเนินการต่อด้วย Google,Google ile devam et,Увійти через Google,Tiếp tục với Google,使用 Google 账号继续
New here?,docs/_includes/signin-dialog.html,За пръв път тук?,Jste tu poprvé?,Er du ny her?,Neu hier?,Νέος χρήστης;,¿Eres nuevo aquí?,Ensimmäistä kertaa täällä?,Nouveau ici ?,यहाँ नए हैं?,Prvi put ste ovdje?,Most jársz itt először?,Baru di sini?,Nuovo utente?,初めてですか？,처음이신가요?,Baru di sini?,Er du ny her?,Nieuw hier?,Jesteś tu nowy?,É a primeira vez por aqui?,É sua primeira vez aqui?,Ești nou pe aici?,Впервые здесь?,Ste tu prvýkrát?,Први пут сте овде?,Ny här?,เพิ่งเข้ามาใหม่?,Burada yeni misiniz?,Уперше тут?,Bạn là người mới?,第一次来这里？
Create your account →,docs/_includes/signin-dialog.html,Направете си акаунт →,Založit účet →,Opret din konto →,Konto erstellen →,Δημιουργήστε λογαριασμό →,Crea tu cuenta →,Luo tili →,Créer votre compte →,अपना खाता बनाएं →,Otvorite račun →,Fiók létrehozása →,Buat akun Anda →,Crea il tuo account →,アカウントを作成 →,계정 생성하기 →,Buka akaun anda →,Opprett kontoen din →,Maak je account aan →,Utwórz konto →,Criar a sua conta →,Criar sua conta →,Creează-ți contul →,Создать аккаунт →,Založiť účet →,Отворите налог →,Skapa ditt konto →,สมัครบัญชีของคุณ →,Hesabınızı oluşturun →,Створіть акаунт →,Tạo tài khoản ngay →,创建您的账号 →
One account for all your devices.,docs/_includes/signin-dialog.html,Един акаунт за всичките ви устройства.,Jeden účet pro všechna vaše zařízení.,Én konto til alle dine enheder.,Ein Konto für alle Ihre Geräte.,Ένας λογαριασμός για όλες τις συσκευές σας.,Una sola cuenta para todos tus dispositivos.,Yksi tili kaikille laitteillesi.,Un seul compte pour tous vos appareils.,आपके सभी डिवाइसों के लिए एक खाता।,Jedan račun za sve vaše uređaje.,Egyetlen fiók az összes eszközödhöz.,Satu akun untuk semua perangkat Anda.,Un unico account per tutti i tuoi dispositivi.,1 つのアカウントですべてのデバイスに対応。,하나의 계정으로 모든 기기 연결.,Satu akaun untuk semua peranti anda.,Én konto for alle enhetene dine.,Één account voor al je apparaten.,Jedno konto dla wszystkich Twoich urządzeń.,Uma só conta para todos os seus dispositivos.,Uma conta só para todos os seus dispositivos.,Un singur cont pentru toate dispozitivele tale.,Один аккаунт для всех ваших устройств.,Jeden účet pre všetky vaše zariadenia.,Један налог за све ваше уређаје.,Ett konto för alla dina enheter.,บัญชีเดียว ใช้ได้ทุกอุปกรณ์,Tüm cihazlarınız için tek bir hesap.,Один акаунт для всіх пристроїв.,Một tài khoản duy nhất cho tất cả thiết bị.,一个账号，贯通所有设备。
Download from,docs/_includes/store-badges.html,Изтеглете от,Stáhnout z,Hent fra,Herunterladen von,Λήψη από,Descargar de,Lataa palvelusta,Télécharger sur,यहाँ से डाउनलोड करें,Preuzmite s,Letöltés innen:,Unduh dari,Scarica da,ダウンロード元,다운로드 출처,Muat turun daripada,Last ned fra,Downloaden van,Pobierz z,Transferir de,Baixar em,Descarcă de pe,Скачать из,Stiahnuť z,Преузмите са,Ladda ner från,ดาวน์โหลดจาก,Buradan indirin:,Завантажте з,Tải xuống từ,下载途径
Theme: match my system,docs/_includes/theme-toggle.html,Тема: като на системата,Motiv: podle systému,Tema: som systemet,Design: Systemstandard,Θέμα: σύμφωνο με το σύστημα,Tema: igual que el sistema,Teema: järjestelmän mukaan,Thème : identique au système,थीम: मेरे सिस्टम से मिलाएँ,Tema: kao na sustavu,Téma: mint a rendszeré,Tema: sesuaikan sistem,Tema: predefinito di sistema,テーマ: システムに合わせる,테마: 시스템 설정에 맞춤,Tema: ikut sistem,Tema: som systemet,Thema: Systeemstandaard,Motyw: zgodny z systemem,Tema: igual ao sistema,Tema: igual ao sistema,Temă: ca sistemul,Тема: системная,Motív: podľa systému,Тема: као на систему,Tema: anpassa efter systemet,ธีม: ตามระบบ,Tema: sistemle aynı,Тема: як у системі,Giao diện: Theo hệ thống,主题：跟随系统
Theme: light,docs/_includes/theme-toggle.html,Тема: светла,Motiv: světlý,Tema: lyst,Design: Hell,Θέμα: ανοιχτόχρωμο,Tema: claro,Teema: vaalea,Thème : clair,थीم: लाइट,Tema: svijetla,Téma: világos,Tema: terang,Tema: chiaro,テーマ: ライト,테마: 라이트 모드,Tema: cerah,Tema: lyst,Thema: Licht,Motyw: jasny,Tema: claro,Tema: claro,Temă: deschisă,Тема: светлая,Motív: svetlý,Тема: светла,Tema: ljust,ธีม: สว่าง,Tema: açık,Тема: світла,Giao diện: Sáng,主题：浅色
Theme: dark,docs/_includes/theme-toggle.html,Тема: тъмна,Motiv: tmavý,Tema: mørkt,Design: Dunkel,Θέμα: σκουρόχρωμο,Tema: oscuro,Teema: tumma,Thème : sombre,थीم: डार्क,Tema: tamna,Téma: sötét,Tema: gelap,Tema: scuro,テーマ: ダーク,테마: 다크 모드,Tema: gelap,Tema: mørkt,Thema: Donker,Motyw: ciemny,Tema: escuro,Tema: escuro,Temă: întunecată,Тема: темная,Motív: tmavý,Тема: тамна,Tema: mörkt,ธีม: มืด,Tema: koyu,Тема: темна,Giao diện: Tối,主题：深色
Lingueez — build a vocabulary that sticks,docs/index.html,"Lingueez — речников запас, който остава","Lingueez — slovní zásoba, která vydrží","Lingueez — et ordforråd, der bliver hængende","Lingueez — ein Vokabular aufbauen, das hängen bleibt",Lingueez — χτίστε ένα λεξιλόγιο που μένει,Lingueez — construye un vocabulario que se queda contigo,"Lingueez — sanasto, joka jää mieleen",Lingueez — développez un vocabulaire qui reste,Lingueez — ऐसी शब्दावली बनाएं जो याद रहे,Lingueez — vokabular koji ostaje,"Lingueez — szókincs, ami megmarad",Lingueez — bangun kosakata yang melekat,Lingueez — costruisci un vocabolario che resta,Lingueez — 忘れない語彙力を身につける,Lingueez — 기억에 남는 어휘를 만드세요,Lingueez — kosa kata yang melekat,Lingueez — et ordforråd som sitter,Lingueez — bouw een woordenschat op die blijft hangen,"Lingueez — buduj słownictwo, które zostaje",Lingueez — um vocabulário que fica,Lingueez — um vocabulário que fica,Lingueez — un vocabular care rămâne,"Lingueez — словарный запас, который остаётся с вами","Lingueez — slovná zásoba, ktorá vydrží",Lingueez — речник који остаје,Lingueez — bygg ett ordförråd som stannar kvar,Lingueez — คลังคำศัพท์ที่อยู่กับคุณ,Lingueez — akılda kalan bir kelime bilgisi oluşturun,"Lingueez — словниковий запас, який залишається з вами",Lingueez — xây dựng vốn từ vựng ghi nhớ lâu dài,Lingueez — 打造牢记不忘的词汇库
"A free, open-source desktop app for building, studying and remembering vocabulary across languages. Add words that translate automatically and watch each one climb from New to Mastered.",docs/index.html,"Безплатно настолно приложение с отворен код за трупане, учене и запомняне на думи на различни езици. Добавяйте думи, които се превеждат сами, и гледайте как всяка се изкачва от „Ново“ до „Овладени“.","Bezplatná aplikace pro počítač s otevřeným kódem na budování, procvičování a zapamatování slovíček v různých jazycích. Přidávejte slova, která se přeloží sama, a sledujte, jak každé stoupá od „Nové“ až po „Zvládnuto“.","En gratis desktopapp med åben kildekode til at bygge, træne og huske ordforråd på tværs af sprog. Tilføj ord, der oversætter sig selv, og se hvert enkelt bevæge sig fra „Ny“ til „Mestret“.","Eine kostenlose Open-Source-Desktop-App zum Aufbauen, Lernen und Behalten von Vokabeln in mehreren Sprachen. Fügen Sie Wörter hinzu, die automatisch übersetzt werden, und verfolgen Sie jedes von „Neu“ bis „Gemeistert“.","Μια δωρεάν εφαρμογή ανοιχτού κώδικα για υπολογιστή, για να χτίζετε, να μελετάτε και να θυμάστε λεξιλόγιο σε πολλές γλώσσες. Προσθέστε λέξεις που μεταφράζονται αυτόματα και δείτε την καθεμία να ανεβαίνει από «Νέες» σε «Κατακτημένες».","Una aplicación de escritorio gratuita y de código abierto para construir, estudiar y recordar vocabulario en varios idiomas. Añade palabras que se traducen automáticamente y observa cómo cada una avanza de «Nuevo» a «Dominado».","Ilmainen, avoimen lähdekoodin työpöytäsovellus sanaston kartuttamiseen, opiskeluun ja muistamiseen useilla kielillä. Lisää sanoja, jotka kääntyvät itsestään, ja katso kuinka kukin nousee tilasta ”Uusi” tilaan ”Hallitut”.","Une application de bureau gratuite et open source pour développer, réviser et retenir du vocabulaire dans plusieurs langues. Ajoutez des mots traduits automatiquement et suivez chacun d’eux de « Nouveau » à « Maîtrisé ».","कई भाषाओं में शब्दावली बनाने, पढ़ने और याद रखने के लिए एक मुफ़्त, ओपन-सोर्स डेस्कटॉप ऐप। ऐसे शब्द जोड़ें जो अपने आप अनुवादित हो जाएँ, और हर शब्द को “नया” से “महारत हासिल की” तक बढ़ते हुए देखें।","Besplatna aplikacija za računalo otvorenog koda za gradnju, učenje i pamćenje riječi na više jezika. Dodajte riječi koje se prevode same i gledajte kako svaka napreduje od „Novo“ do „Svladano“.","Ingyenes, nyílt forráskódú asztali alkalmazás szókincs építéséhez, tanulásához és megjegyzéséhez több nyelven. Vegyél fel szavakat, amelyek maguktól lefordulnak, és nézd, ahogy mindegyik feljut az „Új” állapotból az „Elsajátítva” szintig.","Aplikasi desktop gratis dan sumber terbuka untuk membangun, mempelajari, dan mengingat kosakata dalam berbagai bahasa. Tambahkan kata yang diterjemahkan secara otomatis dan lihat setiap kata naik dari “Baru” ke “Dikuasai”.","Un’app desktop gratuita e open source per costruire, studiare e ricordare vocaboli in più lingue. Aggiungi parole che si traducono automaticamente e guarda ognuna salire da «Nuovo» a «Padroneggiato».",複数の言語の語彙を、つくり、学び、覚えるための無料のオープンソースデスクトップアプリ。追加した単語は自動で翻訳され、「新規」から「習得済み」へと着実に進んでいきます。,"여러 언어의 어휘를 만들고 학습하고 기억하기 위한 무료 오픈 소스 데스크톱 앱입니다. 단어를 추가하면 자동으로 번역되고, 각 단어가 ‘신규’에서 ‘마스터함’까지 올라가는 과정을 지켜볼 수 있습니다.","Aplikasi desktop percuma bersumber terbuka untuk membina, mempelajari dan mengingati kosa kata merentas pelbagai bahasa. Tambah perkataan yang diterjemah dengan sendirinya dan perhatikan setiap satu mendaki daripada „Baharu“ hingga „Dikuasai“.","En gratis skrivebordsapp med åpen kildekode for å bygge, øve på og huske ordforråd på tvers av språk. Legg til ord som oversetter seg selv, og se hvert enkelt bevege seg fra «Ny» til «Mestret».","Een gratis, opensource desktop-app om woordenschat in meerdere talen op te bouwen, te oefenen en te onthouden. Voeg woorden toe die automatisch worden vertaald en zie elk woord opklimmen van ‘Nieuw’ naar ‘Beheerst’.","Bezpłatna aplikacja komputerowa o otwartym kodzie do budowania, nauki i zapamiętywania słownictwa w wielu językach. Dodawaj słowa, które tłumaczą się automatycznie, i obserwuj, jak każde awansuje z „Nowe“ do „Opanowane“.","Uma aplicação gratuita e de código aberto para computador, feita para construir, estudar e memorizar vocabulário em várias línguas. Acrescente palavras que se traduzem sozinhas e veja cada uma subir de «Novo» a «Dominado».","Um aplicativo de desktop grátis e de código aberto para construir, estudar e memorizar vocabulário em vários idiomas. Adicione palavras que se traduzem sozinhas e veja cada uma subir de “Novo” até “Dominadas”.","O aplicație de desktop gratuită, cu sursă deschisă, pentru a-ți construi, exersa și ține minte vocabularul în mai multe limbi. Adaugă cuvinte care se traduc singure și urmărește-le cum urcă de la „Nou” la „Stăpânite”.","Бесплатное приложение с открытым исходным кодом для компьютера: пополняйте, изучайте и запоминайте слова на разных языках. Добавляйте слова, которые переводятся автоматически, и следите, как каждое поднимается от «Новое» до «Освоено».","Bezplatná aplikácia pre počítač s otvoreným kódom na budovanie, precvičovanie a zapamätanie slovíčok v rôznych jazykoch. Pridávajte slová, ktoré sa preložia samy, a sledujte, ako každé stúpa od „Nové“ až po „Zvládnuté“.","Бесплатна апликација за рачунар отвореног кода за градњу, учење и памћење речи на више језика. Додајте речи које се преводе саме и гледајте како свака напредује од „Ново“ до „Савладано“.","En gratis skrivbordsapp med öppen källkod för att bygga, plugga och minnas ordförråd på flera språk. Lägg till ord som översätts automatiskt och se hur varje ord klättrar från ”Nya” till ”Bemästrade”.",แอปเดสก์ท็อปฟรีและโอเพนซอร์สสำหรับสร้าง ฝึก และจดจำคำศัพท์ข้ามภาษา เพิ่มคำที่แปลให้เองอัตโนมัติ แล้วดูแต่ละคำไต่ระดับจาก „ใหม่“ ไปจนถึง „เชี่ยวชาญแล้ว“,"Birden fazla dilde kelime bilgisi oluşturmak, çalışmak ve akılda tutmak için ücretsiz, açık kaynaklı bir masaüstü uygulaması. Otomatik çevrilen kelimeler ekleyin ve her birinin “Yeni”den “Öğrenildi”ye yükselişini izleyin.","Безкоштовний застосунок із відкритим кодом для комп’ютера: поповнюйте, вивчайте та запам’ятовуйте слова різними мовами. Додавайте слова, які перекладаються автоматично, і стежте, як кожне піднімається від «Нове» до «Засвоєно».","Ứng dụng máy tính miễn phí, mã nguồn mở để xây dựng, học và ghi nhớ từ vựng ở nhiều ngôn ngữ. Thêm những từ được dịch tự động và theo dõi từng từ đi lên từ “Mới” đến “Đã thành thạo”.",一款免费开源的桌面应用，帮你建立、学习并牢记多语种词汇。添加的单词会自动翻译，你可以看着每个词从“生词”一路升到“已精通”。
"Download Lingueez — Windows, Linux, Android, browser and e-reader",docs/download.html,"Изтеглете Lingueez — Windows, Linux, Android, браузър и електронен четец","Stáhnout Lingueez — Windows, Linux, Android, prohlížeč a čtečka","Hent Lingueez — Windows, Linux, Android, browser og e-bogslæser","Lingueez herunterladen — Windows, Linux, Android, Browser und E-Reader","Λήψη του Lingueez — Windows, Linux, Android, browser και e-reader","Descargar Lingueez — Windows, Linux, Android, navegador y e-reader","Lataa Lingueez — Windows, Linux, Android, selain ja lukulaite","Télécharger Lingueez — Windows, Linux, Android, navigateur et liseuse","Lingueez डाउनलोड करें — Windows, Linux, एंड्रॉइड, ब्राउज़र और ई-रीडर","Preuzmite Lingueez — Windows, Linux, Android, preglednik i e-čitač","Lingueez letöltése — Windows, Linux, Android, böngésző és e-könyv-olvasó","Unduh Lingueez — Windows, Linux, Android, browser, dan e-reader","Scarica Lingueez — Windows, Linux, Android, browser ed e-reader",Lingueez をダウンロード — Windows、Linux、Android、ブラウザ、電子書籍リーダー,"Lingueez 다운로드 — Windows, Linux, Android, 브라우저, 전자책 리더","Muat turun Lingueez — Windows, Linux, Android, pelayar dan pembaca e-buku","Last ned Lingueez — Windows, Linux, Android, nettleser og e-bokleser","Lingueez downloaden — Windows, Linux, Android, browser en e-reader","Pobierz Lingueez — Windows, Linux, Android, przeglądarka i e-czytnik","Transferir o Lingueez — Windows, Linux, Android, navegador e leitor de livros digitais","Baixar o Lingueez — Windows, Linux, Android, navegador e leitor de e-books","Descarcă Lingueez — Windows, Linux, Android, browser și e-reader","Скачать Lingueez — Windows, Linux, Android, браузер и электронная книга","Stiahnuť Lingueez — Windows, Linux, Android, prehliadač a čítačka","Преузмите Lingueez — Windows, Linux, Android, прегледач и е-читач","Ladda ner Lingueez — Windows, Linux, Android, webbläsare och e-läsare","ดาวน์โหลด Lingueez — Windows, Linux, Android, เบราว์เซอร์ และเครื่องอ่านอีบุ๊ก","Lingueez’i indirin — Windows, Linux, Android, tarayıcı ve e-okuyucu","Завантажити Lingueez — Windows, Linux, Android, браузер і е-читач","Tải Lingueez — Windows, Linux, Android, trình duyệt và máy đọc sách",下载 Lingueez — Windows、Linux、Android、浏览器和电子书阅读器
"Get Lingueez free from the Microsoft Store, Google Play, or as a Windows installer, Linux AppImage or Flatpak. Or read and save words on your KOReader e-reader.",docs/download.html,"Вземете Lingueez безплатно от Microsoft Store, Google Play или като инсталатор за Windows, AppImage за Linux или Flatpak. Или четете и запазвайте думи на електронния си четец с KOReader.","Získejte Lingueez zdarma z Microsoft Storu, Google Play, nebo jako instalátor pro Windows, AppImage pro Linux či Flatpak. Anebo čtěte a ukládejte slova ve čtečce s KOReaderem.","Hent Lingueez gratis i Microsoft Store, på Google Play eller som Windows-installationsprogram, Linux-AppImage eller Flatpak. Eller læs og gem ord på din e-bogslæser med KOReader.","Holen Sie sich Lingueez kostenlos im Microsoft Store, bei Google Play oder als Windows-Installer, Linux-AppImage oder Flatpak. Oder lesen und speichern Sie Wörter direkt auf Ihrem KOReader-E-Reader.","Αποκτήστε το Lingueez δωρεάν από το Microsoft Store, το Google Play ή ως πρόγραμμα εγκατάστασης για Windows, AppImage για Linux ή Flatpak. Ή διαβάστε και αποθηκεύστε λέξεις στον e-reader σας με KOReader.","Consigue Lingueez gratis en Microsoft Store, Google Play, o como instalador de Windows, AppImage de Linux o Flatpak. O lee y guarda palabras en tu e-reader con KOReader.","Hanki Lingueez ilmaiseksi Microsoft Storesta, Google Playstä tai Windows-asennusohjelmana, Linux-AppImagena tai Flatpakina. Tai lue ja tallenna sanoja KOReader-lukulaitteellasi.","Obtenez Lingueez gratuitement sur le Microsoft Store, Google Play, ou sous forme d’installeur Windows, d’AppImage Linux ou de Flatpak. Ou lisez et enregistrez des mots sur votre liseuse KOReader.","Lingueez को Microsoft Store, Google Play से या Windows इंस्टॉलर, Linux AppImage या Flatpak के रूप में मुफ़्त पाएँ। या अपने KOReader ई-रीडर पर पढ़ें और शब्द सहेजें।","Nabavite Lingueez besplatno u Microsoft Storeu, na Google Playu ili kao instalacijski program za Windows, AppImage za Linux ili Flatpak. Ili čitajte i spremajte riječi na e-čitaču s KOReaderom.","Szerezd be a Lingueezt ingyen a Microsoft Store-ból, a Google Playről, vagy Windows-telepítőként, Linux AppImage-ként, illetve Flatpakként. Vagy olvass és ments szavakat a KOReaderes e-könyv-olvasódon.","Dapatkan Lingueez gratis di Microsoft Store, Google Play, atau sebagai penginstal Windows, AppImage Linux, maupun Flatpak. Atau baca dan simpan kata langsung di e-reader KOReader Anda.","Scarica Lingueez gratis da Microsoft Store, Google Play, oppure come installer per Windows, AppImage per Linux o Flatpak. O leggi e salva parole sul tuo e-reader con KOReader.",Lingueez は Microsoft Store、Google Play のほか、Windows インストーラー、Linux の AppImage、Flatpak として無料で入手できます。KOReader 搭載の電子書籍リーダーで読みながら単語を保存することもできます。,"Microsoft Store, Google Play에서, 또는 Windows 설치 프로그램, Linux AppImage, Flatpak으로 Lingueez를 무료로 받으세요. KOReader 전자책 리더에서 읽으면서 단어를 저장할 수도 있습니다.","Dapatkan Lingueez secara percuma daripada Microsoft Store, Google Play, atau sebagai pemasang Windows, AppImage Linux mahupun Flatpak. Atau baca dan simpan perkataan pada pembaca e-buku KOReader anda.","Få Lingueez gratis i Microsoft Store, på Google Play eller som Windows-installasjonsprogram, Linux-AppImage eller Flatpak. Eller les og lagre ord på e-bokleseren din med KOReader.","Haal Lingueez gratis in de Microsoft Store, op Google Play, of als Windows-installer, Linux-AppImage of Flatpak. Of lees en bewaar woorden op je KOReader-e-reader.","Pobierz Lingueez za darmo z Microsoft Store, Google Play albo jako instalator Windows, AppImage dla Linuksa lub Flatpak. Możesz też czytać i zapisywać słowa na e-czytniku z KOReaderem.","Obtenha o Lingueez gratuitamente na Microsoft Store, no Google Play, ou como instalador para Windows, AppImage para Linux ou Flatpak. Ou leia e guarde palavras no seu leitor com KOReader.","Baixe o Lingueez de graça na Microsoft Store, no Google Play, ou como instalador para Windows, AppImage para Linux ou Flatpak. Ou leia e salve palavras no seu leitor de e-books com KOReader.","Ia Lingueez gratuit din Microsoft Store, Google Play sau ca program de instalare pentru Windows, AppImage pentru Linux ori Flatpak. Sau citește și salvează cuvinte pe e-readerul tău cu KOReader.","Получите Lingueez бесплатно в Microsoft Store, Google Play или в виде установщика для Windows, AppImage для Linux либо Flatpak. Или читайте и сохраняйте слова прямо на электронной книге с KOReader.","Získajte Lingueez zadarmo z Microsoft Storu, Google Play, alebo ako inštalátor pre Windows, AppImage pre Linux či Flatpak. Alebo čítajte a ukladajte slová v čítačke s KOReaderom.","Набавите Lingueez бесплатно у Microsoft Store-у, на Google Play-у или као инсталациони програм за Windows, AppImage за Linux или Flatpak. Или читајте и чувајте речи на е-читачу са KOReader-ом.","Hämta Lingueez gratis från Microsoft Store, Google Play, eller som Windows-installerare, Linux-AppImage eller Flatpak. Eller läs och spara ord direkt på din e-läsare med KOReader.","รับ Lingueez ฟรีจาก Microsoft Store, Google Play หรือในรูปตัวติดตั้ง Windows, AppImage สำหรับ Linux และ Flatpak หรือจะอ่านและบันทึกคำบนเครื่องอ่านอีบุ๊กที่ใช้ KOReader ก็ได้","Lingueez’i Microsoft Store’dan, Google Play’den ya da Windows yükleyicisi, Linux AppImage veya Flatpak olarak ücretsiz edinin. Veya KOReader’lı e-okuyucunuzda okuyup kelime kaydedin.","Отримайте Lingueez безкоштовно в Microsoft Store, Google Play або як інсталятор для Windows, AppImage для Linux чи Flatpak. Або читайте й зберігайте слова просто на е-читачі з KOReader.","Tải Lingueez miễn phí từ Microsoft Store, Google Play, hoặc dưới dạng trình cài đặt Windows, AppImage cho Linux hay Flatpak. Hoặc đọc và lưu từ ngay trên máy đọc sách chạy KOReader.",可从 Microsoft Store、Google Play 免费获取 Lingueez，也可下载 Windows 安装程序、Linux AppImage 或 Flatpak。还能在装有 KOReader 的电子书阅读器上边读边存词。
Lingueez for Android — your vocabulary in your pocket,docs/mobile.html,Lingueez за Android — речникът ви в джоба,Lingueez pro Android — slovní zásoba v kapse,Lingueez til Android — dit ordforråd i lommen,Lingueez für Android — Ihr Vokabular in der Hosentasche,Lingueez για Android — το λεξιλόγιό σας στην τσέπη σας,Lingueez para Android — tu vocabulario en el bolsillo,Lingueez Androidille — sanastosi taskussa,Lingueez pour Android — votre vocabulaire dans votre poche,Android के लिए Lingueez — आपकी शब्दावली आपकी जेब में,Lingueez za Android — vaš vokabular u džepu,Lingueez Androidra — a szókincsed a zsebedben,Lingueez untuk Android — kosakata Anda dalam saku,Lingueez per Android — il tuo vocabolario in tasca,Android 版 Lingueez — 語彙をポケットに,Android용 Lingueez — 주머니 속 나의 어휘,Lingueez untuk Android — kosa kata anda dalam poket,Lingueez for Android — ordforrådet ditt i lomma,Lingueez voor Android — je woordenschat op zak,Lingueez na Androida — Twoje słownictwo w kieszeni,Lingueez para Android — o seu vocabulário no bolso,Lingueez para Android — seu vocabulário no bolso,Lingueez pentru Android — vocabularul tău în buzunar,Lingueez для Android — ваш словарный запас в кармане,Lingueez pre Android — slovná zásoba vo vrecku,Lingueez за Android — ваш речник у џепу,Lingueez för Android — ditt ordförråd i fickan,Lingueez สำหรับ Android — คลังคำศัพท์ในกระเป๋าคุณ,Android için Lingueez — kelimeleriniz cebinizde,Lingueez для Android — ваш словниковий запас у кишені,Lingueez cho Android — vốn từ vựng trong túi bạn,Android 版 Lingueez — 把词汇装进口袋
"The Lingueez Android app puts your vocabulary on your phone — spaced-repetition flashcards, quizzes, and hands-free listening that runs on the device. Works offline, and syncs with your other devices through your Lingueez account.",docs/mobile.html,"Приложението Lingueez за Android слага речника ви в телефона — флаш карти с интервално повторение, тестове и слушане в движение, всичко на самото устройство. Работи офлайн и се синхронизира с другите ви устройства през акаунта ви в Lingueez.","Aplikace Lingueez pro Android vám dá slovní zásobu do telefonu — kartičky s opakováním s odstupem, kvízy a poslech za chůze, to vše přímo v zařízení. Funguje offline a přes váš účet Lingueez se synchronizuje s ostatními zařízeními.","Lingueez-appen til Android lægger dit ordforråd i telefonen — flashcards med intervalgentagelse, quizzer og oplæsning undervejs, det hele på selve enheden. Virker offline og synkroniserer med dine andre enheder via din Lingueez-konto.","Die Lingueez-App für Android bringt Ihr Vokabular aufs Handy — Karteikarten mit Spaced Repetition, Quiz und freihändiges Hören, direkt auf dem Gerät. Funktioniert offline und gleicht sich über Ihr Lingueez-Konto mit Ihren anderen Geräten ab.","Η εφαρμογή Lingueez για Android φέρνει το λεξιλόγιό σας στο κινητό — κάρτες flashcard με επανάληψη σε διαστήματα, κουίζ και ακρόαση χωρίς χέρια, όλα πάνω στη συσκευή. Λειτουργεί εκτός σύνδεσης και συγχρονίζεται με τις άλλες συσκευές σας μέσω του λογαριασμού σας Lingueez.","La app de Lingueez para Android lleva tu vocabulario al móvil: tarjetas con repetición espaciada, cuestionarios y escucha con las manos libres, todo en el dispositivo. Funciona sin conexión y se sincroniza con tus otros dispositivos a través de tu cuenta de Lingueez.","Lingueezin Android-sovellus vie sanastosi puhelimeen — välistetyllä kertauksella toimivat muistikortit, tietovisat ja kuuntelu liikkeellä, kaikki itse laitteella. Toimii verkotta ja synkronoituu muille laitteillesi Lingueez-tilisi kautta.","L’application Lingueez pour Android met votre vocabulaire dans votre téléphone : cartes mémoire à répétition espacée, quiz et écoute mains libres, directement sur l’appareil. Fonctionne hors ligne et se synchronise avec vos autres appareils via votre compte Lingueez.","Lingueez का एंड्रॉइड ऐप आपकी शब्दावली को आपके फ़ोन पर ले आता है — अंतराल दोहराव वाले फ़्लैशकार्ड, क्विज़ और बिना हाथ लगाए सुनने की सुविधा, सब कुछ डिवाइस पर। ऑफ़लाइन काम करता है और आपके Lingueez खाते के ज़रिए आपके अन्य डिवाइस से सिंक रहता है।","Aplikacija Lingueez za Android stavlja vaš vokabular u mobitel — flash kartice s razmaknutim ponavljanjem, kvizovi i slušanje u hodu, sve na samom uređaju. Radi izvan mreže i preko vašeg Lingueez računa sinkronizira se s ostalim uređajima.","A Lingueez Android-alkalmazása a telefonodra teszi a szókincsed — szakaszos ismétléses tanulókártyák, kvízek és útközbeni hallgatás, mind magán az eszközön. Offline is működik, és a Lingueez-fiókodon keresztül szinkronizálódik a többi eszközöddel.","Aplikasi Lingueez untuk Android membawa kosakata Anda ke ponsel — kartu kilat dengan pengulangan berkala, kuis, dan mendengarkan tanpa menyentuh layar, semuanya di perangkat. Bekerja offline dan tersinkronisasi dengan perangkat Anda yang lain melalui akun Lingueez Anda.","L’app Lingueez per Android porta il tuo vocabolario sul telefono: flashcard a ripetizione dilazionata, quiz e ascolto a mani libere, tutto sul dispositivo. Funziona offline e si sincronizza con gli altri tuoi dispositivi tramite il tuo account Lingueez.",Android 版 Lingueez アプリなら、語彙をいつでもスマホに。分散学習の単語カード、クイズ、ハンズフリーの読み上げがすべて端末上で動きます。オフラインでも使え、Lingueez アカウントを通じて他のデバイスと同期します。,"Lingueez Android 앱은 어휘를 휴대폰으로 옮겨 줍니다. 간격 반복 플래시카드, 퀴즈, 손을 쓰지 않는 듣기까지 모두 기기에서 실행됩니다. 오프라인에서도 작동하며 Lingueez 계정을 통해 다른 기기와 동기화됩니다.","Aplikasi Lingueez untuk Android meletakkan kosa kata anda ke dalam telefon — kad imbas berulangan berjarak, kuiz dan pendengaran tanpa tangan, semuanya berjalan pada peranti itu sendiri. Berfungsi di luar talian dan disegerakkan dengan peranti anda yang lain melalui akaun Lingueez anda.","Lingueez-appen for Android legger ordforrådet ditt i telefonen — flash-kort med intervallrepetisjon, quizer og opplesing underveis, alt sammen på selve enheten. Virker uten nett og synkroniserer med de andre enhetene dine via Lingueez-kontoen din.","De Lingueez-app voor Android zet je woordenschat op je telefoon: flitskaarten met gespreide herhaling, quizzen en handsfree luisteren, allemaal op het toestel zelf. Werkt offline en synchroniseert via je Lingueez-account met je andere apparaten.","Aplikacja Lingueez na Androida przenosi Twoje słownictwo do telefonu — fiszki z powtórkami odstępowymi, quizy i słuchanie bez użycia rąk, wszystko na urządzeniu. Działa offline i synchronizuje się z innymi urządzeniami przez Twoje konto Lingueez.","A aplicação Lingueez para Android põe-lhe o vocabulário no telemóvel — cartões de memória com repetição espaçada, questionários e audição em movimento, tudo no próprio dispositivo. Funciona offline e sincroniza com os seus outros dispositivos através da sua conta do Lingueez.","O app do Lingueez para Android coloca seu vocabulário no celular — flashcards com repetição espaçada, quizzes e escuta sem usar as mãos, tudo rodando no próprio aparelho. Funciona offline e sincroniza com seus outros dispositivos pela sua conta do Lingueez.","Aplicația Lingueez pentru Android îți pune vocabularul în telefon — cartonașe cu repetiție la intervale, teste și ascultare din mers, toate direct pe dispozitiv. Merge offline și se sincronizează cu celelalte dispozitive prin contul tău Lingueez.","Приложение Lingueez для Android переносит ваш словарный запас в телефон: карточки с интервальными повторениями, тесты и прослушивание без рук — всё прямо на устройстве. Работает офлайн и синхронизируется с другими вашими устройствами через аккаунт Lingueez.","Aplikácia Lingueez pre Android vám dá slovnú zásobu do telefónu — kartičky s opakovaním s odstupom, kvízy a počúvanie počas chôdze, to všetko priamo v zariadení. Funguje offline a cez váš účet Lingueez sa synchronizuje s ostatnými zariadeniami.","Апликација Lingueez за Android ставља ваш речник у телефон — флеш-картице с понављањем у размацима, квизови и слушање у ходу, све на самом уређају. Ради ван мреже и преко вашег Lingueez налога синхронизује се са осталим уређајима.","Lingueez-appen för Android lägger ditt ordförråd i mobilen — flashkort med repeterad inlärning, quiz och handsfree-uppspelning, allt direkt på enheten. Fungerar offline och synkas med dina andra enheter via ditt Lingueez-konto.",แอป Lingueez สำหรับ Android ย้ายคลังคำศัพท์ของคุณลงมือถือ — แฟลชการ์ดแบบทบทวนเว้นระยะ แบบทดสอบ และการฟังแบบไม่ต้องใช้มือ ทั้งหมดทำงานบนตัวเครื่อง ใช้งานออฟไลน์ได้ และซิงก์กับอุปกรณ์อื่นผ่านบัญชี Lingueez ของคุณ,"Lingueez’in Android uygulaması kelimelerinizi telefonunuza taşır: aralıklı tekrarlı bilgi kartları, testler ve eller serbest dinleme, hepsi cihaz üzerinde. Çevrimdışı çalışır ve Lingueez hesabınız üzerinden diğer cihazlarınızla eşitlenir.","Застосунок Lingueez для Android переносить ваш словниковий запас у телефон: флешкартки з інтервальними повтореннями, тести й прослуховування на ходу — усе просто на пристрої. Працює офлайн і синхронізується з іншими вашими пристроями через акаунт Lingueez.","Ứng dụng Lingueez cho Android đưa vốn từ vựng vào điện thoại của bạn — thẻ ghi nhớ lặp lại ngắt quãng, câu đố và nghe rảnh tay, tất cả chạy ngay trên máy. Hoạt động ngoại tuyến và đồng bộ với các thiết bị khác của bạn qua tài khoản Lingueez.",Lingueez 安卓应用把词汇装进你的手机——间隔复习记忆卡片、测验和免提朗读，全都在设备上运行。可离线使用，并通过你的 Lingueez 账号与其他设备同步。
Lingueez for KOReader — save words from your e-reader,docs/koreader.html,Lingueez за KOReader — запазвайте думи от електронния си четец,Lingueez pro KOReader — ukládejte slova ze čtečky,Lingueez til KOReader — gem ord fra din e-bogslæser,Lingueez für KOReader — Wörter direkt vom E-Reader speichern,Lingueez για KOReader — αποθηκεύστε λέξεις από τον e-reader σας,Lingueez para KOReader — guarda palabras desde tu e-reader,Lingueez KOReaderille — tallenna sanoja lukulaitteeltasi,Lingueez pour KOReader — enregistrez des mots depuis votre liseuse,KOReader के लिए Lingueez — अपने ई-रीडर से शब्द सहेजें,Lingueez za KOReader — spremajte riječi s e-čitača,Lingueez KOReaderhez — ments szavakat az e-könyv-olvasódról,Lingueez untuk KOReader — simpan kata dari e-reader Anda,Lingueez per KOReader — salva parole dal tuo e-reader,KOReader 版 Lingueez — 電子書籍リーダーから単語を保存,KOReader용 Lingueez — 전자책 리더에서 바로 단어 저장,Lingueez untuk KOReader — simpan perkataan daripada pembaca e-buku anda,Lingueez for KOReader — lagre ord fra e-bokleseren,Lingueez voor KOReader — woorden opslaan vanaf je e-reader,Lingueez dla KOReadera — zapisuj słowa prosto z e-czytnika,Lingueez para KOReader — guarde palavras a partir do seu leitor,Lingueez para KOReader — salve palavras do seu leitor de e-books,Lingueez pentru KOReader — salvează cuvinte de pe e-reader,Lingueez для KOReader — сохраняйте слова с электронной книги,Lingueez pre KOReader — ukladajte slová z čítačky,Lingueez за KOReader — чувајте речи са е-читача,Lingueez för KOReader — spara ord från din e-läsare,Lingueez สำหรับ KOReader — บันทึกคำจากเครื่องอ่านอีบุ๊กของคุณ,KOReader için Lingueez — e-okuyucunuzdan kelime kaydedin,Lingueez для KOReader — зберігайте слова просто з е-читача,Lingueez cho KOReader — lưu từ ngay từ máy đọc sách,KOReader 版 Lingueez — 从电子书阅读器直接存词
"A free, open-source KOReader plugin that saves words straight from your books into your Lingueez vocabulary — translated, language-detected, and synced across your devices.",docs/koreader.html,"Безплатна приставка за KOReader с отворен код, която запазва думи направо от книгите ви в речника ви в Lingueez — преведени, с разпознат език и синхронизирани на всичките ви устройства.","Bezplatný modul pro KOReader s otevřeným kódem, který ukládá slova rovnou z vašich knih do slovní zásoby v Lingueezu — přeložená, s rozpoznaným jazykem a synchronizovaná napříč vašimi zařízeními.","En gratis KOReader-udvidelse med åben kildekode, der gemmer ord direkte fra dine bøger i dit Lingueez-ordforråd — oversat, med sproget genkendt og synkroniseret på tværs af dine enheder.","Ein kostenloses Open-Source-Plugin für KOReader, das Wörter direkt aus Ihren Büchern in Ihr Lingueez-Vokabular speichert — übersetzt, mit erkannter Sprache und synchron auf allen Ihren Geräten.","Ένα δωρεάν πρόσθετο ανοιχτού κώδικα για το KOReader, που αποθηκεύει λέξεις κατευθείαν από τα βιβλία σας στο λεξιλόγιό σας στο Lingueez — μεταφρασμένες, με αναγνώριση γλώσσας και συγχρονισμένες σε όλες τις συσκευές σας.","Un plugin gratuito y de código abierto para KOReader que guarda palabras directamente desde tus libros en tu vocabulario de Lingueez: traducidas, con el idioma detectado y sincronizadas en todos tus dispositivos.","Ilmainen, avoimen lähdekoodin KOReader-lisäosa, joka tallentaa sanat suoraan kirjoistasi Lingueez-sanastoosi — käännettyinä, kieli tunnistettuna ja kaikkien laitteidesi välillä synkronoituina.","Une extension gratuite et open source pour KOReader qui enregistre les mots directement depuis vos livres dans votre vocabulaire Lingueez : traduits, avec la langue détectée et synchronisés sur tous vos appareils.","KOReader के लिए एक मुफ़्त, ओपन-सोर्स प्लगइन जो आपकी किताबों से सीधे शब्दों को आपकी Lingueez शब्दावली में सहेजता है — अनुवाद के साथ, भाषा की पहचान करके, और आपके सभी डिवाइस पर सिंक करके।","Besplatan dodatak za KOReader otvorenog koda koji sprema riječi ravno iz vaših knjiga u vaš Lingueez vokabular — prevedene, s prepoznatim jezikom i sinkronizirane na svim vašim uređajima.","Ingyenes, nyílt forráskódú KOReader-bővítmény, amely a könyveidből egyenesen a Lingueez-szókincsedbe menti a szavakat — lefordítva, felismert nyelvvel és minden eszközöd között szinkronizálva.","Plugin KOReader gratis dan sumber terbuka yang menyimpan kata langsung dari buku Anda ke kosakata Lingueez — diterjemahkan, bahasanya dikenali, dan tersinkronisasi di semua perangkat Anda.","Un plugin gratuito e open source per KOReader che salva le parole direttamente dai tuoi libri nel tuo vocabolario Lingueez: tradotte, con la lingua riconosciuta e sincronizzate su tutti i tuoi dispositivi.",KOReader 用の無料オープンソースプラグイン。読んでいる本から直接、単語を Lingueez の語彙に保存します。翻訳と言語判定はおまかせ、お使いのすべてのデバイスと同期します。,"책에서 바로 단어를 Lingueez 어휘로 저장해 주는 무료 오픈 소스 KOReader 플러그인입니다. 번역과 언어 감지가 함께 이루어지고, 사용하는 모든 기기와 동기화됩니다.","Pemalam KOReader percuma bersumber terbuka yang menyimpan perkataan terus daripada buku anda ke dalam kosa kata Lingueez — diterjemah, bahasanya dikenal pasti, dan disegerakkan merentas peranti anda.","Et gratis KOReader-tillegg med åpen kildekode som lagrer ord rett fra bøkene dine i Lingueez-ordforrådet ditt — oversatt, med språket gjenkjent og synkronisert på tvers av enhetene dine.","Een gratis, opensource KOReader-plug-in die woorden rechtstreeks uit je boeken opslaat in je Lingueez-woordenschat — vertaald, met herkende taal en gesynchroniseerd op al je apparaten.","Bezpłatna wtyczka do KOReadera o otwartym kodzie, która zapisuje słowa prosto z Twoich książek do słownictwa w Lingueez — przetłumaczone, z rozpoznanym językiem i zsynchronizowane na wszystkich Twoich urządzeniach.","Uma extensão gratuita e de código aberto para o KOReader que guarda palavras diretamente dos seus livros no seu vocabulário do Lingueez — traduzidas, com a língua detetada e sincronizadas entre os seus dispositivos.","Uma extensão grátis e de código aberto para o KOReader que salva palavras direto dos seus livros no seu vocabulário do Lingueez — traduzidas, com o idioma detectado e sincronizadas entre os seus dispositivos.","O extensie KOReader gratuită, cu sursă deschisă, care salvează cuvintele direct din cărțile tale în vocabularul Lingueez — traduse, cu limba recunoscută și sincronizate pe toate dispozitivele tale.","Бесплатный плагин с открытым исходным кодом для KOReader: сохраняет слова прямо из книг в ваш словарь Lingueez — с переводом, определением языка и синхронизацией на всех ваших устройствах.","Bezplatný doplnok pre KOReader s otvoreným kódom, ktorý ukladá slová rovno z vašich kníh do slovnej zásoby v Lingueeze — preložené, s rozpoznaným jazykom a synchronizované naprieč vašimi zariadeniami.","Бесплатан додатак за KOReader отвореног кода који чува речи право из ваших књига у ваш Lingueez речник — преведене, с препознатим језиком и синхронизоване на свим вашим уређајима.","Ett gratis insticksprogram med öppen källkod för KOReader som sparar ord direkt från dina böcker till ditt ordförråd i Lingueez — översatta, med igenkänt språk och synkade på alla dina enheter.",ปลั๊กอิน KOReader ฟรีและโอเพนซอร์สที่บันทึกคำจากหนังสือของคุณเข้าคลังคำศัพท์ Lingueez โดยตรง — แปลให้ ตรวจจับภาษาให้ และซิงก์ข้ามอุปกรณ์ของคุณ,"KOReader için ücretsiz, açık kaynaklı bir eklenti: kelimeleri kitaplarınızdan doğrudan Lingueez kelime dağarcığınıza kaydeder — çevrilmiş, dili algılanmış ve tüm cihazlarınızla eşitlenmiş olarak.","Безкоштовний плагін із відкритим кодом для KOReader, який зберігає слова просто з ваших книжок до вашого словника Lingueez — з перекладом, визначенням мови та синхронізацією на всіх ваших пристроях.","Một plugin KOReader miễn phí, mã nguồn mở giúp lưu từ thẳng từ sách vào vốn từ vựng Lingueez của bạn — đã dịch, đã nhận diện ngôn ngữ và đồng bộ trên mọi thiết bị của bạn.",一个免费开源的 KOReader 插件，把单词直接从你正在读的书里存进 Lingueez 词汇库——自动翻译、自动识别语种，并在你的所有设备间同步。
